ticker,fecha,hora_et,direccion,estrategia
QQQ,2020-04-24,11:30,PUT,TR-UD-15m intradia
QQQ,2020-12-11,11:00,PUT,TR-UD-15m intradia
QQQ,2021-02-19,10:30,PUT,TR-UD-15m intradia
QQQ,2021-05-05,12:30,PUT,TR-UD-15m intradia
QQQ,2021-06-01,15:30,PUT,TR-UD-15m intradia
QQQ,2021-06-02,12:30,PUT,TR-UD-15m intradia
QQQ,2021-07-12,12:15,CALL,TR-UD-15m intradia
QQQ,2021-08-20,09:45,CALL,TR-UD-15m intradia
QQQ,2021-08-27,13:15,CALL,TR-UD-15m intradia
QQQ,2021-09-03,15:15,CALL,TR-UD-15m intradia
QQQ,2021-09-27,13:00,PUT,TR-UD-15m intradia
QQQ,2021-10-11,13:00,PUT,TR-UD-15m intradia
QQQ,2021-10-11,15:30,PUT,TR-UD-15m intradia
QQQ,2021-11-29,15:15,CALL,TR-UD-15m intradia
QQQ,2021-12-08,12:45,CALL,TR-UD-15m intradia
QQQ,2021-12-10,13:45,PUT,TR-UD-15m intradia
QQQ,2021-12-13,10:30,PUT,TR-UD-15m intradia
QQQ,2021-12-17,15:00,PUT,TR-UD-15m intradia
QQQ,2022-03-02,09:45,PUT,TR-UD-15m intradia
QQQ,2022-03-02,13:15,CALL,TR-UD-15m intradia
QQQ,2022-04-20,11:30,PUT,TR-UD-15m intradia
QQQ,2022-06-07,10:45,CALL,TR-UD-15m intradia
QQQ,2022-06-07,13:30,PUT,TR-UD-15m intradia
QQQ,2022-06-07,15:45,CALL,TR-UD-15m intradia
QQQ,2022-06-17,11:30,CALL,TR-UD-15m intradia
QQQ,2022-06-23,10:45,CALL,TR-UD-15m intradia
QQQ,2022-06-23,13:00,PUT,TR-UD-15m intradia
QQQ,2022-07-05,09:45,PUT,TR-UD-15m intradia
QQQ,2022-07-12,14:30,PUT,TR-UD-15m intradia
QQQ,2022-07-13,15:30,PUT,TR-UD-15m intradia
QQQ,2022-08-02,09:45,PUT,TR-UD-15m intradia
QQQ,2022-08-03,09:45,CALL,TR-UD-15m intradia
QQQ,2022-08-04,15:00,CALL,TR-UD-15m intradia
QQQ,2022-08-08,14:15,PUT,TR-UD-15m intradia
QQQ,2022-08-16,09:45,PUT,TR-UD-15m intradia
QQQ,2022-08-16,13:45,CALL,TR-UD-15m intradia
QQQ,2022-08-18,15:15,CALL,TR-UD-15m intradia
QQQ,2022-08-23,10:15,CALL,TR-UD-15m intradia
QQQ,2022-08-31,13:30,PUT,TR-UD-15m intradia
QQQ,2022-09-02,15:45,PUT,TR-UD-15m intradia
QQQ,2022-09-07,09:45,CALL,TR-UD-15m intradia
QQQ,2022-09-07,12:00,CALL,TR-UD-15m intradia
QQQ,2022-09-14,15:30,PUT,TR-UD-15m intradia
QQQ,2022-09-15,10:00,CALL,TR-UD-15m intradia
QQQ,2022-09-19,14:45,CALL,TR-UD-15m intradia
QQQ,2022-09-20,09:45,PUT,TR-UD-15m intradia
QQQ,2022-09-20,13:30,PUT,TR-UD-15m intradia
QQQ,2022-09-21,14:45,CALL,TR-UD-15m intradia
QQQ,2022-09-27,12:15,PUT,TR-UD-15m intradia
QQQ,2022-09-30,13:00,PUT,TR-UD-15m intradia
QQQ,2022-10-03,13:00,CALL,TR-UD-15m intradia
QQQ,2022-10-05,14:45,CALL,TR-UD-15m intradia
QQQ,2022-10-11,12:45,CALL,TR-UD-15m intradia
QQQ,2022-10-13,11:30,CALL,TR-UD-15m intradia
QQQ,2022-10-18,15:45,CALL,TR-UD-15m intradia
QQQ,2022-10-20,13:15,PUT,TR-UD-15m intradia
QQQ,2022-10-21,12:45,CALL,TR-UD-15m intradia
QQQ,2022-10-31,13:30,CALL,TR-UD-15m intradia
QQQ,2022-11-01,10:15,PUT,TR-UD-15m intradia
QQQ,2022-11-04,12:00,PUT,TR-UD-15m intradia
QQQ,2022-11-16,10:00,PUT,TR-UD-15m intradia
QQQ,2022-11-18,09:45,CALL,TR-UD-15m intradia
QQQ,2022-11-18,12:30,PUT,TR-UD-15m intradia
QQQ,2022-11-21,09:45,PUT,TR-UD-15m intradia
QQQ,2022-11-22,12:15,CALL,TR-UD-15m intradia
QQQ,2022-11-25,09:45,PUT,TR-UD-15m intradia
QQQ,2022-11-28,09:45,PUT,TR-UD-15m intradia
QQQ,2022-11-30,11:45,CALL,TR-UD-15m intradia
QQQ,2022-12-05,10:00,PUT,TR-UD-15m intradia
QQQ,2022-12-05,12:00,PUT,TR-UD-15m intradia
QQQ,2022-12-07,15:15,PUT,TR-UD-15m intradia
QQQ,2022-12-20,14:45,PUT,TR-UD-15m intradia
QQQ,2022-12-23,10:30,CALL,TR-UD-15m intradia
QQQ,2023-01-03,11:45,PUT,TR-UD-15m intradia
QQQ,2023-01-04,10:15,PUT,TR-UD-15m intradia
QQQ,2023-01-06,10:15,CALL,TR-UD-15m intradia
QQQ,2023-01-10,10:45,PUT,TR-UD-15m intradia
QQQ,2023-01-12,09:45,PUT,TR-UD-15m intradia
QQQ,2023-01-13,13:00,CALL,TR-UD-15m intradia
QQQ,2023-01-18,11:30,PUT,TR-UD-15m intradia
QQQ,2023-01-20,09:45,CALL,TR-UD-15m intradia
QQQ,2023-01-24,12:15,CALL,TR-UD-15m intradia
QQQ,2023-01-24,14:30,CALL,TR-UD-15m intradia
QQQ,2023-01-31,14:00,CALL,TR-UD-15m intradia
QQQ,2023-02-01,13:30,CALL,TR-UD-15m intradia
QQQ,2023-02-03,15:00,PUT,TR-UD-15m intradia
QQQ,2023-02-07,11:15,CALL,TR-UD-15m intradia
QQQ,2023-02-14,14:45,CALL,TR-UD-15m intradia
QQQ,2023-02-16,12:15,CALL,TR-UD-15m intradia
QQQ,2023-02-23,11:45,PUT,TR-UD-15m intradia
QQQ,2023-03-08,13:00,PUT,TR-UD-15m intradia
QQQ,2023-03-09,13:30,PUT,TR-UD-15m intradia
QQQ,2023-03-15,10:45,PUT,TR-UD-15m intradia
QQQ,2023-03-17,14:00,CALL,TR-UD-15m intradia
QQQ,2023-04-03,11:45,PUT,TR-UD-15m intradia
QQQ,2023-04-03,12:15,CALL,TR-UD-15m intradia
QQQ,2023-04-04,12:15,PUT,TR-UD-15m intradia
QQQ,2023-04-04,15:00,PUT,TR-UD-15m intradia
QQQ,2023-04-06,13:15,CALL,TR-UD-15m intradia
QQQ,2023-04-11,13:30,CALL,TR-UD-15m intradia
QQQ,2023-04-13,09:45,CALL,TR-UD-15m intradia
QQQ,2023-04-17,10:45,PUT,TR-UD-15m intradia
QQQ,2023-04-18,15:15,CALL,TR-UD-15m intradia
QQQ,2023-04-19,15:45,PUT,TR-UD-15m intradia
QQQ,2023-04-20,13:15,CALL,TR-UD-15m intradia
QQQ,2023-04-25,09:45,PUT,TR-UD-15m intradia
QQQ,2023-04-26,11:45,CALL,TR-UD-15m intradia
QQQ,2023-05-02,09:45,PUT,TR-UD-15m intradia
QQQ,2023-05-03,09:45,CALL,TR-UD-15m intradia
QQQ,2023-05-03,11:30,PUT,TR-UD-15m intradia
QQQ,2023-05-03,13:00,CALL,TR-UD-15m intradia
QQQ,2023-05-09,15:00,PUT,TR-UD-15m intradia
QQQ,2023-05-15,11:30,CALL,TR-UD-15m intradia
QQQ,2023-05-17,11:30,CALL,TR-UD-15m intradia
QQQ,2023-05-19,15:15,CALL,TR-UD-15m intradia
QQQ,2023-05-22,13:30,CALL,TR-UD-15m intradia
QQQ,2023-05-23,12:30,PUT,TR-UD-15m intradia
QQQ,2023-06-01,10:45,CALL,TR-UD-15m intradia
QQQ,2023-06-06,12:45,PUT,TR-UD-15m intradia
QQQ,2023-06-07,10:30,PUT,TR-UD-15m intradia
QQQ,2023-06-12,10:45,CALL,TR-UD-15m intradia
QQQ,2023-06-21,09:45,PUT,TR-UD-15m intradia
QQQ,2023-06-22,10:15,CALL,TR-UD-15m intradia
QQQ,2023-06-22,12:30,CALL,TR-UD-15m intradia
QQQ,2023-06-23,15:00,PUT,TR-UD-15m intradia
QQQ,2023-06-26,10:00,CALL,TR-UD-15m intradia
QQQ,2023-06-26,11:15,PUT,TR-UD-15m intradia
QQQ,2023-06-29,10:15,PUT,TR-UD-15m intradia
QQQ,2023-06-29,11:30,CALL,TR-UD-15m intradia
QQQ,2023-07-05,14:45,CALL,TR-UD-15m intradia
QQQ,2023-07-07,11:45,CALL,TR-UD-15m intradia
QQQ,2023-07-17,11:15,CALL,TR-UD-15m intradia
QQQ,2023-07-17,13:45,CALL,TR-UD-15m intradia
QQQ,2023-07-24,14:45,PUT,TR-UD-15m intradia
QQQ,2023-07-28,10:00,CALL,TR-UD-15m intradia
QQQ,2023-07-31,12:30,CALL,TR-UD-15m intradia
QQQ,2023-07-31,15:00,CALL,TR-UD-15m intradia
QQQ,2023-08-01,15:45,PUT,TR-UD-15m intradia
QQQ,2023-08-04,09:45,CALL,TR-UD-15m intradia
QQQ,2023-08-07,15:15,PUT,TR-UD-15m intradia
QQQ,2023-08-10,13:45,PUT,TR-UD-15m intradia
QQQ,2023-08-15,14:45,CALL,TR-UD-15m intradia
QQQ,2023-08-15,15:15,PUT,TR-UD-15m intradia
QQQ,2023-08-31,13:30,CALL,TR-UD-15m intradia
QQQ,2023-09-01,12:45,PUT,TR-UD-15m intradia
QQQ,2023-09-05,14:30,CALL,TR-UD-15m intradia
QQQ,2023-09-05,15:15,PUT,TR-UD-15m intradia
QQQ,2023-09-13,13:00,CALL,TR-UD-15m intradia
QQQ,2023-09-14,09:45,CALL,TR-UD-15m intradia
QQQ,2023-09-18,15:00,PUT,TR-UD-15m intradia
QQQ,2023-09-20,09:45,CALL,TR-UD-15m intradia
QQQ,2023-09-25,10:15,PUT,TR-UD-15m intradia
QQQ,2023-09-25,14:30,PUT,TR-UD-15m intradia
QQQ,2023-09-29,15:00,CALL,TR-UD-15m intradia
QQQ,2023-10-02,12:45,PUT,TR-UD-15m intradia
QQQ,2023-10-02,15:15,PUT,TR-UD-15m intradia
QQQ,2023-10-02,15:45,CALL,TR-UD-15m intradia
QQQ,2023-10-04,11:15,CALL,TR-UD-15m intradia
QQQ,2023-10-06,09:45,PUT,TR-UD-15m intradia
QQQ,2023-10-06,11:00,CALL,TR-UD-15m intradia
QQQ,2023-10-11,13:45,PUT,TR-UD-15m intradia
QQQ,2023-10-17,15:00,PUT,TR-UD-15m intradia
QQQ,2023-10-18,13:00,PUT,TR-UD-15m intradia
QQQ,2023-10-27,11:45,CALL,TR-UD-15m intradia
QQQ,2023-10-27,14:00,PUT,TR-UD-15m intradia
QQQ,2023-10-31,09:45,PUT,TR-UD-15m intradia
QQQ,2023-10-31,13:45,CALL,TR-UD-15m intradia
QQQ,2023-11-06,15:00,CALL,TR-UD-15m intradia
QQQ,2023-11-08,13:15,CALL,TR-UD-15m intradia
QQQ,2023-11-08,15:45,CALL,TR-UD-15m intradia
QQQ,2023-11-10,11:15,CALL,TR-UD-15m intradia
QQQ,2023-11-13,14:30,CALL,TR-UD-15m intradia
QQQ,2023-11-17,09:45,PUT,TR-UD-15m intradia
QQQ,2023-11-28,10:45,CALL,TR-UD-15m intradia
QQQ,2023-11-29,14:15,CALL,TR-UD-15m intradia
QQQ,2023-12-06,11:45,PUT,TR-UD-15m intradia
QQQ,2023-12-06,13:45,PUT,TR-UD-15m intradia
QQQ,2023-12-18,11:45,CALL,TR-UD-15m intradia
QQQ,2023-12-19,14:15,CALL,TR-UD-15m intradia
QQQ,2023-12-27,13:00,CALL,TR-UD-15m intradia
QQQ,2023-12-28,12:45,CALL,TR-UD-15m intradia
QQQ,2024-01-04,14:15,PUT,TR-UD-15m intradia
QQQ,2024-01-05,10:15,CALL,TR-UD-15m intradia
QQQ,2024-01-10,09:45,CALL,TR-UD-15m intradia
QQQ,2024-01-12,09:45,CALL,TR-UD-15m intradia
QQQ,2024-01-16,10:30,CALL,TR-UD-15m intradia
QQQ,2024-01-22,15:15,CALL,TR-UD-15m intradia
QQQ,2024-01-25,10:00,PUT,TR-UD-15m intradia
QQQ,2024-01-29,13:15,CALL,TR-UD-15m intradia
QQQ,2024-02-01,14:30,CALL,TR-UD-15m intradia
QQQ,2024-02-16,14:00,CALL,TR-UD-15m intradia
QQQ,2024-02-16,15:00,PUT,TR-UD-15m intradia
QQQ,2024-02-27,14:45,CALL,TR-UD-15m intradia
QQQ,2024-02-28,14:45,PUT,TR-UD-15m intradia
QQQ,2024-02-29,15:45,CALL,TR-UD-15m intradia
QQQ,2024-03-06,11:15,CALL,TR-UD-15m intradia
QQQ,2024-03-11,15:30,PUT,TR-UD-15m intradia
QQQ,2024-03-13,11:30,PUT,TR-UD-15m intradia
QQQ,2024-03-13,12:00,CALL,TR-UD-15m intradia
QQQ,2024-03-20,13:30,CALL,TR-UD-15m intradia
QQQ,2024-03-25,14:15,CALL,TR-UD-15m intradia
QQQ,2024-03-25,14:30,PUT,TR-UD-15m intradia
QQQ,2024-04-01,11:15,PUT,TR-UD-15m intradia
QQQ,2024-04-05,15:30,PUT,TR-UD-15m intradia
QQQ,2024-04-10,13:45,PUT,TR-UD-15m intradia
QQQ,2024-04-11,11:45,CALL,TR-UD-15m intradia
QQQ,2024-04-12,12:45,PUT,TR-UD-15m intradia
QQQ,2024-04-15,12:30,PUT,TR-UD-15m intradia
QQQ,2024-04-17,09:45,CALL,TR-UD-15m intradia
QQQ,2024-04-24,15:45,CALL,TR-UD-15m intradia
QQQ,2024-05-09,12:15,CALL,TR-UD-15m intradia
QQQ,2024-05-09,15:00,CALL,TR-UD-15m intradia
QQQ,2024-05-10,14:00,CALL,TR-UD-15m intradia
QQQ,2024-05-13,15:15,CALL,TR-UD-15m intradia
QQQ,2024-05-21,14:00,CALL,TR-UD-15m intradia
QQQ,2024-05-24,14:15,CALL,TR-UD-15m intradia
QQQ,2024-05-29,13:45,PUT,TR-UD-15m intradia
QQQ,2024-06-04,12:00,PUT,TR-UD-15m intradia
QQQ,2024-06-04,12:45,CALL,TR-UD-15m intradia
QQQ,2024-06-06,13:45,CALL,TR-UD-15m intradia
QQQ,2024-06-07,11:30,CALL,TR-UD-15m intradia
QQQ,2024-06-07,14:15,PUT,TR-UD-15m intradia
QQQ,2024-06-10,10:00,PUT,TR-UD-15m intradia
QQQ,2024-06-10,15:15,CALL,TR-UD-15m intradia
QQQ,2024-06-13,13:15,CALL,TR-UD-15m intradia
QQQ,2024-06-20,10:15,PUT,TR-UD-15m intradia
QQQ,2024-06-26,15:45,CALL,TR-UD-15m intradia
QQQ,2024-06-27,15:15,CALL,TR-UD-15m intradia
QQQ,2024-06-28,12:45,PUT,TR-UD-15m intradia
QQQ,2024-06-28,15:15,PUT,TR-UD-15m intradia
QQQ,2024-07-01,14:30,PUT,TR-UD-15m intradia
QQQ,2024-07-12,15:45,PUT,TR-UD-15m intradia
QQQ,2024-07-26,11:45,CALL,TR-UD-15m intradia
QQQ,2024-08-01,10:45,PUT,TR-UD-15m intradia
QQQ,2024-08-06,12:00,CALL,TR-UD-15m intradia
QQQ,2024-08-08,13:30,CALL,TR-UD-15m intradia
QQQ,2024-08-21,09:45,CALL,TR-UD-15m intradia
QQQ,2024-08-26,10:15,PUT,TR-UD-15m intradia
QQQ,2024-08-26,13:45,PUT,TR-UD-15m intradia
QQQ,2024-09-03,09:45,PUT,TR-UD-15m intradia
QQQ,2024-09-05,10:00,CALL,TR-UD-15m intradia
QQQ,2024-09-05,13:45,CALL,TR-UD-15m intradia
QQQ,2024-09-05,15:45,PUT,TR-UD-15m intradia
QQQ,2024-09-10,13:15,CALL,TR-UD-15m intradia
QQQ,2024-09-18,10:45,CALL,TR-UD-15m intradia
QQQ,2024-09-18,11:00,PUT,TR-UD-15m intradia
QQQ,2024-09-23,10:30,CALL,TR-UD-15m intradia
QQQ,2024-09-24,10:15,PUT,TR-UD-15m intradia
QQQ,2024-09-30,14:15,PUT,TR-UD-15m intradia
QQQ,2024-10-02,15:30,CALL,TR-UD-15m intradia
QQQ,2024-10-03,13:45,PUT,TR-UD-15m intradia
QQQ,2024-10-04,12:30,CALL,TR-UD-15m intradia
QQQ,2024-10-07,14:15,PUT,TR-UD-15m intradia
QQQ,2024-10-11,10:15,CALL,TR-UD-15m intradia
QQQ,2024-10-11,15:00,CALL,TR-UD-15m intradia
QQQ,2024-10-15,09:45,CALL,TR-UD-15m intradia
QQQ,2024-10-18,09:45,CALL,TR-UD-15m intradia
QQQ,2024-10-21,15:15,CALL,TR-UD-15m intradia
QQQ,2024-10-22,09:45,PUT,TR-UD-15m intradia
QQQ,2024-10-22,13:30,CALL,TR-UD-15m intradia
QQQ,2024-10-23,09:45,PUT,TR-UD-15m intradia
QQQ,2024-10-24,12:30,CALL,TR-UD-15m intradia
QQQ,2024-10-28,13:15,PUT,TR-UD-15m intradia
QQQ,2024-10-30,15:45,PUT,TR-UD-15m intradia
QQQ,2024-11-04,10:30,CALL,TR-UD-15m intradia
QQQ,2024-11-11,15:45,PUT,TR-UD-15m intradia
QQQ,2024-11-12,15:45,CALL,TR-UD-15m intradia
QQQ,2024-11-13,12:15,CALL,TR-UD-15m intradia
QQQ,2024-11-19,10:45,CALL,TR-UD-15m intradia
QQQ,2024-11-19,13:15,CALL,TR-UD-15m intradia
QQQ,2024-11-20,13:00,PUT,TR-UD-15m intradia
QQQ,2024-11-21,10:30,PUT,TR-UD-15m intradia
QQQ,2024-11-22,13:15,CALL,TR-UD-15m intradia
QQQ,2024-11-25,13:15,CALL,TR-UD-15m intradia
QQQ,2024-11-26,13:30,CALL,TR-UD-15m intradia
QQQ,2024-12-03,14:45,CALL,TR-UD-15m intradia
QQQ,2024-12-06,13:15,CALL,TR-UD-15m intradia
QQQ,2024-12-09,14:30,PUT,TR-UD-15m intradia
QQQ,2024-12-10,10:45,CALL,TR-UD-15m intradia
QQQ,2024-12-10,14:15,PUT,TR-UD-15m intradia
QQQ,2024-12-12,12:00,PUT,TR-UD-15m intradia
QQQ,2024-12-12,12:15,CALL,TR-UD-15m intradia
QQQ,2024-12-17,13:30,PUT,TR-UD-15m intradia
QQQ,2024-12-18,10:30,CALL,TR-UD-15m intradia
QQQ,2024-12-18,13:30,PUT,TR-UD-15m intradia
QQQ,2024-12-20,11:15,CALL,TR-UD-15m intradia
QQQ,2024-12-23,13:15,CALL,TR-UD-15m intradia
QQQ,2024-12-30,15:30,PUT,TR-UD-15m intradia
QQQ,2024-12-31,11:15,PUT,TR-UD-15m intradia
QQQ,2025-01-02,12:30,PUT,TR-UD-15m intradia
QQQ,2025-01-14,15:15,PUT,TR-UD-15m intradia
QQQ,2025-01-23,12:30,PUT,TR-UD-15m intradia
QQQ,2025-01-24,13:00,PUT,TR-UD-15m intradia
QQQ,2025-01-28,11:45,CALL,TR-UD-15m intradia
QQQ,2025-01-29,14:45,CALL,TR-UD-15m intradia
QQQ,2025-01-30,11:15,PUT,TR-UD-15m intradia
QQQ,2025-01-30,13:15,CALL,TR-UD-15m intradia
QQQ,2025-01-31,15:45,PUT,TR-UD-15m intradia
QQQ,2025-02-04,09:45,CALL,TR-UD-15m intradia
QQQ,2025-02-05,15:30,CALL,TR-UD-15m intradia
QQQ,2025-02-07,11:15,PUT,TR-UD-15m intradia
QQQ,2025-02-12,13:00,CALL,TR-UD-15m intradia
QQQ,2025-02-12,13:45,PUT,TR-UD-15m intradia
QQQ,2025-02-18,13:00,CALL,TR-UD-15m intradia
QQQ,2025-02-18,15:00,CALL,TR-UD-15m intradia
QQQ,2025-02-19,10:00,PUT,TR-UD-15m intradia
QQQ,2025-02-19,12:45,CALL,TR-UD-15m intradia
QQQ,2025-02-21,12:30,PUT,TR-UD-15m intradia
QQQ,2025-02-26,13:45,PUT,TR-UD-15m intradia
QQQ,2025-02-27,10:00,PUT,TR-UD-15m intradia
QQQ,2025-03-05,11:15,PUT,TR-UD-15m intradia
QQQ,2025-03-06,09:45,PUT,TR-UD-15m intradia
QQQ,2025-03-06,12:15,PUT,TR-UD-15m intradia
QQQ,2025-03-10,09:45,PUT,TR-UD-15m intradia
QQQ,2025-03-14,11:00,CALL,TR-UD-15m intradia
QQQ,2025-03-17,13:15,CALL,TR-UD-15m intradia
QQQ,2025-03-19,11:30,CALL,TR-UD-15m intradia
QQQ,2025-03-25,15:45,CALL,TR-UD-15m intradia
QQQ,2025-04-01,11:00,CALL,TR-UD-15m intradia
QQQ,2025-04-02,11:00,CALL,TR-UD-15m intradia
QQQ,2025-04-07,10:15,CALL,TR-UD-15m intradia
QQQ,2025-04-11,09:45,CALL,TR-UD-15m intradia
QQQ,2025-04-11,11:45,CALL,TR-UD-15m intradia
QQQ,2025-04-15,13:00,PUT,TR-UD-15m intradia
QQQ,2025-04-17,12:30,CALL,TR-UD-15m intradia
QQQ,2025-04-17,15:00,PUT,TR-UD-15m intradia
QQQ,2025-04-30,15:30,PUT,TR-UD-15m intradia
QQQ,2025-05-05,15:30,PUT,TR-UD-15m intradia
QQQ,2025-05-07,10:30,CALL,TR-UD-15m intradia
QQQ,2025-05-07,11:00,PUT,TR-UD-15m intradia
QQQ,2025-05-09,13:00,PUT,TR-UD-15m intradia
QQQ,2025-05-15,11:30,CALL,TR-UD-15m intradia
QQQ,2025-05-16,12:15,CALL,TR-UD-15m intradia
QQQ,2025-05-16,14:45,CALL,TR-UD-15m intradia
QQQ,2025-05-21,11:00,CALL,TR-UD-15m intradia
QQQ,2025-05-22,15:45,PUT,TR-UD-15m intradia
QQQ,2025-05-30,09:45,PUT,TR-UD-15m intradia
QQQ,2025-06-04,13:15,CALL,TR-UD-15m intradia
QQQ,2025-06-05,13:00,PUT,TR-UD-15m intradia
QQQ,2025-06-06,14:15,CALL,TR-UD-15m intradia
QQQ,2025-06-10,10:30,CALL,TR-UD-15m intradia
QQQ,2025-06-12,10:45,CALL,TR-UD-15m intradia
QQQ,2025-06-12,12:45,CALL,TR-UD-15m intradia
QQQ,2025-06-12,15:45,PUT,TR-UD-15m intradia
QQQ,2025-06-16,10:00,CALL,TR-UD-15m intradia
QQQ,2025-06-17,12:45,PUT,TR-UD-15m intradia
QQQ,2025-06-18,11:00,CALL,TR-UD-15m intradia
QQQ,2025-06-18,13:30,PUT,TR-UD-15m intradia
QQQ,2025-06-20,13:30,PUT,TR-UD-15m intradia
QQQ,2025-06-23,13:30,CALL,TR-UD-15m intradia
QQQ,2025-06-25,15:15,CALL,TR-UD-15m intradia
QQQ,2025-06-30,09:45,CALL,TR-UD-15m intradia
QQQ,2025-07-01,09:45,PUT,TR-UD-15m intradia
QQQ,2025-07-02,12:45,CALL,TR-UD-15m intradia
QQQ,2025-07-08,10:45,CALL,TR-UD-15m intradia
QQQ,2025-07-10,10:00,PUT,TR-UD-15m intradia
QQQ,2025-07-10,14:00,CALL,TR-UD-15m intradia
QQQ,2025-07-11,13:00,CALL,TR-UD-15m intradia
QQQ,2025-07-11,13:45,PUT,TR-UD-15m intradia
QQQ,2025-07-14,11:15,CALL,TR-UD-15m intradia
QQQ,2025-07-15,14:00,CALL,TR-UD-15m intradia
QQQ,2025-07-16,15:30,PUT,TR-UD-15m intradia
QQQ,2025-07-18,14:15,CALL,TR-UD-15m intradia
QQQ,2025-07-23,10:00,PUT,TR-UD-15m intradia
QQQ,2025-07-29,11:30,PUT,TR-UD-15m intradia
QQQ,2025-07-29,14:45,CALL,TR-UD-15m intradia
QQQ,2025-07-29,15:30,PUT,TR-UD-15m intradia
QQQ,2025-08-04,12:00,CALL,TR-UD-15m intradia
QQQ,2025-08-05,11:30,PUT,TR-UD-15m intradia
QQQ,2025-08-05,14:45,PUT,TR-UD-15m intradia
QQQ,2025-08-13,15:15,CALL,TR-UD-15m intradia
QQQ,2025-08-15,09:45,PUT,TR-UD-15m intradia
QQQ,2025-08-18,09:45,PUT,TR-UD-15m intradia
QQQ,2025-08-21,12:15,PUT,TR-UD-15m intradia
QQQ,2025-08-21,15:45,PUT,TR-UD-15m intradia
QQQ,2025-08-26,12:15,CALL,TR-UD-15m intradia
QQQ,2025-08-26,14:45,CALL,TR-UD-15m intradia
QQQ,2025-09-09,13:15,CALL,TR-UD-15m intradia
QQQ,2025-09-09,15:30,CALL,TR-UD-15m intradia
QQQ,2025-09-16,14:45,CALL,TR-UD-15m intradia
QQQ,2025-09-23,12:30,CALL,TR-UD-15m intradia
QQQ,2025-09-23,13:15,PUT,TR-UD-15m intradia
QQQ,2025-09-26,14:30,CALL,TR-UD-15m intradia
QQQ,2025-10-06,09:45,CALL,TR-UD-15m intradia
QQQ,2025-10-06,13:30,CALL,TR-UD-15m intradia
QQQ,2025-10-08,11:30,CALL,TR-UD-15m intradia
QQQ,2025-10-09,13:00,PUT,TR-UD-15m intradia
QQQ,2025-10-14,13:15,CALL,TR-UD-15m intradia
QQQ,2025-10-15,09:45,CALL,TR-UD-15m intradia
QQQ,2025-10-16,15:15,PUT,TR-UD-15m intradia
QQQ,2025-10-17,12:15,CALL,TR-UD-15m intradia
QQQ,2025-10-17,14:15,CALL,TR-UD-15m intradia
QQQ,2025-11-12,15:30,CALL,TR-UD-15m intradia
QQQ,2025-11-14,14:45,PUT,TR-UD-15m intradia
QQQ,2025-11-19,15:00,CALL,TR-UD-15m intradia
QQQ,2025-11-20,12:00,PUT,TR-UD-15m intradia
QQQ,2025-11-21,15:30,PUT,TR-UD-15m intradia
QQQ,2025-11-25,15:30,CALL,TR-UD-15m intradia
QQQ,2025-12-03,13:15,CALL,TR-UD-15m intradia
QQQ,2025-12-04,11:45,CALL,TR-UD-15m intradia
QQQ,2025-12-08,10:00,PUT,TR-UD-15m intradia
QQQ,2025-12-11,09:45,PUT,TR-UD-15m intradia
QQQ,2025-12-15,13:00,PUT,TR-UD-15m intradia
QQQ,2025-12-15,15:45,PUT,TR-UD-15m intradia
QQQ,2025-12-22,14:30,CALL,TR-UD-15m intradia
QQQ,2025-12-26,13:45,CALL,TR-UD-15m intradia
QQQ,2025-12-30,10:00,CALL,TR-UD-15m intradia
QQQ,2025-12-30,15:15,PUT,TR-UD-15m intradia
QQQ,2026-01-12,13:15,CALL,TR-UD-15m intradia
QQQ,2026-01-16,10:30,PUT,TR-UD-15m intradia
QQQ,2026-01-16,14:30,PUT,TR-UD-15m intradia
QQQ,2026-01-26,09:45,CALL,TR-UD-15m intradia
QQQ,2026-02-02,12:00,CALL,TR-UD-15m intradia
QQQ,2026-02-11,09:45,CALL,TR-UD-15m intradia
QQQ,2026-02-11,15:30,PUT,TR-UD-15m intradia
QQQ,2026-02-17,15:30,PUT,TR-UD-15m intradia
QQQ,2026-02-24,12:15,CALL,TR-UD-15m intradia
QQQ,2026-02-27,14:45,PUT,TR-UD-15m intradia
QQQ,2026-03-04,09:45,CALL,TR-UD-15m intradia
QQQ,2026-03-05,12:30,PUT,TR-UD-15m intradia
QQQ,2026-03-06,14:30,PUT,TR-UD-15m intradia
QQQ,2026-03-11,11:30,PUT,TR-UD-15m intradia
QQQ,2026-03-18,10:00,PUT,TR-UD-15m intradia
QQQ,2026-04-02,15:00,PUT,TR-UD-15m intradia
QQQ,2026-04-09,10:00,PUT,TR-UD-15m intradia
QQQ,2026-04-13,10:00,CALL,TR-UD-15m intradia
QQQ,2026-04-21,12:45,PUT,TR-UD-15m intradia
QQQ,2026-04-21,15:15,CALL,TR-UD-15m intradia
QQQ,2026-04-29,10:00,CALL,TR-UD-15m intradia
QQQ,2026-04-30,13:15,CALL,TR-UD-15m intradia
QQQ,2026-05-04,15:30,CALL,TR-UD-15m intradia
QQQ,2026-05-07,15:15,CALL,TR-UD-15m intradia
QQQ,2026-05-13,10:45,CALL,TR-UD-15m intradia
QQQ,2026-05-27,14:15,CALL,TR-UD-15m intradia
QQQ,2026-05-29,14:45,CALL,TR-UD-15m intradia
QQQ,2026-06-03,10:15,CALL,TR-UD-15m intradia
QQQ,2026-06-03,13:00,CALL,TR-UD-15m intradia
QQQ,2026-06-03,15:45,CALL,TR-UD-15m intradia
QQQ,2026-06-09,10:30,PUT,TR-UD-15m intradia
QQQ,2026-06-18,10:15,CALL,TR-UD-15m intradia
QQQ,2026-06-22,12:00,PUT,TR-UD-15m intradia
SPY,2022-06-07,14:15,CALL,TR-UD-15m intradia
SPY,2022-06-17,13:15,CALL,TR-UD-15m intradia
SPY,2022-06-17,15:00,PUT,TR-UD-15m intradia
SPY,2022-06-22,14:00,CALL,TR-UD-15m intradia
SPY,2022-06-23,15:45,CALL,TR-UD-15m intradia
SPY,2022-07-05,09:45,PUT,TR-UD-15m intradia
SPY,2022-07-12,14:30,PUT,TR-UD-15m intradia
SPY,2022-07-13,15:45,PUT,TR-UD-15m intradia
SPY,2022-07-19,10:15,CALL,TR-UD-15m intradia
SPY,2022-07-21,10:15,PUT,TR-UD-15m intradia
SPY,2022-07-21,12:15,CALL,TR-UD-15m intradia
SPY,2022-07-25,14:00,PUT,TR-UD-15m intradia
SPY,2022-07-26,09:45,PUT,TR-UD-15m intradia
SPY,2022-08-02,12:15,CALL,TR-UD-15m intradia
SPY,2022-08-02,13:30,PUT,TR-UD-15m intradia
SPY,2022-08-03,09:45,CALL,TR-UD-15m intradia
SPY,2022-08-04,13:45,CALL,TR-UD-15m intradia
SPY,2022-08-12,09:45,CALL,TR-UD-15m intradia
SPY,2022-08-18,12:45,PUT,TR-UD-15m intradia
SPY,2022-08-18,14:30,CALL,TR-UD-15m intradia
SPY,2022-08-23,10:15,CALL,TR-UD-15m intradia
SPY,2022-08-24,10:00,PUT,TR-UD-15m intradia
SPY,2022-08-31,13:30,PUT,TR-UD-15m intradia
SPY,2022-09-02,15:45,PUT,TR-UD-15m intradia
SPY,2022-09-07,12:45,CALL,TR-UD-15m intradia
SPY,2022-09-15,10:00,CALL,TR-UD-15m intradia
SPY,2022-09-19,10:30,CALL,TR-UD-15m intradia
SPY,2022-09-19,15:00,CALL,TR-UD-15m intradia
SPY,2022-09-20,09:45,PUT,TR-UD-15m intradia
SPY,2022-09-27,12:00,PUT,TR-UD-15m intradia
SPY,2022-09-30,13:45,PUT,TR-UD-15m intradia
SPY,2022-10-03,13:30,CALL,TR-UD-15m intradia
SPY,2022-10-05,15:00,CALL,TR-UD-15m intradia
SPY,2022-10-06,13:30,CALL,TR-UD-15m intradia
SPY,2022-10-06,14:15,PUT,TR-UD-15m intradia
SPY,2022-10-11,12:30,CALL,TR-UD-15m intradia
SPY,2022-10-12,14:45,PUT,TR-UD-15m intradia
SPY,2022-10-13,11:30,CALL,TR-UD-15m intradia
SPY,2022-10-19,09:45,PUT,TR-UD-15m intradia
SPY,2022-10-19,10:30,CALL,TR-UD-15m intradia
SPY,2022-10-20,12:30,PUT,TR-UD-15m intradia
SPY,2022-10-21,12:15,CALL,TR-UD-15m intradia
SPY,2022-10-26,15:45,CALL,TR-UD-15m intradia
SPY,2022-10-28,09:45,CALL,TR-UD-15m intradia
SPY,2022-10-31,14:45,CALL,TR-UD-15m intradia
SPY,2022-11-04,12:00,PUT,TR-UD-15m intradia
SPY,2022-11-18,13:30,CALL,TR-UD-15m intradia
SPY,2022-11-21,10:30,PUT,TR-UD-15m intradia
SPY,2022-11-22,09:45,CALL,TR-UD-15m intradia
SPY,2022-11-30,10:30,PUT,TR-UD-15m intradia
SPY,2022-12-05,09:45,PUT,TR-UD-15m intradia
SPY,2022-12-09,12:00,CALL,TR-UD-15m intradia
SPY,2022-12-12,14:45,CALL,TR-UD-15m intradia
SPY,2022-12-14,13:45,CALL,TR-UD-15m intradia
SPY,2022-12-19,13:45,PUT,TR-UD-15m intradia
SPY,2022-12-20,10:45,CALL,TR-UD-15m intradia
SPY,2022-12-20,13:00,CALL,TR-UD-15m intradia
SPY,2022-12-20,14:45,PUT,TR-UD-15m intradia
SPY,2022-12-28,10:30,PUT,TR-UD-15m intradia
SPY,2023-01-03,11:45,PUT,TR-UD-15m intradia
SPY,2023-01-05,10:15,PUT,TR-UD-15m intradia
SPY,2023-01-10,15:30,PUT,TR-UD-15m intradia
SPY,2023-01-12,09:45,PUT,TR-UD-15m intradia
SPY,2023-01-13,12:15,CALL,TR-UD-15m intradia
SPY,2023-01-20,10:15,CALL,TR-UD-15m intradia
SPY,2023-01-24,12:15,CALL,TR-UD-15m intradia
SPY,2023-02-01,14:00,CALL,TR-UD-15m intradia
SPY,2023-02-08,13:45,PUT,TR-UD-15m intradia
SPY,2023-02-14,14:45,CALL,TR-UD-15m intradia
SPY,2023-02-15,13:45,CALL,TR-UD-15m intradia
SPY,2023-02-16,13:30,PUT,TR-UD-15m intradia
SPY,2023-02-16,14:30,CALL,TR-UD-15m intradia
SPY,2023-02-28,15:30,PUT,TR-UD-15m intradia
SPY,2023-03-09,13:15,PUT,TR-UD-15m intradia
SPY,2023-03-13,15:30,PUT,TR-UD-15m intradia
SPY,2023-03-15,09:45,PUT,TR-UD-15m intradia
SPY,2023-03-16,10:00,CALL,TR-UD-15m intradia
SPY,2023-03-22,15:15,PUT,TR-UD-15m intradia
SPY,2023-04-04,11:00,PUT,TR-UD-15m intradia
SPY,2023-04-10,13:15,CALL,TR-UD-15m intradia
SPY,2023-04-17,11:45,PUT,TR-UD-15m intradia
SPY,2023-04-17,14:00,PUT,TR-UD-15m intradia
SPY,2023-04-18,13:45,CALL,TR-UD-15m intradia
SPY,2023-04-18,15:45,CALL,TR-UD-15m intradia
SPY,2023-04-19,15:45,PUT,TR-UD-15m intradia
SPY,2023-04-20,14:30,PUT,TR-UD-15m intradia
SPY,2023-04-21,13:45,CALL,TR-UD-15m intradia
SPY,2023-04-24,15:15,CALL,TR-UD-15m intradia
SPY,2023-04-25,09:45,PUT,TR-UD-15m intradia
SPY,2023-05-03,11:00,PUT,TR-UD-15m intradia
SPY,2023-05-08,13:45,CALL,TR-UD-15m intradia
SPY,2023-05-10,10:45,PUT,TR-UD-15m intradia
SPY,2023-05-12,12:15,PUT,TR-UD-15m intradia
SPY,2023-05-15,11:30,CALL,TR-UD-15m intradia
SPY,2023-05-16,14:15,PUT,TR-UD-15m intradia
SPY,2023-05-17,10:00,PUT,TR-UD-15m intradia
SPY,2023-05-17,11:45,CALL,TR-UD-15m intradia
SPY,2023-05-18,14:45,CALL,TR-UD-15m intradia
SPY,2023-05-22,13:00,CALL,TR-UD-15m intradia
SPY,2023-05-22,15:45,PUT,TR-UD-15m intradia
SPY,2023-06-01,10:45,CALL,TR-UD-15m intradia
SPY,2023-06-06,12:45,PUT,TR-UD-15m intradia
SPY,2023-06-06,15:30,CALL,TR-UD-15m intradia
SPY,2023-06-07,12:00,PUT,TR-UD-15m intradia
SPY,2023-06-07,12:45,CALL,TR-UD-15m intradia
SPY,2023-06-12,09:45,CALL,TR-UD-15m intradia
SPY,2023-06-15,10:00,CALL,TR-UD-15m intradia
SPY,2023-06-21,15:45,PUT,TR-UD-15m intradia
SPY,2023-06-23,15:00,PUT,TR-UD-15m intradia
SPY,2023-06-26,10:00,CALL,TR-UD-15m intradia
SPY,2023-06-26,11:30,PUT,TR-UD-15m intradia
SPY,2023-06-28,15:45,CALL,TR-UD-15m intradia
SPY,2023-07-05,09:45,PUT,TR-UD-15m intradia
SPY,2023-07-05,15:30,CALL,TR-UD-15m intradia
SPY,2023-07-07,10:00,CALL,TR-UD-15m intradia
SPY,2023-07-10,15:15,PUT,TR-UD-15m intradia
SPY,2023-07-14,14:00,CALL,TR-UD-15m intradia
SPY,2023-07-17,13:45,CALL,TR-UD-15m intradia
SPY,2023-07-21,09:45,CALL,TR-UD-15m intradia
SPY,2023-07-21,12:00,CALL,TR-UD-15m intradia
SPY,2023-07-21,15:15,PUT,TR-UD-15m intradia
SPY,2023-07-28,11:30,CALL,TR-UD-15m intradia
SPY,2023-07-31,09:45,CALL,TR-UD-15m intradia
SPY,2023-07-31,15:00,CALL,TR-UD-15m intradia
SPY,2023-08-01,11:45,PUT,TR-UD-15m intradia
SPY,2023-08-03,15:15,PUT,TR-UD-15m intradia
SPY,2023-08-04,10:30,CALL,TR-UD-15m intradia
SPY,2023-08-07,15:45,CALL,TR-UD-15m intradia
SPY,2023-08-09,14:15,CALL,TR-UD-15m intradia
SPY,2023-08-10,13:45,PUT,TR-UD-15m intradia
SPY,2023-08-14,10:15,CALL,TR-UD-15m intradia
SPY,2023-08-14,15:45,CALL,TR-UD-15m intradia
SPY,2023-08-22,14:30,CALL,TR-UD-15m intradia
SPY,2023-08-31,13:45,CALL,TR-UD-15m intradia
SPY,2023-09-01,09:45,CALL,TR-UD-15m intradia
SPY,2023-09-07,13:00,PUT,TR-UD-15m intradia
SPY,2023-09-12,14:30,PUT,TR-UD-15m intradia
SPY,2023-09-13,13:30,CALL,TR-UD-15m intradia
SPY,2023-09-22,13:15,PUT,TR-UD-15m intradia
SPY,2023-09-28,11:15,CALL,TR-UD-15m intradia
SPY,2023-10-05,11:45,PUT,TR-UD-15m intradia
SPY,2023-10-05,13:45,CALL,TR-UD-15m intradia
SPY,2023-10-06,09:45,PUT,TR-UD-15m intradia
SPY,2023-10-06,11:30,CALL,TR-UD-15m intradia
SPY,2023-10-09,13:30,CALL,TR-UD-15m intradia
SPY,2023-10-11,10:15,PUT,TR-UD-15m intradia
SPY,2023-10-11,15:30,CALL,TR-UD-15m intradia
SPY,2023-10-17,11:45,CALL,TR-UD-15m intradia
SPY,2023-10-17,15:00,PUT,TR-UD-15m intradia
SPY,2023-10-23,13:30,PUT,TR-UD-15m intradia
SPY,2023-10-24,10:30,CALL,TR-UD-15m intradia
SPY,2023-10-27,13:00,PUT,TR-UD-15m intradia
SPY,2023-10-30,13:30,CALL,TR-UD-15m intradia
SPY,2023-11-07,15:45,CALL,TR-UD-15m intradia
SPY,2023-11-08,13:30,CALL,TR-UD-15m intradia
SPY,2023-11-10,12:15,CALL,TR-UD-15m intradia
SPY,2023-11-15,13:45,CALL,TR-UD-15m intradia
SPY,2023-11-16,10:00,CALL,TR-UD-15m intradia
SPY,2023-11-21,12:45,CALL,TR-UD-15m intradia
SPY,2023-11-21,15:00,CALL,TR-UD-15m intradia
SPY,2023-11-22,14:30,CALL,TR-UD-15m intradia
SPY,2023-11-24,13:00,CALL,TR-UD-15m intradia
SPY,2023-11-27,10:30,PUT,TR-UD-15m intradia
SPY,2023-11-27,13:15,CALL,TR-UD-15m intradia
SPY,2023-11-27,14:45,PUT,TR-UD-15m intradia
SPY,2023-11-28,10:45,CALL,TR-UD-15m intradia
SPY,2023-11-30,10:30,PUT,TR-UD-15m intradia
SPY,2023-12-05,09:45,PUT,TR-UD-15m intradia
SPY,2023-12-06,13:00,PUT,TR-UD-15m intradia
SPY,2023-12-06,15:15,PUT,TR-UD-15m intradia
SPY,2023-12-07,09:45,CALL,TR-UD-15m intradia
SPY,2023-12-07,12:00,CALL,TR-UD-15m intradia
SPY,2023-12-12,09:45,PUT,TR-UD-15m intradia
SPY,2023-12-18,11:30,CALL,TR-UD-15m intradia
SPY,2023-12-26,09:45,CALL,TR-UD-15m intradia
SPY,2023-12-26,13:15,CALL,TR-UD-15m intradia
SPY,2023-12-27,14:15,PUT,TR-UD-15m intradia
SPY,2024-01-03,15:45,PUT,TR-UD-15m intradia
SPY,2024-01-04,11:15,CALL,TR-UD-15m intradia
SPY,2024-01-04,14:30,PUT,TR-UD-15m intradia
SPY,2024-01-08,09:45,CALL,TR-UD-15m intradia
SPY,2024-01-10,12:45,CALL,TR-UD-15m intradia
SPY,2024-01-12,12:45,CALL,TR-UD-15m intradia
SPY,2024-01-18,11:30,CALL,TR-UD-15m intradia
SPY,2024-01-22,15:15,CALL,TR-UD-15m intradia
SPY,2024-01-29,10:00,CALL,TR-UD-15m intradia
SPY,2024-01-29,12:00,CALL,TR-UD-15m intradia
SPY,2024-02-01,12:45,CALL,TR-UD-15m intradia
SPY,2024-02-01,15:00,CALL,TR-UD-15m intradia
SPY,2024-02-05,14:30,CALL,TR-UD-15m intradia
SPY,2024-02-06,14:15,PUT,TR-UD-15m intradia
SPY,2024-02-08,13:15,CALL,TR-UD-15m intradia
SPY,2024-02-08,15:15,CALL,TR-UD-15m intradia
SPY,2024-02-14,09:45,CALL,TR-UD-15m intradia
SPY,2024-02-14,15:00,CALL,TR-UD-15m intradia
SPY,2024-02-16,11:30,CALL,TR-UD-15m intradia
SPY,2024-02-21,12:15,PUT,TR-UD-15m intradia
SPY,2024-02-26,11:00,PUT,TR-UD-15m intradia
SPY,2024-02-28,13:30,CALL,TR-UD-15m intradia
SPY,2024-02-29,15:45,CALL,TR-UD-15m intradia
SPY,2024-03-04,12:30,CALL,TR-UD-15m intradia
SPY,2024-03-06,11:00,CALL,TR-UD-15m intradia
SPY,2024-03-11,15:15,PUT,TR-UD-15m intradia
SPY,2024-03-12,09:45,CALL,TR-UD-15m intradia
SPY,2024-03-13,12:00,CALL,TR-UD-15m intradia
SPY,2024-03-19,10:15,PUT,TR-UD-15m intradia
SPY,2024-03-19,12:45,CALL,TR-UD-15m intradia
SPY,2024-03-25,15:30,PUT,TR-UD-15m intradia
SPY,2024-03-26,11:00,CALL,TR-UD-15m intradia
SPY,2024-03-27,09:45,CALL,TR-UD-15m intradia
SPY,2024-03-27,14:15,CALL,TR-UD-15m intradia
SPY,2024-04-01,10:30,PUT,TR-UD-15m intradia
SPY,2024-04-05,15:45,PUT,TR-UD-15m intradia
SPY,2024-04-09,10:15,CALL,TR-UD-15m intradia
SPY,2024-04-10,13:15,PUT,TR-UD-15m intradia
SPY,2024-04-11,10:30,PUT,TR-UD-15m intradia
SPY,2024-04-17,10:45,PUT,TR-UD-15m intradia
SPY,2024-04-18,11:30,CALL,TR-UD-15m intradia
SPY,2024-04-18,13:15,PUT,TR-UD-15m intradia
SPY,2024-04-22,09:45,CALL,TR-UD-15m intradia
SPY,2024-04-22,12:15,CALL,TR-UD-15m intradia
SPY,2024-04-29,13:30,CALL,TR-UD-15m intradia
SPY,2024-05-10,14:00,CALL,TR-UD-15m intradia
SPY,2024-05-13,13:45,PUT,TR-UD-15m intradia
SPY,2024-05-14,12:30,PUT,TR-UD-15m intradia
SPY,2024-05-21,09:45,PUT,TR-UD-15m intradia
SPY,2024-05-21,13:45,CALL,TR-UD-15m intradia
SPY,2024-05-23,09:45,CALL,TR-UD-15m intradia
SPY,2024-05-24,14:15,CALL,TR-UD-15m intradia
SPY,2024-05-28,12:00,CALL,TR-UD-15m intradia
SPY,2024-05-29,15:00,PUT,TR-UD-15m intradia
SPY,2024-05-30,15:30,PUT,TR-UD-15m intradia
SPY,2024-06-04,13:30,CALL,TR-UD-15m intradia
SPY,2024-06-06,15:00,CALL,TR-UD-15m intradia
SPY,2024-06-07,10:30,CALL,TR-UD-15m intradia
SPY,2024-06-10,13:45,CALL,TR-UD-15m intradia
SPY,2024-06-11,13:15,CALL,TR-UD-15m intradia
SPY,2024-06-13,10:30,PUT,TR-UD-15m intradia
SPY,2024-06-14,15:15,CALL,TR-UD-15m intradia
SPY,2024-06-18,13:30,CALL,TR-UD-15m intradia
SPY,2024-06-20,14:30,CALL,TR-UD-15m intradia
SPY,2024-06-24,09:45,PUT,TR-UD-15m intradia
SPY,2024-06-24,14:00,PUT,TR-UD-15m intradia
SPY,2024-06-26,09:45,PUT,TR-UD-15m intradia
SPY,2024-06-28,14:30,PUT,TR-UD-15m intradia
SPY,2024-07-08,15:45,CALL,TR-UD-15m intradia
SPY,2024-07-12,13:15,CALL,TR-UD-15m intradia
SPY,2024-07-23,15:30,CALL,TR-UD-15m intradia
SPY,2024-07-26,11:45,CALL,TR-UD-15m intradia
SPY,2024-07-29,11:15,PUT,TR-UD-15m intradia
SPY,2024-07-30,10:45,PUT,TR-UD-15m intradia
SPY,2024-08-01,10:30,PUT,TR-UD-15m intradia
SPY,2024-08-06,10:00,CALL,TR-UD-15m intradia
SPY,2024-08-06,12:00,CALL,TR-UD-15m intradia
SPY,2024-08-08,13:30,CALL,TR-UD-15m intradia
SPY,2024-08-12,10:00,PUT,TR-UD-15m intradia
SPY,2024-08-19,09:45,CALL,TR-UD-15m intradia
SPY,2024-08-20,14:15,CALL,TR-UD-15m intradia
SPY,2024-08-22,11:30,PUT,TR-UD-15m intradia
SPY,2024-08-23,09:45,CALL,TR-UD-15m intradia
SPY,2024-08-26,13:45,PUT,TR-UD-15m intradia
SPY,2024-08-26,14:45,CALL,TR-UD-15m intradia
SPY,2024-08-27,12:45,PUT,TR-UD-15m intradia
SPY,2024-08-30,15:00,CALL,TR-UD-15m intradia
SPY,2024-09-05,15:45,PUT,TR-UD-15m intradia
SPY,2024-09-10,13:45,CALL,TR-UD-15m intradia
SPY,2024-09-16,09:45,PUT,TR-UD-15m intradia
SPY,2024-09-17,15:15,CALL,TR-UD-15m intradia
SPY,2024-09-24,09:45,CALL,TR-UD-15m intradia
SPY,2024-09-26,13:45,CALL,TR-UD-15m intradia
SPY,2024-09-27,13:15,PUT,TR-UD-15m intradia
SPY,2024-09-30,13:15,PUT,TR-UD-15m intradia
SPY,2024-10-04,15:00,CALL,TR-UD-15m intradia
SPY,2024-10-07,14:15,PUT,TR-UD-15m intradia
SPY,2024-10-08,09:45,CALL,TR-UD-15m intradia
SPY,2024-10-08,14:15,CALL,TR-UD-15m intradia
SPY,2024-10-17,13:15,CALL,TR-UD-15m intradia
SPY,2024-10-18,12:45,CALL,TR-UD-15m intradia
SPY,2024-10-22,12:30,PUT,TR-UD-15m intradia
SPY,2024-10-22,13:45,CALL,TR-UD-15m intradia
SPY,2024-10-24,12:45,CALL,TR-UD-15m intradia
SPY,2024-10-24,15:30,CALL,TR-UD-15m intradia
SPY,2024-10-28,09:45,CALL,TR-UD-15m intradia
SPY,2024-10-28,14:00,CALL,TR-UD-15m intradia
SPY,2024-10-29,12:15,CALL,TR-UD-15m intradia
SPY,2024-10-30,15:30,PUT,TR-UD-15m intradia
SPY,2024-11-01,15:45,PUT,TR-UD-15m intradia
SPY,2024-11-13,11:30,CALL,TR-UD-15m intradia
SPY,2024-11-14,12:30,PUT,TR-UD-15m intradia
SPY,2024-11-18,14:00,CALL,TR-UD-15m intradia
SPY,2024-11-19,11:15,CALL,TR-UD-15m intradia
SPY,2024-11-19,13:15,CALL,TR-UD-15m intradia
SPY,2024-11-20,13:45,PUT,TR-UD-15m intradia
SPY,2024-11-22,13:00,CALL,TR-UD-15m intradia
SPY,2024-11-26,11:30,CALL,TR-UD-15m intradia
SPY,2024-12-03,14:45,CALL,TR-UD-15m intradia
SPY,2024-12-06,14:15,PUT,TR-UD-15m intradia
SPY,2024-12-09,10:15,PUT,TR-UD-15m intradia
SPY,2024-12-09,14:45,PUT,TR-UD-15m intradia
SPY,2024-12-12,12:00,PUT,TR-UD-15m intradia
SPY,2024-12-16,12:45,CALL,TR-UD-15m intradia
SPY,2024-12-23,11:45,CALL,TR-UD-15m intradia
SPY,2024-12-23,15:45,CALL,TR-UD-15m intradia
SPY,2024-12-30,15:30,PUT,TR-UD-15m intradia
SPY,2025-01-02,12:30,PUT,TR-UD-15m intradia
SPY,2025-01-03,11:30,CALL,TR-UD-15m intradia
SPY,2025-01-16,15:00,CALL,TR-UD-15m intradia
SPY,2025-01-23,11:30,CALL,TR-UD-15m intradia
SPY,2025-01-28,12:15,CALL,TR-UD-15m intradia
SPY,2025-01-29,14:45,CALL,TR-UD-15m intradia
SPY,2025-01-30,13:15,CALL,TR-UD-15m intradia
SPY,2025-02-10,13:00,CALL,TR-UD-15m intradia
SPY,2025-02-11,13:45,CALL,TR-UD-15m intradia
SPY,2025-02-12,14:15,PUT,TR-UD-15m intradia
SPY,2025-02-13,09:45,CALL,TR-UD-15m intradia
SPY,2025-02-13,14:00,CALL,TR-UD-15m intradia
SPY,2025-02-14,14:00,CALL,TR-UD-15m intradia
SPY,2025-02-18,13:45,PUT,TR-UD-15m intradia
SPY,2025-02-20,09:45,PUT,TR-UD-15m intradia
SPY,2025-02-21,10:15,PUT,TR-UD-15m intradia
SPY,2025-03-06,12:15,PUT,TR-UD-15m intradia
SPY,2025-03-10,09:45,PUT,TR-UD-15m intradia
SPY,2025-03-12,10:45,PUT,TR-UD-15m intradia
SPY,2025-03-12,13:15,CALL,TR-UD-15m intradia
SPY,2025-03-13,11:30,PUT,TR-UD-15m intradia
SPY,2025-03-19,11:45,CALL,TR-UD-15m intradia
SPY,2025-03-25,15:45,CALL,TR-UD-15m intradia
SPY,2025-03-26,10:00,PUT,TR-UD-15m intradia
SPY,2025-04-02,11:00,CALL,TR-UD-15m intradia
SPY,2025-04-11,09:45,CALL,TR-UD-15m intradia
SPY,2025-04-11,11:45,CALL,TR-UD-15m intradia
SPY,2025-04-17,14:00,CALL,TR-UD-15m intradia
SPY,2025-04-17,15:00,PUT,TR-UD-15m intradia
SPY,2025-04-24,13:00,CALL,TR-UD-15m intradia
SPY,2025-04-30,15:30,PUT,TR-UD-15m intradia
SPY,2025-05-05,13:15,PUT,TR-UD-15m intradia
SPY,2025-05-05,14:00,CALL,TR-UD-15m intradia
SPY,2025-05-07,09:45,CALL,TR-UD-15m intradia
SPY,2025-05-07,11:15,PUT,TR-UD-15m intradia
SPY,2025-05-07,13:15,CALL,TR-UD-15m intradia
SPY,2025-05-07,15:45,CALL,TR-UD-15m intradia
SPY,2025-05-21,12:45,CALL,TR-UD-15m intradia
SPY,2025-05-29,09:45,CALL,TR-UD-15m intradia
SPY,2025-05-29,11:45,PUT,TR-UD-15m intradia
SPY,2025-05-30,09:45,PUT,TR-UD-15m intradia
SPY,2025-06-02,12:00,CALL,TR-UD-15m intradia
SPY,2025-06-05,11:30,CALL,TR-UD-15m intradia
SPY,2025-06-06,14:15,CALL,TR-UD-15m intradia
SPY,2025-06-12,13:45,CALL,TR-UD-15m intradia
SPY,2025-06-16,09:45,CALL,TR-UD-15m intradia
SPY,2025-06-17,13:00,PUT,TR-UD-15m intradia
SPY,2025-06-18,10:15,CALL,TR-UD-15m intradia
SPY,2025-06-18,13:30,PUT,TR-UD-15m intradia
SPY,2025-06-23,13:00,PUT,TR-UD-15m intradia
SPY,2025-06-30,15:00,CALL,TR-UD-15m intradia
SPY,2025-07-01,09:45,PUT,TR-UD-15m intradia
SPY,2025-07-01,11:30,CALL,TR-UD-15m intradia
SPY,2025-07-02,11:00,CALL,TR-UD-15m intradia
SPY,2025-07-08,12:00,CALL,TR-UD-15m intradia
SPY,2025-07-08,13:15,PUT,TR-UD-15m intradia
SPY,2025-07-08,15:15,PUT,TR-UD-15m intradia
SPY,2025-07-11,12:45,PUT,TR-UD-15m intradia
SPY,2025-07-14,11:45,CALL,TR-UD-15m intradia
SPY,2025-07-15,13:30,CALL,TR-UD-15m intradia
SPY,2025-07-16,15:30,PUT,TR-UD-15m intradia
SPY,2025-07-18,13:45,CALL,TR-UD-15m intradia
SPY,2025-07-25,12:15,CALL,TR-UD-15m intradia
SPY,2025-07-29,11:30,PUT,TR-UD-15m intradia
SPY,2025-07-29,13:45,PUT,TR-UD-15m intradia
SPY,2025-07-30,12:30,CALL,TR-UD-15m intradia
SPY,2025-07-30,14:30,CALL,TR-UD-15m intradia
SPY,2025-08-04,12:00,CALL,TR-UD-15m intradia
SPY,2025-08-07,12:45,PUT,TR-UD-15m intradia
SPY,2025-08-14,09:45,PUT,TR-UD-15m intradia
SPY,2025-08-14,15:15,CALL,TR-UD-15m intradia
SPY,2025-08-21,09:45,PUT,TR-UD-15m intradia
SPY,2025-08-21,13:00,PUT,TR-UD-15m intradia
SPY,2025-08-21,15:45,PUT,TR-UD-15m intradia
SPY,2025-08-26,13:45,PUT,TR-UD-15m intradia
SPY,2025-09-03,11:45,CALL,TR-UD-15m intradia
SPY,2025-09-03,15:45,CALL,TR-UD-15m intradia
SPY,2025-09-08,14:00,PUT,TR-UD-15m intradia
SPY,2025-09-09,10:45,PUT,TR-UD-15m intradia
SPY,2025-09-09,13:45,CALL,TR-UD-15m intradia
SPY,2025-09-11,09:45,CALL,TR-UD-15m intradia
SPY,2025-09-16,10:15,PUT,TR-UD-15m intradia
SPY,2025-09-25,12:30,PUT,TR-UD-15m intradia
SPY,2025-09-29,14:00,CALL,TR-UD-15m intradia
SPY,2025-09-30,11:45,PUT,TR-UD-15m intradia
SPY,2025-10-06,13:30,CALL,TR-UD-15m intradia
SPY,2025-10-14,12:30,CALL,TR-UD-15m intradia
SPY,2025-10-15,09:45,CALL,TR-UD-15m intradia
SPY,2025-10-16,15:15,PUT,TR-UD-15m intradia
SPY,2025-10-17,14:15,CALL,TR-UD-15m intradia
SPY,2025-10-22,10:00,PUT,TR-UD-15m intradia
SPY,2025-10-23,12:15,CALL,TR-UD-15m intradia
SPY,2025-10-30,13:15,PUT,TR-UD-15m intradia
SPY,2025-10-31,09:45,CALL,TR-UD-15m intradia
SPY,2025-11-05,11:00,CALL,TR-UD-15m intradia
SPY,2025-11-14,15:15,PUT,TR-UD-15m intradia
SPY,2025-11-18,15:45,PUT,TR-UD-15m intradia
SPY,2025-11-19,10:00,CALL,TR-UD-15m intradia
SPY,2025-11-19,15:15,CALL,TR-UD-15m intradia
SPY,2025-11-20,12:00,PUT,TR-UD-15m intradia
SPY,2025-11-21,15:30,PUT,TR-UD-15m intradia
SPY,2025-12-02,10:15,CALL,TR-UD-15m intradia
SPY,2025-12-02,14:45,CALL,TR-UD-15m intradia
SPY,2025-12-03,09:45,PUT,TR-UD-15m intradia
SPY,2025-12-03,10:45,CALL,TR-UD-15m intradia
SPY,2025-12-04,12:00,CALL,TR-UD-15m intradia
SPY,2025-12-04,14:00,CALL,TR-UD-15m intradia
SPY,2025-12-09,11:15,CALL,TR-UD-15m intradia
SPY,2025-12-11,11:45,CALL,TR-UD-15m intradia
SPY,2025-12-16,10:15,PUT,TR-UD-15m intradia
SPY,2025-12-16,12:45,PUT,TR-UD-15m intradia
SPY,2025-12-19,09:45,CALL,TR-UD-15m intradia
SPY,2025-12-19,12:30,CALL,TR-UD-15m intradia
SPY,2025-12-26,15:15,CALL,TR-UD-15m intradia
SPY,2025-12-30,09:45,PUT,TR-UD-15m intradia
SPY,2025-12-30,11:30,CALL,TR-UD-15m intradia
SPY,2026-01-02,10:00,CALL,TR-UD-15m intradia
SPY,2026-01-08,13:15,PUT,TR-UD-15m intradia
SPY,2026-01-12,13:15,CALL,TR-UD-15m intradia
SPY,2026-01-13,13:30,PUT,TR-UD-15m intradia
SPY,2026-01-13,15:30,PUT,TR-UD-15m intradia
SPY,2026-01-16,09:45,PUT,TR-UD-15m intradia
SPY,2026-01-16,14:30,PUT,TR-UD-15m intradia
SPY,2026-01-23,11:00,CALL,TR-UD-15m intradia
SPY,2026-01-23,13:00,PUT,TR-UD-15m intradia
SPY,2026-01-27,09:45,CALL,TR-UD-15m intradia
SPY,2026-01-28,10:30,CALL,TR-UD-15m intradia
SPY,2026-01-30,13:15,PUT,TR-UD-15m intradia
SPY,2026-02-03,11:30,PUT,TR-UD-15m intradia
SPY,2026-02-11,09:45,CALL,TR-UD-15m intradia
SPY,2026-02-11,13:15,PUT,TR-UD-15m intradia
SPY,2026-02-11,15:30,PUT,TR-UD-15m intradia
SPY,2026-02-12,09:45,CALL,TR-UD-15m intradia
SPY,2026-02-17,11:15,CALL,TR-UD-15m intradia
SPY,2026-02-17,13:30,CALL,TR-UD-15m intradia
SPY,2026-02-18,09:45,CALL,TR-UD-15m intradia
SPY,2026-02-20,14:00,CALL,TR-UD-15m intradia
SPY,2026-02-24,11:15,CALL,TR-UD-15m intradia
SPY,2026-02-27,13:30,PUT,TR-UD-15m intradia
SPY,2026-03-04,10:00,CALL,TR-UD-15m intradia
SPY,2026-03-06,15:15,PUT,TR-UD-15m intradia
SPY,2026-03-11,11:30,PUT,TR-UD-15m intradia
SPY,2026-03-24,13:15,PUT,TR-UD-15m intradia
SPY,2026-03-26,12:30,PUT,TR-UD-15m intradia
SPY,2026-03-31,09:45,CALL,TR-UD-15m intradia
SPY,2026-04-02,10:45,CALL,TR-UD-15m intradia
SPY,2026-04-02,13:30,PUT,TR-UD-15m intradia
SPY,2026-04-06,14:30,CALL,TR-UD-15m intradia
SPY,2026-04-16,15:00,CALL,TR-UD-15m intradia
SPY,2026-04-20,09:45,PUT,TR-UD-15m intradia
SPY,2026-04-20,14:00,PUT,TR-UD-15m intradia
SPY,2026-04-21,11:00,PUT,TR-UD-15m intradia
SPY,2026-04-24,10:45,CALL,TR-UD-15m intradia
SPY,2026-04-27,13:30,CALL,TR-UD-15m intradia
SPY,2026-04-29,10:30,CALL,TR-UD-15m intradia
SPY,2026-04-29,12:30,PUT,TR-UD-15m intradia
SPY,2026-05-07,15:45,CALL,TR-UD-15m intradia
SPY,2026-05-13,11:00,CALL,TR-UD-15m intradia
SPY,2026-05-20,10:30,CALL,TR-UD-15m intradia
SPY,2026-05-26,14:00,CALL,TR-UD-15m intradia
SPY,2026-05-27,09:45,PUT,TR-UD-15m intradia
SPY,2026-05-27,14:30,CALL,TR-UD-15m intradia
SPY,2026-06-02,09:45,PUT,TR-UD-15m intradia
SPY,2026-06-08,14:45,PUT,TR-UD-15m intradia
SPY,2026-06-09,10:45,PUT,TR-UD-15m intradia
SPY,2026-06-10,10:15,CALL,TR-UD-15m intradia
SPY,2026-06-10,13:15,PUT,TR-UD-15m intradia
SPY,2026-06-22,15:00,PUT,TR-UD-15m intradia
SPY,2026-06-24,11:45,CALL,TR-UD-15m intradia
IWM,2022-06-03,12:30,CALL,TR-UD-15m intradia
IWM,2022-06-03,14:30,CALL,TR-UD-15m intradia
IWM,2022-06-22,14:15,CALL,TR-UD-15m intradia
IWM,2022-06-23,11:15,CALL,TR-UD-15m intradia
IWM,2022-06-30,12:30,CALL,TR-UD-15m intradia
IWM,2022-07-01,10:00,CALL,TR-UD-15m intradia
IWM,2022-07-01,10:30,PUT,TR-UD-15m intradia
IWM,2022-07-01,12:30,CALL,TR-UD-15m intradia
IWM,2022-07-05,13:30,CALL,TR-UD-15m intradia
IWM,2022-07-08,12:45,PUT,TR-UD-15m intradia
IWM,2022-07-13,13:15,CALL,TR-UD-15m intradia
IWM,2022-07-13,15:30,PUT,TR-UD-15m intradia
IWM,2022-07-19,09:45,CALL,TR-UD-15m intradia
IWM,2022-07-21,09:45,PUT,TR-UD-15m intradia
IWM,2022-07-21,14:30,CALL,TR-UD-15m intradia
IWM,2022-07-22,11:45,PUT,TR-UD-15m intradia
IWM,2022-07-25,13:15,CALL,TR-UD-15m intradia
IWM,2022-07-26,09:45,PUT,TR-UD-15m intradia
IWM,2022-08-01,09:45,PUT,TR-UD-15m intradia
IWM,2022-08-01,12:30,CALL,TR-UD-15m intradia
IWM,2022-08-02,12:15,CALL,TR-UD-15m intradia
IWM,2022-08-03,12:00,CALL,TR-UD-15m intradia
IWM,2022-08-09,09:45,PUT,TR-UD-15m intradia
IWM,2022-08-18,11:30,CALL,TR-UD-15m intradia
IWM,2022-08-18,14:15,CALL,TR-UD-15m intradia
IWM,2022-08-26,10:15,PUT,TR-UD-15m intradia
IWM,2022-09-02,15:45,PUT,TR-UD-15m intradia
IWM,2022-09-14,15:15,PUT,TR-UD-15m intradia
IWM,2022-09-15,09:45,CALL,TR-UD-15m intradia
IWM,2022-09-27,12:15,PUT,TR-UD-15m intradia
IWM,2022-10-05,14:45,CALL,TR-UD-15m intradia
IWM,2022-10-06,14:00,CALL,TR-UD-15m intradia
IWM,2022-10-11,12:30,CALL,TR-UD-15m intradia
IWM,2022-10-12,13:15,CALL,TR-UD-15m intradia
IWM,2022-10-20,12:15,PUT,TR-UD-15m intradia
IWM,2022-10-27,10:00,PUT,TR-UD-15m intradia
IWM,2022-10-27,12:30,PUT,TR-UD-15m intradia
IWM,2022-10-27,13:15,CALL,TR-UD-15m intradia
IWM,2022-10-28,11:45,CALL,TR-UD-15m intradia
IWM,2022-11-04,12:00,PUT,TR-UD-15m intradia
IWM,2022-11-08,14:00,PUT,TR-UD-15m intradia
IWM,2022-11-14,13:30,CALL,TR-UD-15m intradia
IWM,2022-11-14,15:15,PUT,TR-UD-15m intradia
IWM,2022-11-25,12:30,CALL,TR-UD-15m intradia
IWM,2022-11-29,13:30,PUT,TR-UD-15m intradia
IWM,2022-11-29,15:30,PUT,TR-UD-15m intradia
IWM,2022-11-30,12:15,PUT,TR-UD-15m intradia
IWM,2022-12-02,14:15,PUT,TR-UD-15m intradia
IWM,2022-12-09,10:00,PUT,TR-UD-15m intradia
IWM,2022-12-09,12:30,PUT,TR-UD-15m intradia
IWM,2022-12-09,15:45,PUT,TR-UD-15m intradia
IWM,2022-12-12,11:30,CALL,TR-UD-15m intradia
IWM,2022-12-13,15:45,CALL,TR-UD-15m intradia
IWM,2022-12-19,11:45,PUT,TR-UD-15m intradia
IWM,2022-12-20,12:30,PUT,TR-UD-15m intradia
IWM,2022-12-20,13:30,CALL,TR-UD-15m intradia
IWM,2022-12-23,10:45,CALL,TR-UD-15m intradia
IWM,2022-12-27,09:45,PUT,TR-UD-15m intradia
IWM,2023-01-03,11:45,PUT,TR-UD-15m intradia
IWM,2023-01-04,11:45,CALL,TR-UD-15m intradia
IWM,2023-01-17,15:15,CALL,TR-UD-15m intradia
IWM,2023-01-18,11:30,PUT,TR-UD-15m intradia
IWM,2023-01-20,09:45,CALL,TR-UD-15m intradia
IWM,2023-01-24,13:45,CALL,TR-UD-15m intradia
IWM,2023-01-25,14:15,CALL,TR-UD-15m intradia
IWM,2023-01-31,09:45,CALL,TR-UD-15m intradia
IWM,2023-02-03,15:45,PUT,TR-UD-15m intradia
IWM,2023-02-08,10:45,PUT,TR-UD-15m intradia
IWM,2023-02-08,14:00,PUT,TR-UD-15m intradia
IWM,2023-02-14,14:45,CALL,TR-UD-15m intradia
IWM,2023-02-15,11:15,CALL,TR-UD-15m intradia
IWM,2023-02-15,13:30,CALL,TR-UD-15m intradia
IWM,2023-02-16,09:45,PUT,TR-UD-15m intradia
IWM,2023-02-22,13:15,PUT,TR-UD-15m intradia
IWM,2023-02-23,12:00,PUT,TR-UD-15m intradia
IWM,2023-02-28,09:45,CALL,TR-UD-15m intradia
IWM,2023-03-02,14:00,CALL,TR-UD-15m intradia
IWM,2023-03-09,09:45,CALL,TR-UD-15m intradia
IWM,2023-03-09,11:00,PUT,TR-UD-15m intradia
IWM,2023-03-13,15:30,PUT,TR-UD-15m intradia
IWM,2023-03-22,11:45,PUT,TR-UD-15m intradia
IWM,2023-03-30,15:30,CALL,TR-UD-15m intradia
IWM,2023-04-03,11:00,PUT,TR-UD-15m intradia
IWM,2023-04-03,13:15,CALL,TR-UD-15m intradia
IWM,2023-04-04,09:45,PUT,TR-UD-15m intradia
IWM,2023-04-10,09:45,CALL,TR-UD-15m intradia
IWM,2023-04-13,11:45,CALL,TR-UD-15m intradia
IWM,2023-04-20,13:30,CALL,TR-UD-15m intradia
IWM,2023-04-20,14:30,PUT,TR-UD-15m intradia
IWM,2023-04-21,14:30,CALL,TR-UD-15m intradia
IWM,2023-04-21,15:15,PUT,TR-UD-15m intradia
IWM,2023-04-24,15:15,CALL,TR-UD-15m intradia
IWM,2023-04-27,12:00,CALL,TR-UD-15m intradia
IWM,2023-05-01,15:00,CALL,TR-UD-15m intradia
IWM,2023-05-08,11:30,PUT,TR-UD-15m intradia
IWM,2023-05-09,13:15,PUT,TR-UD-15m intradia
IWM,2023-05-10,14:00,CALL,TR-UD-15m intradia
IWM,2023-05-18,14:30,CALL,TR-UD-15m intradia
IWM,2023-05-19,11:45,PUT,TR-UD-15m intradia
IWM,2023-05-19,14:00,PUT,TR-UD-15m intradia
IWM,2023-05-22,11:30,CALL,TR-UD-15m intradia
IWM,2023-05-30,13:00,CALL,TR-UD-15m intradia
IWM,2023-06-12,11:00,CALL,TR-UD-15m intradia
IWM,2023-06-12,14:15,CALL,TR-UD-15m intradia
IWM,2023-06-16,10:45,PUT,TR-UD-15m intradia
IWM,2023-06-21,13:45,CALL,TR-UD-15m intradia
IWM,2023-06-26,09:45,CALL,TR-UD-15m intradia
IWM,2023-06-26,13:30,CALL,TR-UD-15m intradia
IWM,2023-06-27,10:45,CALL,TR-UD-15m intradia
IWM,2023-07-13,14:00,CALL,TR-UD-15m intradia
IWM,2023-07-19,15:15,CALL,TR-UD-15m intradia
IWM,2023-07-21,10:30,PUT,TR-UD-15m intradia
IWM,2023-07-27,11:15,PUT,TR-UD-15m intradia
IWM,2023-07-28,09:45,CALL,TR-UD-15m intradia
IWM,2023-07-28,12:30,CALL,TR-UD-15m intradia
IWM,2023-08-01,15:45,PUT,TR-UD-15m intradia
IWM,2023-08-04,10:45,CALL,TR-UD-15m intradia
IWM,2023-08-10,09:45,CALL,TR-UD-15m intradia
IWM,2023-08-10,12:15,PUT,TR-UD-15m intradia
IWM,2023-08-11,12:45,PUT,TR-UD-15m intradia
IWM,2023-08-14,15:30,PUT,TR-UD-15m intradia
IWM,2023-08-18,14:30,PUT,TR-UD-15m intradia
IWM,2023-08-22,13:00,PUT,TR-UD-15m intradia
IWM,2023-08-29,09:45,CALL,TR-UD-15m intradia
IWM,2023-08-31,09:45,CALL,TR-UD-15m intradia
IWM,2023-09-08,09:45,PUT,TR-UD-15m intradia
IWM,2023-09-08,11:15,CALL,TR-UD-15m intradia
IWM,2023-09-11,10:15,CALL,TR-UD-15m intradia
IWM,2023-09-12,13:30,CALL,TR-UD-15m intradia
IWM,2023-09-12,14:45,PUT,TR-UD-15m intradia
IWM,2023-09-18,12:15,PUT,TR-UD-15m intradia
IWM,2023-09-20,14:15,PUT,TR-UD-15m intradia
IWM,2023-09-22,11:00,CALL,TR-UD-15m intradia
IWM,2023-09-27,13:30,PUT,TR-UD-15m intradia
IWM,2023-10-05,10:00,CALL,TR-UD-15m intradia
IWM,2023-10-24,10:00,CALL,TR-UD-15m intradia
IWM,2023-10-26,12:30,PUT,TR-UD-15m intradia
IWM,2023-11-01,14:15,PUT,TR-UD-15m intradia
IWM,2023-11-13,15:45,CALL,TR-UD-15m intradia
IWM,2023-11-22,15:15,CALL,TR-UD-15m intradia
IWM,2023-11-27,13:15,CALL,TR-UD-15m intradia
IWM,2023-11-28,11:45,CALL,TR-UD-15m intradia
IWM,2023-11-30,13:15,PUT,TR-UD-15m intradia
IWM,2023-11-30,15:30,PUT,TR-UD-15m intradia
IWM,2023-12-07,14:15,PUT,TR-UD-15m intradia
IWM,2023-12-12,13:00,PUT,TR-UD-15m intradia
IWM,2023-12-15,11:30,PUT,TR-UD-15m intradia
IWM,2023-12-18,13:15,PUT,TR-UD-15m intradia
IWM,2023-12-28,09:45,PUT,TR-UD-15m intradia
IWM,2023-12-29,10:00,PUT,TR-UD-15m intradia
IWM,2024-01-02,13:00,PUT,TR-UD-15m intradia
IWM,2024-01-05,10:15,CALL,TR-UD-15m intradia
IWM,2024-01-05,13:15,PUT,TR-UD-15m intradia
IWM,2024-01-05,15:30,PUT,TR-UD-15m intradia
IWM,2024-01-08,10:30,CALL,TR-UD-15m intradia
IWM,2024-01-09,15:00,CALL,TR-UD-15m intradia
IWM,2024-01-10,12:15,CALL,TR-UD-15m intradia
IWM,2024-01-10,14:15,CALL,TR-UD-15m intradia
IWM,2024-01-10,15:30,PUT,TR-UD-15m intradia
IWM,2024-01-18,13:15,PUT,TR-UD-15m intradia
IWM,2024-01-19,11:45,PUT,TR-UD-15m intradia
IWM,2024-01-19,12:30,CALL,TR-UD-15m intradia
IWM,2024-01-24,13:30,PUT,TR-UD-15m intradia
IWM,2024-01-29,12:45,CALL,TR-UD-15m intradia
IWM,2024-01-30,15:30,CALL,TR-UD-15m intradia
IWM,2024-02-02,14:15,CALL,TR-UD-15m intradia
IWM,2024-02-06,09:45,CALL,TR-UD-15m intradia
IWM,2024-02-14,11:15,CALL,TR-UD-15m intradia
IWM,2024-02-16,09:45,PUT,TR-UD-15m intradia
IWM,2024-02-16,13:45,CALL,TR-UD-15m intradia
IWM,2024-02-16,15:00,PUT,TR-UD-15m intradia
IWM,2024-02-26,12:30,CALL,TR-UD-15m intradia
IWM,2024-02-26,14:30,CALL,TR-UD-15m intradia
IWM,2024-02-28,12:00,CALL,TR-UD-15m intradia
IWM,2024-02-28,12:30,PUT,TR-UD-15m intradia
IWM,2024-02-28,15:45,PUT,TR-UD-15m intradia
IWM,2024-02-29,15:15,CALL,TR-UD-15m intradia
IWM,2024-03-04,14:45,CALL,TR-UD-15m intradia
IWM,2024-03-06,09:45,CALL,TR-UD-15m intradia
IWM,2024-03-08,13:30,PUT,TR-UD-15m intradia
IWM,2024-03-18,09:45,PUT,TR-UD-15m intradia
IWM,2024-03-20,11:30,CALL,TR-UD-15m intradia
IWM,2024-03-25,11:00,CALL,TR-UD-15m intradia
IWM,2024-03-26,09:45,CALL,TR-UD-15m intradia
IWM,2024-03-27,11:15,CALL,TR-UD-15m intradia
IWM,2024-04-03,12:30,CALL,TR-UD-15m intradia
IWM,2024-04-05,15:45,PUT,TR-UD-15m intradia
IWM,2024-04-08,12:45,CALL,TR-UD-15m intradia
IWM,2024-04-09,11:30,PUT,TR-UD-15m intradia
IWM,2024-04-09,15:15,PUT,TR-UD-15m intradia
IWM,2024-04-22,12:15,CALL,TR-UD-15m intradia
IWM,2024-04-24,15:45,CALL,TR-UD-15m intradia
IWM,2024-05-09,09:45,CALL,TR-UD-15m intradia
IWM,2024-05-10,13:15,PUT,TR-UD-15m intradia
IWM,2024-05-13,15:30,PUT,TR-UD-15m intradia
IWM,2024-05-14,13:30,CALL,TR-UD-15m intradia
IWM,2024-05-21,14:15,PUT,TR-UD-15m intradia
IWM,2024-05-22,09:45,PUT,TR-UD-15m intradia
IWM,2024-05-24,10:30,CALL,TR-UD-15m intradia
IWM,2024-05-24,12:30,CALL,TR-UD-15m intradia
IWM,2024-05-31,12:15,PUT,TR-UD-15m intradia
IWM,2024-06-06,13:30,CALL,TR-UD-15m intradia
IWM,2024-06-10,14:15,PUT,TR-UD-15m intradia
IWM,2024-06-11,13:00,PUT,TR-UD-15m intradia
IWM,2024-06-20,09:45,CALL,TR-UD-15m intradia
IWM,2024-06-21,13:15,PUT,TR-UD-15m intradia
IWM,2024-06-26,13:15,PUT,TR-UD-15m intradia
IWM,2024-06-27,15:15,CALL,TR-UD-15m intradia
IWM,2024-06-28,15:45,CALL,TR-UD-15m intradia
IWM,2024-07-01,10:45,PUT,TR-UD-15m intradia
IWM,2024-07-02,12:45,PUT,TR-UD-15m intradia
IWM,2024-07-10,15:30,CALL,TR-UD-15m intradia
IWM,2024-07-22,13:15,CALL,TR-UD-15m intradia
IWM,2024-07-29,10:30,PUT,TR-UD-15m intradia
IWM,2024-07-30,13:00,PUT,TR-UD-15m intradia
IWM,2024-08-06,10:00,CALL,TR-UD-15m intradia
IWM,2024-08-08,12:15,CALL,TR-UD-15m intradia
IWM,2024-08-09,13:30,CALL,TR-UD-15m intradia
IWM,2024-08-13,12:30,CALL,TR-UD-15m intradia
IWM,2024-08-14,12:30,PUT,TR-UD-15m intradia
IWM,2024-08-16,14:00,CALL,TR-UD-15m intradia
IWM,2024-08-19,09:45,CALL,TR-UD-15m intradia
IWM,2024-08-19,12:15,CALL,TR-UD-15m intradia
IWM,2024-08-22,12:15,CALL,TR-UD-15m intradia
IWM,2024-08-22,13:45,PUT,TR-UD-15m intradia
IWM,2024-08-22,15:15,CALL,TR-UD-15m intradia
IWM,2024-08-28,11:00,CALL,TR-UD-15m intradia
IWM,2024-08-30,11:30,PUT,TR-UD-15m intradia
IWM,2024-08-30,15:30,CALL,TR-UD-15m intradia
IWM,2024-09-05,10:00,PUT,TR-UD-15m intradia
IWM,2024-09-18,10:45,PUT,TR-UD-15m intradia
IWM,2024-09-20,11:30,PUT,TR-UD-15m intradia
IWM,2024-09-24,15:45,PUT,TR-UD-15m intradia
IWM,2024-09-26,13:45,CALL,TR-UD-15m intradia
IWM,2024-09-30,13:15,PUT,TR-UD-15m intradia
IWM,2024-10-02,10:15,CALL,TR-UD-15m intradia
IWM,2024-10-02,12:15,PUT,TR-UD-15m intradia
IWM,2024-10-07,11:45,PUT,TR-UD-15m intradia
IWM,2024-10-08,12:00,CALL,TR-UD-15m intradia
IWM,2024-10-09,10:45,CALL,TR-UD-15m intradia
IWM,2024-10-18,10:15,PUT,TR-UD-15m intradia
IWM,2024-10-18,13:45,CALL,TR-UD-15m intradia
IWM,2024-10-18,15:15,PUT,TR-UD-15m intradia
IWM,2024-10-22,15:00,PUT,TR-UD-15m intradia
IWM,2024-10-24,15:00,CALL,TR-UD-15m intradia
IWM,2024-10-29,15:45,PUT,TR-UD-15m intradia
IWM,2024-11-07,15:15,CALL,TR-UD-15m intradia
IWM,2024-11-13,14:00,PUT,TR-UD-15m intradia
IWM,2024-11-18,11:45,CALL,TR-UD-15m intradia
IWM,2024-11-18,13:45,PUT,TR-UD-15m intradia
IWM,2024-11-19,14:00,CALL,TR-UD-15m intradia
IWM,2024-11-20,12:00,CALL,TR-UD-15m intradia
IWM,2024-11-20,14:45,CALL,TR-UD-15m intradia
IWM,2024-12-02,10:45,PUT,TR-UD-15m intradia
IWM,2024-12-03,09:45,PUT,TR-UD-15m intradia
IWM,2024-12-06,11:30,PUT,TR-UD-15m intradia
IWM,2024-12-06,14:30,PUT,TR-UD-15m intradia
IWM,2024-12-09,11:00,PUT,TR-UD-15m intradia
IWM,2024-12-11,13:30,CALL,TR-UD-15m intradia
IWM,2024-12-18,11:45,PUT,TR-UD-15m intradia
IWM,2024-12-18,13:15,CALL,TR-UD-15m intradia
IWM,2024-12-30,15:30,PUT,TR-UD-15m intradia
IWM,2024-12-31,09:45,CALL,TR-UD-15m intradia
IWM,2024-12-31,15:30,CALL,TR-UD-15m intradia
IWM,2025-01-02,13:15,PUT,TR-UD-15m intradia
IWM,2025-01-03,09:45,CALL,TR-UD-15m intradia
IWM,2025-01-03,13:30,CALL,TR-UD-15m intradia
IWM,2025-01-16,10:00,PUT,TR-UD-15m intradia
IWM,2025-01-16,12:15,CALL,TR-UD-15m intradia
IWM,2025-01-17,15:45,CALL,TR-UD-15m intradia
IWM,2025-01-22,14:45,CALL,TR-UD-15m intradia
IWM,2025-01-27,10:15,PUT,TR-UD-15m intradia
IWM,2025-01-29,14:45,CALL,TR-UD-15m intradia
IWM,2025-01-29,15:00,PUT,TR-UD-15m intradia
IWM,2025-01-31,12:30,CALL,TR-UD-15m intradia
IWM,2025-01-31,13:30,PUT,TR-UD-15m intradia
IWM,2025-02-04,10:00,CALL,TR-UD-15m intradia
IWM,2025-02-06,12:45,CALL,TR-UD-15m intradia
IWM,2025-02-13,14:00,CALL,TR-UD-15m intradia
IWM,2025-02-19,12:45,PUT,TR-UD-15m intradia
IWM,2025-02-26,15:00,PUT,TR-UD-15m intradia
IWM,2025-03-03,12:15,CALL,TR-UD-15m intradia
IWM,2025-03-05,11:15,PUT,TR-UD-15m intradia
IWM,2025-03-05,15:45,CALL,TR-UD-15m intradia
IWM,2025-03-06,09:45,PUT,TR-UD-15m intradia
IWM,2025-03-10,13:15,PUT,TR-UD-15m intradia
IWM,2025-03-19,12:00,CALL,TR-UD-15m intradia
IWM,2025-03-20,14:30,PUT,TR-UD-15m intradia
IWM,2025-03-25,12:15,CALL,TR-UD-15m intradia
IWM,2025-03-26,09:45,CALL,TR-UD-15m intradia
IWM,2025-04-01,09:45,PUT,TR-UD-15m intradia
IWM,2025-04-01,12:00,CALL,TR-UD-15m intradia
IWM,2025-04-02,10:30,CALL,TR-UD-15m intradia
IWM,2025-04-07,15:00,PUT,TR-UD-15m intradia
IWM,2025-04-08,12:30,PUT,TR-UD-15m intradia
IWM,2025-04-08,15:00,PUT,TR-UD-15m intradia
IWM,2025-04-17,09:45,CALL,TR-UD-15m intradia
IWM,2025-04-22,11:15,CALL,TR-UD-15m intradia
IWM,2025-04-25,12:45,CALL,TR-UD-15m intradia
IWM,2025-04-29,11:45,CALL,TR-UD-15m intradia
IWM,2025-05-07,09:45,CALL,TR-UD-15m intradia
IWM,2025-05-07,13:15,CALL,TR-UD-15m intradia
IWM,2025-05-20,11:15,CALL,TR-UD-15m intradia
IWM,2025-05-23,15:30,PUT,TR-UD-15m intradia
IWM,2025-05-30,15:30,CALL,TR-UD-15m intradia
IWM,2025-06-02,14:30,CALL,TR-UD-15m intradia
IWM,2025-06-05,09:45,PUT,TR-UD-15m intradia
IWM,2025-06-10,15:15,CALL,TR-UD-15m intradia
IWM,2025-06-16,10:45,CALL,TR-UD-15m intradia
IWM,2025-06-17,13:15,PUT,TR-UD-15m intradia
IWM,2025-06-18,10:15,CALL,TR-UD-15m intradia
IWM,2025-06-20,11:30,PUT,TR-UD-15m intradia
IWM,2025-06-23,09:45,PUT,TR-UD-15m intradia
IWM,2025-06-30,14:00,PUT,TR-UD-15m intradia
IWM,2025-06-30,14:15,CALL,TR-UD-15m intradia
IWM,2025-07-08,11:45,CALL,TR-UD-15m intradia
IWM,2025-07-14,12:00,PUT,TR-UD-15m intradia
IWM,2025-07-16,15:45,PUT,TR-UD-15m intradia
IWM,2025-07-21,14:45,PUT,TR-UD-15m intradia
IWM,2025-07-22,13:30,CALL,TR-UD-15m intradia
IWM,2025-07-24,11:45,PUT,TR-UD-15m intradia
IWM,2025-07-28,15:00,CALL,TR-UD-15m intradia
IWM,2025-07-29,10:45,PUT,TR-UD-15m intradia
IWM,2025-07-30,12:30,CALL,TR-UD-15m intradia
IWM,2025-08-05,15:30,CALL,TR-UD-15m intradia
IWM,2025-08-06,15:15,CALL,TR-UD-15m intradia
IWM,2025-08-08,14:30,PUT,TR-UD-15m intradia
IWM,2025-08-11,11:00,PUT,TR-UD-15m intradia
IWM,2025-08-11,14:45,PUT,TR-UD-15m intradia
IWM,2025-08-15,15:00,PUT,TR-UD-15m intradia
IWM,2025-08-18,09:45,CALL,TR-UD-15m intradia
IWM,2025-08-18,13:15,CALL,TR-UD-15m intradia
IWM,2025-08-19,09:45,CALL,TR-UD-15m intradia
IWM,2025-08-21,09:45,PUT,TR-UD-15m intradia
IWM,2025-08-21,11:45,CALL,TR-UD-15m intradia
IWM,2025-08-25,15:00,CALL,TR-UD-15m intradia
IWM,2025-08-26,12:15,CALL,TR-UD-15m intradia
IWM,2025-08-27,13:00,CALL,TR-UD-15m intradia
IWM,2025-08-28,14:30,CALL,TR-UD-15m intradia
IWM,2025-08-29,10:00,PUT,TR-UD-15m intradia
IWM,2025-09-03,13:45,PUT,TR-UD-15m intradia
IWM,2025-09-03,15:45,CALL,TR-UD-15m intradia
IWM,2025-09-04,11:30,CALL,TR-UD-15m intradia
IWM,2025-09-08,10:00,PUT,TR-UD-15m intradia
IWM,2025-09-08,14:30,CALL,TR-UD-15m intradia
IWM,2025-09-10,12:30,PUT,TR-UD-15m intradia
IWM,2025-09-10,13:00,CALL,TR-UD-15m intradia
IWM,2025-09-15,13:45,CALL,TR-UD-15m intradia
IWM,2025-09-15,15:30,PUT,TR-UD-15m intradia
IWM,2025-09-22,14:00,PUT,TR-UD-15m intradia
IWM,2025-09-29,14:00,CALL,TR-UD-15m intradia
IWM,2025-10-02,14:00,CALL,TR-UD-15m intradia
IWM,2025-10-08,11:15,CALL,TR-UD-15m intradia
IWM,2025-10-10,11:00,PUT,TR-UD-15m intradia
IWM,2025-10-13,11:30,CALL,TR-UD-15m intradia
IWM,2025-10-16,11:30,PUT,TR-UD-15m intradia
IWM,2025-10-21,14:45,PUT,TR-UD-15m intradia
IWM,2025-10-23,12:00,CALL,TR-UD-15m intradia
IWM,2025-10-27,13:00,CALL,TR-UD-15m intradia
IWM,2025-10-28,13:30,PUT,TR-UD-15m intradia
IWM,2025-10-29,11:00,CALL,TR-UD-15m intradia
IWM,2025-11-03,15:00,PUT,TR-UD-15m intradia
IWM,2025-11-05,12:15,CALL,TR-UD-15m intradia
IWM,2025-11-12,11:15,PUT,TR-UD-15m intradia
IWM,2025-11-14,14:45,PUT,TR-UD-15m intradia
IWM,2025-11-19,10:00,CALL,TR-UD-15m intradia
IWM,2025-11-19,15:15,CALL,TR-UD-15m intradia
IWM,2025-11-20,12:30,PUT,TR-UD-15m intradia
IWM,2025-11-21,13:45,CALL,TR-UD-15m intradia
IWM,2025-12-02,10:00,CALL,TR-UD-15m intradia
IWM,2025-12-02,15:30,PUT,TR-UD-15m intradia
IWM,2025-12-08,13:00,CALL,TR-UD-15m intradia
IWM,2025-12-10,10:15,CALL,TR-UD-15m intradia
IWM,2025-12-17,11:45,PUT,TR-UD-15m intradia
IWM,2025-12-18,14:45,PUT,TR-UD-15m intradia
IWM,2025-12-19,11:30,CALL,TR-UD-15m intradia
IWM,2025-12-24,10:30,CALL,TR-UD-15m intradia
IWM,2025-12-26,14:15,PUT,TR-UD-15m intradia
IWM,2025-12-30,14:00,PUT,TR-UD-15m intradia
IWM,2026-01-02,10:15,PUT,TR-UD-15m intradia
IWM,2026-01-07,15:00,CALL,TR-UD-15m intradia
IWM,2026-01-12,11:00,CALL,TR-UD-15m intradia
IWM,2026-01-12,13:30,CALL,TR-UD-15m intradia
IWM,2026-01-13,12:15,CALL,TR-UD-15m intradia
IWM,2026-01-13,14:30,CALL,TR-UD-15m intradia
IWM,2026-01-14,10:00,PUT,TR-UD-15m intradia
IWM,2026-01-16,13:30,CALL,TR-UD-15m intradia
IWM,2026-01-21,09:45,CALL,TR-UD-15m intradia
IWM,2026-01-26,14:45,PUT,TR-UD-15m intradia
IWM,2026-01-27,10:30,PUT,TR-UD-15m intradia
IWM,2026-01-28,10:15,PUT,TR-UD-15m intradia
IWM,2026-01-28,14:30,PUT,TR-UD-15m intradia
IWM,2026-02-02,09:45,CALL,TR-UD-15m intradia
IWM,2026-02-05,09:45,CALL,TR-UD-15m intradia
IWM,2026-02-11,10:00,PUT,TR-UD-15m intradia
IWM,2026-02-12,10:45,PUT,TR-UD-15m intradia
IWM,2026-02-17,13:30,CALL,TR-UD-15m intradia
IWM,2026-02-19,09:45,PUT,TR-UD-15m intradia
IWM,2026-02-25,14:45,CALL,TR-UD-15m intradia
IWM,2026-03-02,13:00,CALL,TR-UD-15m intradia
IWM,2026-03-04,10:15,CALL,TR-UD-15m intradia
IWM,2026-03-13,11:30,PUT,TR-UD-15m intradia
IWM,2026-03-20,10:00,PUT,TR-UD-15m intradia
IWM,2026-03-24,14:45,CALL,TR-UD-15m intradia
IWM,2026-03-31,12:45,CALL,TR-UD-15m intradia
IWM,2026-04-02,15:30,PUT,TR-UD-15m intradia
IWM,2026-04-09,10:15,PUT,TR-UD-15m intradia
IWM,2026-04-15,14:15,CALL,TR-UD-15m intradia
IWM,2026-04-20,14:45,CALL,TR-UD-15m intradia
IWM,2026-04-21,12:45,PUT,TR-UD-15m intradia
IWM,2026-04-23,11:30,CALL,TR-UD-15m intradia
IWM,2026-04-24,09:45,CALL,TR-UD-15m intradia
IWM,2026-04-27,13:30,CALL,TR-UD-15m intradia
IWM,2026-05-07,12:00,PUT,TR-UD-15m intradia
IWM,2026-05-20,09:45,CALL,TR-UD-15m intradia
IWM,2026-05-28,11:15,CALL,TR-UD-15m intradia
IWM,2026-06-01,15:15,PUT,TR-UD-15m intradia
IWM,2026-06-08,15:15,PUT,TR-UD-15m intradia
IWM,2026-06-09,11:30,PUT,TR-UD-15m intradia
IWM,2026-06-10,13:15,PUT,TR-UD-15m intradia
IWM,2026-06-11,13:30,CALL,TR-UD-15m intradia
IWM,2026-06-15,13:30,CALL,TR-UD-15m intradia
IWM,2026-06-17,11:30,CALL,TR-UD-15m intradia
IWM,2026-06-18,12:30,CALL,TR-UD-15m intradia
IWM,2026-06-18,15:00,CALL,TR-UD-15m intradia
IWM,2026-06-23,10:15,PUT,TR-UD-15m intradia
IWM,2026-06-23,13:00,PUT,TR-UD-15m intradia
IWM,2026-06-24,10:00,CALL,TR-UD-15m intradia
NVDA,2022-06-06,12:15,PUT,TR-UD-15m intradia
NVDA,2022-06-08,15:45,CALL,TR-UD-15m intradia
NVDA,2022-06-17,12:15,CALL,TR-UD-15m intradia
NVDA,2022-06-27,14:45,CALL,TR-UD-15m intradia
NVDA,2022-06-28,10:00,PUT,TR-UD-15m intradia
NVDA,2022-07-12,12:00,CALL,TR-UD-15m intradia
NVDA,2022-07-12,14:45,PUT,TR-UD-15m intradia
NVDA,2022-07-13,10:45,CALL,TR-UD-15m intradia
NVDA,2022-07-14,13:45,CALL,TR-UD-15m intradia
NVDA,2022-07-19,12:45,CALL,TR-UD-15m intradia
NVDA,2022-08-02,09:45,PUT,TR-UD-15m intradia
NVDA,2022-08-02,11:00,CALL,TR-UD-15m intradia
NVDA,2022-08-03,12:30,CALL,TR-UD-15m intradia
NVDA,2022-08-03,14:30,CALL,TR-UD-15m intradia
NVDA,2022-08-10,11:15,CALL,TR-UD-15m intradia
NVDA,2022-08-12,12:30,CALL,TR-UD-15m intradia
NVDA,2022-08-16,09:45,PUT,TR-UD-15m intradia
NVDA,2022-08-18,09:45,CALL,TR-UD-15m intradia
NVDA,2022-08-23,13:45,PUT,TR-UD-15m intradia
NVDA,2022-08-23,15:45,PUT,TR-UD-15m intradia
NVDA,2022-08-24,11:15,CALL,TR-UD-15m intradia
NVDA,2022-08-24,14:45,PUT,TR-UD-15m intradia
NVDA,2022-09-02,10:45,CALL,TR-UD-15m intradia
NVDA,2022-09-02,12:45,PUT,TR-UD-15m intradia
NVDA,2022-09-02,15:30,PUT,TR-UD-15m intradia
NVDA,2022-09-07,14:15,CALL,TR-UD-15m intradia
NVDA,2022-09-12,15:15,CALL,TR-UD-15m intradia
NVDA,2022-09-15,10:00,CALL,TR-UD-15m intradia
NVDA,2022-09-16,14:30,CALL,TR-UD-15m intradia
NVDA,2022-09-20,09:45,PUT,TR-UD-15m intradia
NVDA,2022-09-26,13:45,PUT,TR-UD-15m intradia
NVDA,2022-10-05,15:00,CALL,TR-UD-15m intradia
NVDA,2022-10-12,10:15,PUT,TR-UD-15m intradia
NVDA,2022-10-12,14:15,CALL,TR-UD-15m intradia
NVDA,2022-10-13,11:15,CALL,TR-UD-15m intradia
NVDA,2022-10-14,12:00,PUT,TR-UD-15m intradia
NVDA,2022-10-17,11:30,CALL,TR-UD-15m intradia
NVDA,2022-10-18,15:45,CALL,TR-UD-15m intradia
NVDA,2022-10-19,13:15,PUT,TR-UD-15m intradia
NVDA,2022-10-31,14:45,CALL,TR-UD-15m intradia
NVDA,2022-11-02,15:00,PUT,TR-UD-15m intradia
NVDA,2022-11-22,10:00,CALL,TR-UD-15m intradia
NVDA,2022-12-05,11:00,CALL,TR-UD-15m intradia
NVDA,2022-12-14,09:45,PUT,TR-UD-15m intradia
NVDA,2022-12-14,12:30,PUT,TR-UD-15m intradia
NVDA,2023-01-03,10:15,PUT,TR-UD-15m intradia
NVDA,2023-01-11,10:00,PUT,TR-UD-15m intradia
NVDA,2023-01-11,14:45,CALL,TR-UD-15m intradia
NVDA,2023-02-03,09:45,PUT,TR-UD-15m intradia
NVDA,2023-02-06,14:45,PUT,TR-UD-15m intradia
NVDA,2023-02-07,10:15,CALL,TR-UD-15m intradia
NVDA,2023-02-24,12:30,PUT,TR-UD-15m intradia
NVDA,2023-03-02,13:30,PUT,TR-UD-15m intradia
NVDA,2023-03-08,12:00,CALL,TR-UD-15m intradia
NVDA,2023-03-13,15:30,PUT,TR-UD-15m intradia
NVDA,2023-03-15,10:30,PUT,TR-UD-15m intradia
NVDA,2023-03-21,15:00,CALL,TR-UD-15m intradia
NVDA,2023-03-24,10:15,PUT,TR-UD-15m intradia
NVDA,2023-04-03,13:00,PUT,TR-UD-15m intradia
NVDA,2023-04-04,14:30,PUT,TR-UD-15m intradia
NVDA,2023-04-06,11:15,CALL,TR-UD-15m intradia
NVDA,2023-04-11,13:30,CALL,TR-UD-15m intradia
NVDA,2023-04-13,14:30,PUT,TR-UD-15m intradia
NVDA,2023-04-14,10:00,CALL,TR-UD-15m intradia
NVDA,2023-04-17,09:45,CALL,TR-UD-15m intradia
NVDA,2023-04-19,12:30,CALL,TR-UD-15m intradia
NVDA,2023-04-24,10:45,PUT,TR-UD-15m intradia
NVDA,2023-04-26,11:30,CALL,TR-UD-15m intradia
NVDA,2023-05-12,09:45,CALL,TR-UD-15m intradia
NVDA,2023-05-19,15:45,CALL,TR-UD-15m intradia
NVDA,2023-05-23,11:45,PUT,TR-UD-15m intradia
NVDA,2023-05-26,14:30,CALL,TR-UD-15m intradia
NVDA,2023-06-01,12:15,CALL,TR-UD-15m intradia
NVDA,2023-06-07,12:30,PUT,TR-UD-15m intradia
NVDA,2023-06-12,10:00,PUT,TR-UD-15m intradia
NVDA,2023-06-20,12:30,CALL,TR-UD-15m intradia
NVDA,2023-06-20,15:15,CALL,TR-UD-15m intradia
NVDA,2023-06-22,11:45,CALL,TR-UD-15m intradia
NVDA,2023-06-26,10:00,CALL,TR-UD-15m intradia
NVDA,2023-06-28,10:00,PUT,TR-UD-15m intradia
NVDA,2023-07-05,10:00,CALL,TR-UD-15m intradia
NVDA,2023-07-05,15:15,CALL,TR-UD-15m intradia
NVDA,2023-07-05,15:45,PUT,TR-UD-15m intradia
NVDA,2023-07-11,13:15,PUT,TR-UD-15m intradia
NVDA,2023-07-11,15:30,CALL,TR-UD-15m intradia
NVDA,2023-07-18,10:00,CALL,TR-UD-15m intradia
NVDA,2023-07-19,14:30,PUT,TR-UD-15m intradia
NVDA,2023-07-24,14:45,PUT,TR-UD-15m intradia
NVDA,2023-07-28,11:30,CALL,TR-UD-15m intradia
NVDA,2023-07-28,15:15,PUT,TR-UD-15m intradia
NVDA,2023-07-31,11:30,PUT,TR-UD-15m intradia
NVDA,2023-07-31,15:00,CALL,TR-UD-15m intradia
NVDA,2023-08-01,11:00,CALL,TR-UD-15m intradia
NVDA,2023-08-01,13:45,PUT,TR-UD-15m intradia
NVDA,2023-08-07,14:00,PUT,TR-UD-15m intradia
NVDA,2023-08-23,14:45,PUT,TR-UD-15m intradia
NVDA,2023-08-31,12:00,CALL,TR-UD-15m intradia
NVDA,2023-08-31,15:15,CALL,TR-UD-15m intradia
NVDA,2023-09-06,09:45,PUT,TR-UD-15m intradia
NVDA,2023-09-13,09:45,CALL,TR-UD-15m intradia
NVDA,2023-09-20,10:00,CALL,TR-UD-15m intradia
NVDA,2023-09-20,11:15,PUT,TR-UD-15m intradia
NVDA,2023-09-20,13:15,PUT,TR-UD-15m intradia
NVDA,2023-09-26,10:00,PUT,TR-UD-15m intradia
NVDA,2023-09-26,10:30,CALL,TR-UD-15m intradia
NVDA,2023-09-26,14:00,CALL,TR-UD-15m intradia
NVDA,2023-09-27,12:00,PUT,TR-UD-15m intradia
NVDA,2023-09-27,14:45,CALL,TR-UD-15m intradia
NVDA,2023-10-03,10:30,PUT,TR-UD-15m intradia
NVDA,2023-10-09,11:15,PUT,TR-UD-15m intradia
NVDA,2023-10-10,10:00,CALL,TR-UD-15m intradia
NVDA,2023-10-13,11:00,PUT,TR-UD-15m intradia
NVDA,2023-10-19,13:45,PUT,TR-UD-15m intradia
NVDA,2023-10-27,13:00,PUT,TR-UD-15m intradia
NVDA,2023-11-10,11:00,CALL,TR-UD-15m intradia
NVDA,2023-11-15,09:45,PUT,TR-UD-15m intradia
NVDA,2023-11-27,14:45,PUT,TR-UD-15m intradia
NVDA,2023-12-01,15:45,PUT,TR-UD-15m intradia
NVDA,2023-12-07,12:30,CALL,TR-UD-15m intradia
NVDA,2023-12-12,09:45,CALL,TR-UD-15m intradia
NVDA,2023-12-29,10:45,PUT,TR-UD-15m intradia
NVDA,2024-01-11,15:00,CALL,TR-UD-15m intradia
NVDA,2024-01-12,13:30,CALL,TR-UD-15m intradia
NVDA,2024-01-29,13:45,CALL,TR-UD-15m intradia
NVDA,2024-02-01,12:15,CALL,TR-UD-15m intradia
NVDA,2024-02-06,11:00,PUT,TR-UD-15m intradia
NVDA,2024-02-09,10:00,CALL,TR-UD-15m intradia
NVDA,2024-02-15,09:45,PUT,TR-UD-15m intradia
NVDA,2024-02-15,14:45,CALL,TR-UD-15m intradia
NVDA,2024-02-15,15:15,PUT,TR-UD-15m intradia
NVDA,2024-02-26,12:30,CALL,TR-UD-15m intradia
NVDA,2024-02-26,14:15,PUT,TR-UD-15m intradia
NVDA,2024-03-13,11:30,PUT,TR-UD-15m intradia
NVDA,2024-03-13,14:45,CALL,TR-UD-15m intradia
NVDA,2024-03-20,15:30,CALL,TR-UD-15m intradia
NVDA,2024-03-28,14:00,PUT,TR-UD-15m intradia
NVDA,2024-04-01,11:30,PUT,TR-UD-15m intradia
NVDA,2024-04-04,13:45,CALL,TR-UD-15m intradia
NVDA,2024-04-04,14:00,PUT,TR-UD-15m intradia
NVDA,2024-04-05,15:45,PUT,TR-UD-15m intradia
NVDA,2024-04-08,11:45,CALL,TR-UD-15m intradia
NVDA,2024-04-12,13:15,CALL,TR-UD-15m intradia
NVDA,2024-04-15,12:30,PUT,TR-UD-15m intradia
NVDA,2024-04-18,14:45,PUT,TR-UD-15m intradia
NVDA,2024-04-22,15:30,PUT,TR-UD-15m intradia
NVDA,2024-04-25,12:30,CALL,TR-UD-15m intradia
NVDA,2024-04-29,13:15,CALL,TR-UD-15m intradia
NVDA,2024-04-30,09:45,CALL,TR-UD-15m intradia
NVDA,2024-05-13,13:00,CALL,TR-UD-15m intradia
NVDA,2024-05-13,14:15,PUT,TR-UD-15m intradia
NVDA,2024-05-14,10:30,CALL,TR-UD-15m intradia
NVDA,2024-05-21,15:15,CALL,TR-UD-15m intradia
NVDA,2024-05-22,13:30,CALL,TR-UD-15m intradia
NVDA,2024-05-22,15:45,CALL,TR-UD-15m intradia
NVDA,2024-05-24,12:45,CALL,TR-UD-15m intradia
NVDA,2024-06-10,09:45,PUT,TR-UD-15m intradia
NVDA,2024-06-17,14:00,CALL,TR-UD-15m intradia
NVDA,2024-06-28,09:45,CALL,TR-UD-15m intradia
NVDA,2024-07-02,12:00,PUT,TR-UD-15m intradia
NVDA,2024-07-03,10:45,CALL,TR-UD-15m intradia
NVDA,2024-07-15,12:15,PUT,TR-UD-15m intradia
NVDA,2024-07-18,13:00,CALL,TR-UD-15m intradia
NVDA,2024-07-18,15:15,PUT,TR-UD-15m intradia
NVDA,2024-07-19,12:45,PUT,TR-UD-15m intradia
NVDA,2024-07-29,10:30,CALL,TR-UD-15m intradia
NVDA,2024-08-20,13:45,CALL,TR-UD-15m intradia
NVDA,2024-08-21,09:45,CALL,TR-UD-15m intradia
NVDA,2024-08-22,11:30,PUT,TR-UD-15m intradia
NVDA,2024-08-26,13:15,PUT,TR-UD-15m intradia
NVDA,2024-09-05,10:30,CALL,TR-UD-15m intradia
NVDA,2024-09-05,15:30,CALL,TR-UD-15m intradia
NVDA,2024-09-13,15:30,CALL,TR-UD-15m intradia
NVDA,2024-09-24,10:45,PUT,TR-UD-15m intradia
NVDA,2024-09-26,11:00,PUT,TR-UD-15m intradia
NVDA,2024-10-09,15:45,CALL,TR-UD-15m intradia
NVDA,2024-10-11,13:45,CALL,TR-UD-15m intradia
NVDA,2024-10-28,09:45,PUT,TR-UD-15m intradia
NVDA,2024-11-13,10:45,PUT,TR-UD-15m intradia
NVDA,2024-11-20,14:45,CALL,TR-UD-15m intradia
NVDA,2024-11-22,11:30,PUT,TR-UD-15m intradia
NVDA,2024-11-26,14:15,PUT,TR-UD-15m intradia
NVDA,2024-12-02,15:15,CALL,TR-UD-15m intradia
NVDA,2024-12-03,14:30,CALL,TR-UD-15m intradia
NVDA,2024-12-06,10:00,CALL,TR-UD-15m intradia
NVDA,2024-12-12,14:45,CALL,TR-UD-15m intradia
NVDA,2024-12-20,10:30,CALL,TR-UD-15m intradia
NVDA,2024-12-30,12:15,CALL,TR-UD-15m intradia
NVDA,2025-01-16,14:00,CALL,TR-UD-15m intradia
NVDA,2025-01-23,13:30,CALL,TR-UD-15m intradia
NVDA,2025-01-29,12:00,PUT,TR-UD-15m intradia
NVDA,2025-02-04,09:45,CALL,TR-UD-15m intradia
NVDA,2025-02-07,15:45,CALL,TR-UD-15m intradia
NVDA,2025-02-19,13:15,PUT,TR-UD-15m intradia
NVDA,2025-02-20,12:15,CALL,TR-UD-15m intradia
NVDA,2025-02-27,09:45,PUT,TR-UD-15m intradia
NVDA,2025-03-13,14:15,CALL,TR-UD-15m intradia
NVDA,2025-03-19,11:45,CALL,TR-UD-15m intradia
NVDA,2025-03-20,15:00,PUT,TR-UD-15m intradia
NVDA,2025-04-01,11:15,CALL,TR-UD-15m intradia
NVDA,2025-04-07,11:00,CALL,TR-UD-15m intradia
NVDA,2025-04-09,12:45,CALL,TR-UD-15m intradia
NVDA,2025-04-11,12:00,CALL,TR-UD-15m intradia
NVDA,2025-04-15,12:00,CALL,TR-UD-15m intradia
NVDA,2025-05-05,14:15,CALL,TR-UD-15m intradia
NVDA,2025-05-06,12:15,CALL,TR-UD-15m intradia
NVDA,2025-05-06,14:30,CALL,TR-UD-15m intradia
NVDA,2025-05-15,12:45,CALL,TR-UD-15m intradia
NVDA,2025-05-16,13:15,CALL,TR-UD-15m intradia
NVDA,2025-05-21,13:30,PUT,TR-UD-15m intradia
NVDA,2025-06-02,11:45,CALL,TR-UD-15m intradia
NVDA,2025-06-04,13:15,CALL,TR-UD-15m intradia
NVDA,2025-06-05,14:15,PUT,TR-UD-15m intradia
NVDA,2025-06-06,14:15,CALL,TR-UD-15m intradia
NVDA,2025-06-09,12:15,PUT,TR-UD-15m intradia
NVDA,2025-06-12,09:45,CALL,TR-UD-15m intradia
NVDA,2025-06-17,11:00,PUT,TR-UD-15m intradia
NVDA,2025-06-18,10:30,CALL,TR-UD-15m intradia
NVDA,2025-06-30,15:45,CALL,TR-UD-15m intradia
NVDA,2025-07-07,14:30,PUT,TR-UD-15m intradia
NVDA,2025-07-08,09:45,CALL,TR-UD-15m intradia
NVDA,2025-07-16,10:00,PUT,TR-UD-15m intradia
NVDA,2025-07-16,15:45,CALL,TR-UD-15m intradia
NVDA,2025-07-29,15:15,CALL,TR-UD-15m intradia
NVDA,2025-08-05,13:30,CALL,TR-UD-15m intradia
NVDA,2025-08-06,10:15,CALL,TR-UD-15m intradia
NVDA,2025-08-12,11:45,CALL,TR-UD-15m intradia
NVDA,2025-08-12,13:45,CALL,TR-UD-15m intradia
NVDA,2025-08-22,09:45,PUT,TR-UD-15m intradia
NVDA,2025-08-27,13:30,CALL,TR-UD-15m intradia
NVDA,2025-09-03,10:00,CALL,TR-UD-15m intradia
NVDA,2025-09-04,14:30,PUT,TR-UD-15m intradia
NVDA,2025-09-04,15:00,CALL,TR-UD-15m intradia
NVDA,2025-09-11,10:15,PUT,TR-UD-15m intradia
NVDA,2025-09-11,13:15,CALL,TR-UD-15m intradia
NVDA,2025-09-12,13:30,PUT,TR-UD-15m intradia
NVDA,2025-09-15,12:00,CALL,TR-UD-15m intradia
NVDA,2025-09-19,14:45,CALL,TR-UD-15m intradia
NVDA,2025-09-22,09:45,PUT,TR-UD-15m intradia
NVDA,2025-09-26,10:15,PUT,TR-UD-15m intradia
NVDA,2025-09-26,13:45,CALL,TR-UD-15m intradia
NVDA,2025-10-01,13:15,CALL,TR-UD-15m intradia
NVDA,2025-10-03,10:00,PUT,TR-UD-15m intradia
NVDA,2025-10-07,09:45,CALL,TR-UD-15m intradia
NVDA,2025-10-07,15:30,CALL,TR-UD-15m intradia
NVDA,2025-10-10,11:15,PUT,TR-UD-15m intradia
NVDA,2025-10-16,14:15,PUT,TR-UD-15m intradia
NVDA,2025-10-17,14:00,CALL,TR-UD-15m intradia
NVDA,2025-10-22,09:45,CALL,TR-UD-15m intradia
NVDA,2025-10-22,11:15,PUT,TR-UD-15m intradia
NVDA,2025-11-11,09:45,PUT,TR-UD-15m intradia
NVDA,2025-11-17,13:45,CALL,TR-UD-15m intradia
NVDA,2025-11-20,12:00,PUT,TR-UD-15m intradia
NVDA,2025-12-01,12:15,CALL,TR-UD-15m intradia
NVDA,2025-12-03,15:00,PUT,TR-UD-15m intradia
NVDA,2025-12-08,12:30,CALL,TR-UD-15m intradia
NVDA,2025-12-15,14:45,PUT,TR-UD-15m intradia
NVDA,2025-12-16,10:00,CALL,TR-UD-15m intradia
NVDA,2025-12-16,13:30,PUT,TR-UD-15m intradia
NVDA,2025-12-16,13:45,CALL,TR-UD-15m intradia
NVDA,2025-12-30,13:15,CALL,TR-UD-15m intradia
NVDA,2025-12-31,13:15,CALL,TR-UD-15m intradia
NVDA,2026-01-06,13:15,PUT,TR-UD-15m intradia
NVDA,2026-01-06,15:15,PUT,TR-UD-15m intradia
NVDA,2026-01-09,15:45,PUT,TR-UD-15m intradia
NVDA,2026-01-12,12:30,CALL,TR-UD-15m intradia
NVDA,2026-01-16,12:45,PUT,TR-UD-15m intradia
NVDA,2026-01-21,11:30,CALL,TR-UD-15m intradia
NVDA,2026-01-26,10:00,PUT,TR-UD-15m intradia
NVDA,2026-01-29,09:45,PUT,TR-UD-15m intradia
NVDA,2026-02-11,12:30,CALL,TR-UD-15m intradia
NVDA,2026-02-17,12:30,CALL,TR-UD-15m intradia
NVDA,2026-02-23,15:45,CALL,TR-UD-15m intradia
NVDA,2026-02-24,09:45,PUT,TR-UD-15m intradia
NVDA,2026-03-02,09:45,CALL,TR-UD-15m intradia
NVDA,2026-03-06,12:45,PUT,TR-UD-15m intradia
NVDA,2026-03-09,15:00,PUT,TR-UD-15m intradia
NVDA,2026-03-11,14:30,CALL,TR-UD-15m intradia
NVDA,2026-03-13,10:00,CALL,TR-UD-15m intradia
NVDA,2026-03-13,10:45,PUT,TR-UD-15m intradia
NVDA,2026-03-17,12:15,PUT,TR-UD-15m intradia
NVDA,2026-03-18,14:45,PUT,TR-UD-15m intradia
NVDA,2026-04-02,10:45,CALL,TR-UD-15m intradia
NVDA,2026-04-20,09:45,PUT,TR-UD-15m intradia
NVDA,2026-04-21,14:45,CALL,TR-UD-15m intradia
NVDA,2026-04-22,10:45,CALL,TR-UD-15m intradia
NVDA,2026-04-24,09:45,CALL,TR-UD-15m intradia
NVDA,2026-04-28,09:45,PUT,TR-UD-15m intradia
NVDA,2026-04-29,13:00,PUT,TR-UD-15m intradia
NVDA,2026-05-05,14:00,PUT,TR-UD-15m intradia
NVDA,2026-05-21,10:00,PUT,TR-UD-15m intradia
NVDA,2026-05-28,09:45,CALL,TR-UD-15m intradia
NVDA,2026-06-08,15:15,PUT,TR-UD-15m intradia
NVDA,2026-06-10,13:15,PUT,TR-UD-15m intradia
NVDA,2026-06-16,11:45,PUT,TR-UD-15m intradia
NVDA,2026-06-18,10:00,CALL,TR-UD-15m intradia
TSLA,2022-06-07,10:00,PUT,TR-UD-15m intradia
TSLA,2022-06-07,13:30,PUT,TR-UD-15m intradia
TSLA,2022-06-09,15:15,PUT,TR-UD-15m intradia
TSLA,2022-06-16,09:45,PUT,TR-UD-15m intradia
TSLA,2022-06-28,10:45,PUT,TR-UD-15m intradia
TSLA,2022-07-01,13:00,PUT,TR-UD-15m intradia
TSLA,2022-07-05,12:30,CALL,TR-UD-15m intradia
TSLA,2022-07-13,10:00,CALL,TR-UD-15m intradia
TSLA,2022-07-14,14:45,CALL,TR-UD-15m intradia
TSLA,2022-07-19,09:45,PUT,TR-UD-15m intradia
TSLA,2022-08-02,09:45,PUT,TR-UD-15m intradia
TSLA,2022-08-02,12:30,CALL,TR-UD-15m intradia
TSLA,2022-08-02,15:45,PUT,TR-UD-15m intradia
TSLA,2022-08-04,15:00,CALL,TR-UD-15m intradia
TSLA,2022-08-09,09:45,PUT,TR-UD-15m intradia
TSLA,2022-08-11,13:45,CALL,TR-UD-15m intradia
TSLA,2022-08-16,13:30,CALL,TR-UD-15m intradia
TSLA,2022-08-18,14:45,PUT,TR-UD-15m intradia
TSLA,2022-08-26,11:15,PUT,TR-UD-15m intradia
TSLA,2022-08-31,14:45,PUT,TR-UD-15m intradia
TSLA,2022-09-02,15:00,PUT,TR-UD-15m intradia
TSLA,2022-09-06,15:00,PUT,TR-UD-15m intradia
TSLA,2022-09-26,14:30,PUT,TR-UD-15m intradia
TSLA,2022-09-28,10:30,CALL,TR-UD-15m intradia
TSLA,2022-09-30,13:15,PUT,TR-UD-15m intradia
TSLA,2022-10-10,15:30,PUT,TR-UD-15m intradia
TSLA,2022-10-11,13:30,PUT,TR-UD-15m intradia
TSLA,2022-10-13,11:30,CALL,TR-UD-15m intradia
TSLA,2022-10-18,15:30,CALL,TR-UD-15m intradia
TSLA,2022-10-19,13:30,PUT,TR-UD-15m intradia
TSLA,2022-10-21,14:00,CALL,TR-UD-15m intradia
TSLA,2022-10-27,14:30,CALL,TR-UD-15m intradia
TSLA,2022-11-04,11:45,PUT,TR-UD-15m intradia
TSLA,2022-11-10,11:30,CALL,TR-UD-15m intradia
TSLA,2022-11-14,09:45,PUT,TR-UD-15m intradia
TSLA,2022-11-29,10:00,PUT,TR-UD-15m intradia
TSLA,2022-12-02,09:45,PUT,TR-UD-15m intradia
TSLA,2022-12-15,13:15,PUT,TR-UD-15m intradia
TSLA,2023-01-06,12:00,CALL,TR-UD-15m intradia
TSLA,2023-01-20,09:45,CALL,TR-UD-15m intradia
TSLA,2023-01-24,14:45,CALL,TR-UD-15m intradia
TSLA,2023-01-25,13:15,CALL,TR-UD-15m intradia
TSLA,2023-01-31,15:15,PUT,TR-UD-15m intradia
TSLA,2023-02-06,14:15,CALL,TR-UD-15m intradia
TSLA,2023-02-07,13:30,PUT,TR-UD-15m intradia
TSLA,2023-02-21,14:30,PUT,TR-UD-15m intradia
TSLA,2023-03-03,11:45,CALL,TR-UD-15m intradia
TSLA,2023-03-06,11:45,PUT,TR-UD-15m intradia
TSLA,2023-03-13,12:15,CALL,TR-UD-15m intradia
TSLA,2023-03-15,11:30,PUT,TR-UD-15m intradia
TSLA,2023-03-16,10:30,CALL,TR-UD-15m intradia
TSLA,2023-03-23,13:15,PUT,TR-UD-15m intradia
TSLA,2023-04-06,14:45,PUT,TR-UD-15m intradia
TSLA,2023-04-11,09:45,CALL,TR-UD-15m intradia
TSLA,2023-04-13,14:45,PUT,TR-UD-15m intradia
TSLA,2023-04-14,12:15,PUT,TR-UD-15m intradia
TSLA,2023-04-18,10:30,PUT,TR-UD-15m intradia
TSLA,2023-04-18,15:00,PUT,TR-UD-15m intradia
TSLA,2023-04-21,13:15,CALL,TR-UD-15m intradia
TSLA,2023-04-25,11:15,CALL,TR-UD-15m intradia
TSLA,2023-04-25,14:45,PUT,TR-UD-15m intradia
TSLA,2023-05-10,13:30,PUT,TR-UD-15m intradia
TSLA,2023-05-16,10:30,CALL,TR-UD-15m intradia
TSLA,2023-05-23,15:45,CALL,TR-UD-15m intradia
TSLA,2023-05-31,10:00,PUT,TR-UD-15m intradia
TSLA,2023-06-06,11:15,CALL,TR-UD-15m intradia
TSLA,2023-06-12,14:00,CALL,TR-UD-15m intradia
TSLA,2023-06-15,10:30,CALL,TR-UD-15m intradia
TSLA,2023-06-15,15:30,PUT,TR-UD-15m intradia
TSLA,2023-06-22,14:30,PUT,TR-UD-15m intradia
TSLA,2023-06-29,15:15,CALL,TR-UD-15m intradia
TSLA,2023-07-05,12:00,PUT,TR-UD-15m intradia
TSLA,2023-07-24,12:15,CALL,TR-UD-15m intradia
TSLA,2023-07-27,13:15,PUT,TR-UD-15m intradia
TSLA,2023-07-28,11:45,CALL,TR-UD-15m intradia
TSLA,2023-08-03,09:45,CALL,TR-UD-15m intradia
TSLA,2023-08-03,11:45,CALL,TR-UD-15m intradia
TSLA,2023-08-09,09:45,PUT,TR-UD-15m intradia
TSLA,2023-08-10,13:45,PUT,TR-UD-15m intradia
TSLA,2023-08-31,12:00,CALL,TR-UD-15m intradia
TSLA,2023-08-31,15:45,CALL,TR-UD-15m intradia
TSLA,2023-09-13,13:45,CALL,TR-UD-15m intradia
TSLA,2023-09-13,15:15,PUT,TR-UD-15m intradia
TSLA,2023-09-20,09:45,CALL,TR-UD-15m intradia
TSLA,2023-09-28,10:00,CALL,TR-UD-15m intradia
TSLA,2023-10-03,09:45,PUT,TR-UD-15m intradia
TSLA,2023-10-06,14:30,CALL,TR-UD-15m intradia
TSLA,2023-10-09,11:00,PUT,TR-UD-15m intradia
TSLA,2023-10-17,12:00,CALL,TR-UD-15m intradia
TSLA,2023-10-23,13:00,CALL,TR-UD-15m intradia
TSLA,2023-10-30,09:45,CALL,TR-UD-15m intradia
TSLA,2023-10-31,15:45,PUT,TR-UD-15m intradia
TSLA,2023-11-06,12:15,PUT,TR-UD-15m intradia
TSLA,2023-11-08,12:15,PUT,TR-UD-15m intradia
TSLA,2023-11-08,15:15,CALL,TR-UD-15m intradia
TSLA,2023-11-17,13:00,CALL,TR-UD-15m intradia
TSLA,2023-11-17,15:45,PUT,TR-UD-15m intradia
TSLA,2023-11-20,14:15,CALL,TR-UD-15m intradia
TSLA,2023-11-27,09:45,PUT,TR-UD-15m intradia
TSLA,2023-11-27,12:30,CALL,TR-UD-15m intradia
TSLA,2023-12-05,09:45,CALL,TR-UD-15m intradia
TSLA,2023-12-06,12:45,CALL,TR-UD-15m intradia
TSLA,2023-12-07,11:00,CALL,TR-UD-15m intradia
TSLA,2023-12-11,09:45,PUT,TR-UD-15m intradia
TSLA,2023-12-26,12:30,CALL,TR-UD-15m intradia
TSLA,2024-01-02,14:45,PUT,TR-UD-15m intradia
TSLA,2024-01-04,14:00,PUT,TR-UD-15m intradia
TSLA,2024-01-08,13:00,CALL,TR-UD-15m intradia
TSLA,2024-01-22,13:15,PUT,TR-UD-15m intradia
TSLA,2024-01-24,14:15,PUT,TR-UD-15m intradia
TSLA,2024-02-12,10:45,PUT,TR-UD-15m intradia
TSLA,2024-02-21,14:45,PUT,TR-UD-15m intradia
TSLA,2024-03-07,14:30,CALL,TR-UD-15m intradia
TSLA,2024-03-12,15:00,CALL,TR-UD-15m intradia
TSLA,2024-03-20,10:00,CALL,TR-UD-15m intradia
TSLA,2024-04-03,10:30,CALL,TR-UD-15m intradia
TSLA,2024-04-03,12:30,CALL,TR-UD-15m intradia
TSLA,2024-04-12,12:15,PUT,TR-UD-15m intradia
TSLA,2024-04-17,14:00,CALL,TR-UD-15m intradia
TSLA,2024-04-25,10:00,PUT,TR-UD-15m intradia
TSLA,2024-05-03,11:00,PUT,TR-UD-15m intradia
TSLA,2024-05-16,13:00,PUT,TR-UD-15m intradia
TSLA,2024-05-16,15:00,PUT,TR-UD-15m intradia
TSLA,2024-05-17,10:30,CALL,TR-UD-15m intradia
TSLA,2024-05-20,09:45,PUT,TR-UD-15m intradia
TSLA,2024-05-30,11:15,PUT,TR-UD-15m intradia
TSLA,2024-05-31,09:45,CALL,TR-UD-15m intradia
TSLA,2024-05-31,10:15,PUT,TR-UD-15m intradia
TSLA,2024-06-03,12:15,PUT,TR-UD-15m intradia
TSLA,2024-06-04,15:30,PUT,TR-UD-15m intradia
TSLA,2024-06-05,13:30,PUT,TR-UD-15m intradia
TSLA,2024-06-21,13:45,PUT,TR-UD-15m intradia
TSLA,2024-06-27,15:15,CALL,TR-UD-15m intradia
TSLA,2024-07-17,10:00,CALL,TR-UD-15m intradia
TSLA,2024-07-18,12:45,CALL,TR-UD-15m intradia
TSLA,2024-07-23,12:45,PUT,TR-UD-15m intradia
TSLA,2024-07-25,11:45,CALL,TR-UD-15m intradia
TSLA,2024-08-06,12:00,CALL,TR-UD-15m intradia
TSLA,2024-08-07,12:00,PUT,TR-UD-15m intradia
TSLA,2024-08-08,13:15,CALL,TR-UD-15m intradia
TSLA,2024-08-12,09:45,PUT,TR-UD-15m intradia
TSLA,2024-08-12,14:30,CALL,TR-UD-15m intradia
TSLA,2024-08-14,12:30,PUT,TR-UD-15m intradia
TSLA,2024-08-20,14:45,CALL,TR-UD-15m intradia
TSLA,2024-08-21,10:15,PUT,TR-UD-15m intradia
TSLA,2024-08-22,10:30,PUT,TR-UD-15m intradia
TSLA,2024-08-26,09:45,PUT,TR-UD-15m intradia
TSLA,2024-08-30,15:30,CALL,TR-UD-15m intradia
TSLA,2024-09-03,15:45,PUT,TR-UD-15m intradia
TSLA,2024-09-09,13:30,PUT,TR-UD-15m intradia
TSLA,2024-09-11,09:45,PUT,TR-UD-15m intradia
TSLA,2024-09-13,13:45,CALL,TR-UD-15m intradia
TSLA,2024-09-16,12:45,PUT,TR-UD-15m intradia
TSLA,2024-09-16,15:45,PUT,TR-UD-15m intradia
TSLA,2024-09-18,14:15,CALL,TR-UD-15m intradia
TSLA,2024-09-26,10:45,PUT,TR-UD-15m intradia
TSLA,2024-09-30,14:45,CALL,TR-UD-15m intradia
TSLA,2024-10-07,09:45,PUT,TR-UD-15m intradia
TSLA,2024-10-08,12:00,CALL,TR-UD-15m intradia
TSLA,2024-10-08,13:30,PUT,TR-UD-15m intradia
TSLA,2024-10-14,11:00,CALL,TR-UD-15m intradia
TSLA,2024-10-14,14:30,CALL,TR-UD-15m intradia
TSLA,2024-10-15,13:45,CALL,TR-UD-15m intradia
TSLA,2024-10-16,09:45,CALL,TR-UD-15m intradia
TSLA,2024-10-17,13:30,CALL,TR-UD-15m intradia
TSLA,2024-10-17,15:30,PUT,TR-UD-15m intradia
TSLA,2024-10-18,13:45,CALL,TR-UD-15m intradia
TSLA,2024-11-12,09:45,PUT,TR-UD-15m intradia
TSLA,2024-11-12,11:45,PUT,TR-UD-15m intradia
TSLA,2024-11-15,15:45,PUT,TR-UD-15m intradia
TSLA,2024-11-21,10:30,PUT,TR-UD-15m intradia
TSLA,2024-11-22,10:00,CALL,TR-UD-15m intradia
TSLA,2024-11-25,13:15,CALL,TR-UD-15m intradia
TSLA,2024-12-20,15:15,PUT,TR-UD-15m intradia
TSLA,2024-12-23,13:00,CALL,TR-UD-15m intradia
TSLA,2024-12-31,10:00,CALL,TR-UD-15m intradia
TSLA,2025-01-03,10:45,CALL,TR-UD-15m intradia
TSLA,2025-01-10,14:00,CALL,TR-UD-15m intradia
TSLA,2025-01-16,12:45,PUT,TR-UD-15m intradia
TSLA,2025-01-22,11:30,CALL,TR-UD-15m intradia
TSLA,2025-01-22,13:45,PUT,TR-UD-15m intradia
TSLA,2025-01-24,13:15,PUT,TR-UD-15m intradia
TSLA,2025-01-29,11:30,PUT,TR-UD-15m intradia
TSLA,2025-02-05,09:45,PUT,TR-UD-15m intradia
TSLA,2025-02-05,13:00,PUT,TR-UD-15m intradia
TSLA,2025-02-07,11:15,PUT,TR-UD-15m intradia
TSLA,2025-02-07,14:15,PUT,TR-UD-15m intradia
TSLA,2025-02-14,12:30,PUT,TR-UD-15m intradia
TSLA,2025-02-18,12:30,PUT,TR-UD-15m intradia
TSLA,2025-02-28,10:30,CALL,TR-UD-15m intradia
TSLA,2025-03-03,15:00,PUT,TR-UD-15m intradia
TSLA,2025-03-05,14:00,CALL,TR-UD-15m intradia
TSLA,2025-03-19,11:15,CALL,TR-UD-15m intradia
TSLA,2025-03-20,11:45,PUT,TR-UD-15m intradia
TSLA,2025-03-26,10:00,PUT,TR-UD-15m intradia
TSLA,2025-03-26,12:45,PUT,TR-UD-15m intradia
TSLA,2025-04-02,11:30,CALL,TR-UD-15m intradia
TSLA,2025-04-03,14:45,CALL,TR-UD-15m intradia
TSLA,2025-04-08,14:45,PUT,TR-UD-15m intradia
TSLA,2025-04-15,10:15,CALL,TR-UD-15m intradia
TSLA,2025-04-22,11:45,CALL,TR-UD-15m intradia
TSLA,2025-04-29,11:00,PUT,TR-UD-15m intradia
TSLA,2025-05-02,10:00,PUT,TR-UD-15m intradia
TSLA,2025-05-07,15:00,CALL,TR-UD-15m intradia
TSLA,2025-05-22,10:45,CALL,TR-UD-15m intradia
TSLA,2025-05-22,13:30,CALL,TR-UD-15m intradia
TSLA,2025-05-29,09:45,CALL,TR-UD-15m intradia
TSLA,2025-05-29,12:15,CALL,TR-UD-15m intradia
TSLA,2025-06-03,11:15,CALL,TR-UD-15m intradia
TSLA,2025-06-06,11:15,CALL,TR-UD-15m intradia
TSLA,2025-06-09,15:15,CALL,TR-UD-15m intradia
TSLA,2025-06-18,09:45,CALL,TR-UD-15m intradia
TSLA,2025-06-20,14:30,CALL,TR-UD-15m intradia
TSLA,2025-06-24,12:00,PUT,TR-UD-15m intradia
TSLA,2025-06-24,15:15,CALL,TR-UD-15m intradia
TSLA,2025-07-09,11:00,PUT,TR-UD-15m intradia
TSLA,2025-07-15,11:15,PUT,TR-UD-15m intradia
TSLA,2025-07-15,15:00,PUT,TR-UD-15m intradia
TSLA,2025-07-16,12:30,CALL,TR-UD-15m intradia
TSLA,2025-07-21,15:30,CALL,TR-UD-15m intradia
TSLA,2025-07-22,13:45,PUT,TR-UD-15m intradia
TSLA,2025-07-25,12:00,CALL,TR-UD-15m intradia
TSLA,2025-07-29,11:30,PUT,TR-UD-15m intradia
TSLA,2025-08-04,09:45,CALL,TR-UD-15m intradia
TSLA,2025-08-05,13:00,PUT,TR-UD-15m intradia
TSLA,2025-08-07,15:45,CALL,TR-UD-15m intradia
TSLA,2025-08-18,12:15,CALL,TR-UD-15m intradia
TSLA,2025-08-19,10:45,PUT,TR-UD-15m intradia
TSLA,2025-08-21,12:15,PUT,TR-UD-15m intradia
TSLA,2025-09-08,11:00,PUT,TR-UD-15m intradia
TSLA,2025-09-09,15:15,PUT,TR-UD-15m intradia
TSLA,2025-09-16,12:45,CALL,TR-UD-15m intradia
TSLA,2025-09-19,09:45,CALL,TR-UD-15m intradia
TSLA,2025-09-19,13:30,PUT,TR-UD-15m intradia
TSLA,2025-09-23,10:30,PUT,TR-UD-15m intradia
TSLA,2025-09-24,09:45,CALL,TR-UD-15m intradia
TSLA,2025-10-13,12:15,CALL,TR-UD-15m intradia
TSLA,2025-10-21,09:45,PUT,TR-UD-15m intradia
TSLA,2025-10-21,12:30,CALL,TR-UD-15m intradia
TSLA,2025-10-23,12:45,CALL,TR-UD-15m intradia
TSLA,2025-10-29,11:00,PUT,TR-UD-15m intradia
TSLA,2025-11-10,09:45,CALL,TR-UD-15m intradia
TSLA,2025-11-18,09:45,PUT,TR-UD-15m intradia
TSLA,2025-11-19,15:30,CALL,TR-UD-15m intradia
TSLA,2025-11-20,12:45,PUT,TR-UD-15m intradia
TSLA,2025-12-01,09:45,PUT,TR-UD-15m intradia
TSLA,2025-12-01,14:45,PUT,TR-UD-15m intradia
TSLA,2025-12-02,11:15,PUT,TR-UD-15m intradia
TSLA,2025-12-11,10:00,PUT,TR-UD-15m intradia
TSLA,2025-12-12,15:30,CALL,TR-UD-15m intradia
TSLA,2025-12-17,12:45,PUT,TR-UD-15m intradia
TSLA,2025-12-19,11:30,PUT,TR-UD-15m intradia
TSLA,2025-12-23,11:30,PUT,TR-UD-15m intradia
TSLA,2026-01-13,11:45,CALL,TR-UD-15m intradia
TSLA,2026-01-16,15:30,PUT,TR-UD-15m intradia
TSLA,2026-01-28,13:15,CALL,TR-UD-15m intradia
TSLA,2026-02-03,11:15,CALL,TR-UD-15m intradia
TSLA,2026-02-11,12:30,CALL,TR-UD-15m intradia
TSLA,2026-02-11,15:45,CALL,TR-UD-15m intradia
TSLA,2026-02-12,11:00,PUT,TR-UD-15m intradia
TSLA,2026-02-13,14:30,PUT,TR-UD-15m intradia
TSLA,2026-02-18,09:45,CALL,TR-UD-15m intradia
TSLA,2026-02-19,14:45,PUT,TR-UD-15m intradia
TSLA,2026-02-20,10:30,CALL,TR-UD-15m intradia
TSLA,2026-03-02,11:45,CALL,TR-UD-15m intradia
TSLA,2026-03-02,15:15,PUT,TR-UD-15m intradia
TSLA,2026-03-17,13:15,PUT,TR-UD-15m intradia
TSLA,2026-03-17,14:00,CALL,TR-UD-15m intradia
TSLA,2026-03-18,13:30,CALL,TR-UD-15m intradia
TSLA,2026-03-23,09:45,CALL,TR-UD-15m intradia
TSLA,2026-03-31,09:45,CALL,TR-UD-15m intradia
TSLA,2026-03-31,12:45,CALL,TR-UD-15m intradia
TSLA,2026-04-10,15:45,CALL,TR-UD-15m intradia
TSLA,2026-04-16,14:45,CALL,TR-UD-15m intradia
TSLA,2026-04-22,09:45,CALL,TR-UD-15m intradia
TSLA,2026-05-04,13:15,CALL,TR-UD-15m intradia
TSLA,2026-05-04,15:15,CALL,TR-UD-15m intradia
TSLA,2026-05-05,12:30,PUT,TR-UD-15m intradia
TSLA,2026-05-05,15:15,CALL,TR-UD-15m intradia
TSLA,2026-06-02,14:00,PUT,TR-UD-15m intradia
TSLA,2026-06-03,15:45,CALL,TR-UD-15m intradia
TSLA,2026-06-11,13:00,PUT,TR-UD-15m intradia
TSLA,2026-06-11,13:30,CALL,TR-UD-15m intradia
PLTR,2022-06-06,10:15,CALL,TR-UD-15m intradia
PLTR,2022-06-07,10:45,CALL,TR-UD-15m intradia
PLTR,2022-07-01,09:45,CALL,TR-UD-15m intradia
PLTR,2022-07-05,09:45,PUT,TR-UD-15m intradia
PLTR,2022-07-07,12:00,CALL,TR-UD-15m intradia
PLTR,2022-07-15,15:15,PUT,TR-UD-15m intradia
PLTR,2022-07-19,13:45,CALL,TR-UD-15m intradia
PLTR,2022-08-04,10:45,PUT,TR-UD-15m intradia
PLTR,2022-08-25,13:30,CALL,TR-UD-15m intradia
PLTR,2022-08-31,11:00,PUT,TR-UD-15m intradia
PLTR,2022-09-20,10:00,CALL,TR-UD-15m intradia
PLTR,2022-10-12,11:45,CALL,TR-UD-15m intradia
PLTR,2022-10-12,14:15,CALL,TR-UD-15m intradia
PLTR,2022-10-19,11:00,PUT,TR-UD-15m intradia
PLTR,2022-10-21,11:30,CALL,TR-UD-15m intradia
PLTR,2022-10-24,14:30,CALL,TR-UD-15m intradia
PLTR,2022-10-27,10:00,PUT,TR-UD-15m intradia
PLTR,2022-10-28,12:30,CALL,TR-UD-15m intradia
PLTR,2022-11-09,09:45,PUT,TR-UD-15m intradia
PLTR,2022-11-22,14:15,PUT,TR-UD-15m intradia
PLTR,2022-11-28,14:15,PUT,TR-UD-15m intradia
PLTR,2022-12-09,15:15,CALL,TR-UD-15m intradia
PLTR,2022-12-21,13:00,CALL,TR-UD-15m intradia
PLTR,2022-12-30,12:00,CALL,TR-UD-15m intradia
PLTR,2023-01-13,09:45,PUT,TR-UD-15m intradia
PLTR,2023-01-17,13:00,CALL,TR-UD-15m intradia
PLTR,2023-01-18,15:15,CALL,TR-UD-15m intradia
PLTR,2023-01-25,11:15,CALL,TR-UD-15m intradia
PLTR,2023-01-30,10:45,PUT,TR-UD-15m intradia
PLTR,2023-02-08,15:15,PUT,TR-UD-15m intradia
PLTR,2023-02-27,13:00,CALL,TR-UD-15m intradia
PLTR,2023-03-02,13:30,PUT,TR-UD-15m intradia
PLTR,2023-03-13,10:00,CALL,TR-UD-15m intradia
PLTR,2023-03-14,15:15,CALL,TR-UD-15m intradia
PLTR,2023-03-20,10:30,CALL,TR-UD-15m intradia
PLTR,2023-03-27,10:15,CALL,TR-UD-15m intradia
PLTR,2023-04-03,13:15,CALL,TR-UD-15m intradia
PLTR,2023-04-12,10:00,PUT,TR-UD-15m intradia
PLTR,2023-04-13,11:45,CALL,TR-UD-15m intradia
PLTR,2023-04-18,09:45,CALL,TR-UD-15m intradia
PLTR,2023-04-24,10:00,PUT,TR-UD-15m intradia
PLTR,2023-04-27,10:15,CALL,TR-UD-15m intradia
PLTR,2023-05-05,13:30,CALL,TR-UD-15m intradia
PLTR,2023-05-11,11:00,PUT,TR-UD-15m intradia
PLTR,2023-05-11,14:15,CALL,TR-UD-15m intradia
PLTR,2023-05-22,10:15,PUT,TR-UD-15m intradia
PLTR,2023-05-31,15:45,CALL,TR-UD-15m intradia
PLTR,2023-06-02,10:15,PUT,TR-UD-15m intradia
PLTR,2023-06-06,14:30,CALL,TR-UD-15m intradia
PLTR,2023-06-09,13:30,CALL,TR-UD-15m intradia
PLTR,2023-06-13,13:00,CALL,TR-UD-15m intradia
PLTR,2023-06-16,15:45,CALL,TR-UD-15m intradia
PLTR,2023-06-30,15:45,PUT,TR-UD-15m intradia
PLTR,2023-07-12,14:45,PUT,TR-UD-15m intradia
PLTR,2023-07-12,15:45,CALL,TR-UD-15m intradia
PLTR,2023-07-25,09:45,CALL,TR-UD-15m intradia
PLTR,2023-08-03,09:45,CALL,TR-UD-15m intradia
PLTR,2023-08-03,12:15,PUT,TR-UD-15m intradia
PLTR,2023-08-10,13:45,PUT,TR-UD-15m intradia
PLTR,2023-08-11,14:45,PUT,TR-UD-15m intradia
PLTR,2023-08-15,13:15,CALL,TR-UD-15m intradia
PLTR,2023-09-05,09:45,PUT,TR-UD-15m intradia
PLTR,2023-09-06,10:15,PUT,TR-UD-15m intradia
PLTR,2023-09-06,12:45,PUT,TR-UD-15m intradia
PLTR,2023-09-12,14:00,PUT,TR-UD-15m intradia
PLTR,2023-09-14,13:30,CALL,TR-UD-15m intradia
PLTR,2023-09-20,15:15,PUT,TR-UD-15m intradia
PLTR,2023-09-22,10:45,CALL,TR-UD-15m intradia
PLTR,2023-09-22,13:30,PUT,TR-UD-15m intradia
PLTR,2023-09-25,09:45,PUT,TR-UD-15m intradia
PLTR,2023-09-26,13:30,PUT,TR-UD-15m intradia
PLTR,2023-10-02,10:45,PUT,TR-UD-15m intradia
PLTR,2023-10-11,11:45,PUT,TR-UD-15m intradia
PLTR,2023-10-11,15:00,PUT,TR-UD-15m intradia
PLTR,2023-10-12,12:45,CALL,TR-UD-15m intradia
PLTR,2023-10-16,15:45,PUT,TR-UD-15m intradia
PLTR,2023-10-18,12:45,PUT,TR-UD-15m intradia
PLTR,2023-11-01,15:30,CALL,TR-UD-15m intradia
PLTR,2023-11-06,11:45,PUT,TR-UD-15m intradia
PLTR,2023-11-09,14:45,PUT,TR-UD-15m intradia
PLTR,2023-11-14,10:15,PUT,TR-UD-15m intradia
PLTR,2023-11-15,15:45,CALL,TR-UD-15m intradia
PLTR,2023-11-17,10:00,CALL,TR-UD-15m intradia
PLTR,2023-11-27,11:45,CALL,TR-UD-15m intradia
PLTR,2023-11-28,10:45,CALL,TR-UD-15m intradia
PLTR,2023-12-01,10:15,CALL,TR-UD-15m intradia
PLTR,2023-12-01,13:30,CALL,TR-UD-15m intradia
PLTR,2023-12-21,14:00,CALL,TR-UD-15m intradia
PLTR,2023-12-21,15:15,PUT,TR-UD-15m intradia
PLTR,2023-12-26,09:45,CALL,TR-UD-15m intradia
PLTR,2023-12-26,12:15,CALL,TR-UD-15m intradia
PLTR,2023-12-28,11:45,CALL,TR-UD-15m intradia
PLTR,2024-01-09,12:30,PUT,TR-UD-15m intradia
PLTR,2024-01-10,09:45,CALL,TR-UD-15m intradia
PLTR,2024-01-18,13:00,PUT,TR-UD-15m intradia
PLTR,2024-01-26,15:45,PUT,TR-UD-15m intradia
PLTR,2024-02-05,14:15,CALL,TR-UD-15m intradia
PLTR,2024-02-14,11:45,CALL,TR-UD-15m intradia
PLTR,2024-03-08,11:15,PUT,TR-UD-15m intradia
PLTR,2024-03-14,09:45,PUT,TR-UD-15m intradia
PLTR,2024-03-18,14:15,CALL,TR-UD-15m intradia
PLTR,2024-04-05,12:30,CALL,TR-UD-15m intradia
PLTR,2024-04-05,15:30,PUT,TR-UD-15m intradia
PLTR,2024-04-17,12:15,PUT,TR-UD-15m intradia
PLTR,2024-04-19,09:45,CALL,TR-UD-15m intradia
PLTR,2024-05-09,11:15,CALL,TR-UD-15m intradia
PLTR,2024-05-13,15:30,PUT,TR-UD-15m intradia
PLTR,2024-05-15,10:15,PUT,TR-UD-15m intradia
PLTR,2024-05-15,14:15,CALL,TR-UD-15m intradia
PLTR,2024-05-22,10:45,CALL,TR-UD-15m intradia
PLTR,2024-05-24,14:00,CALL,TR-UD-15m intradia
PLTR,2024-05-24,14:30,PUT,TR-UD-15m intradia
PLTR,2024-06-13,09:45,CALL,TR-UD-15m intradia
PLTR,2024-06-14,14:00,PUT,TR-UD-15m intradia
PLTR,2024-06-27,09:45,CALL,TR-UD-15m intradia
PLTR,2024-06-28,15:45,CALL,TR-UD-15m intradia
PLTR,2024-07-03,10:00,PUT,TR-UD-15m intradia
PLTR,2024-07-09,13:30,PUT,TR-UD-15m intradia
PLTR,2024-07-09,14:30,CALL,TR-UD-15m intradia
PLTR,2024-07-26,15:45,CALL,TR-UD-15m intradia
PLTR,2024-07-29,11:00,PUT,TR-UD-15m intradia
PLTR,2024-07-30,10:15,PUT,TR-UD-15m intradia
PLTR,2024-07-31,11:45,CALL,TR-UD-15m intradia
PLTR,2024-08-01,10:45,PUT,TR-UD-15m intradia
PLTR,2024-08-05,12:30,CALL,TR-UD-15m intradia
PLTR,2024-08-13,13:30,PUT,TR-UD-15m intradia
PLTR,2024-08-15,13:15,CALL,TR-UD-15m intradia
PLTR,2024-08-19,14:45,CALL,TR-UD-15m intradia
PLTR,2024-08-20,10:15,PUT,TR-UD-15m intradia
PLTR,2024-08-21,10:45,CALL,TR-UD-15m intradia
PLTR,2024-08-21,11:45,PUT,TR-UD-15m intradia
PLTR,2024-08-21,14:30,CALL,TR-UD-15m intradia
PLTR,2024-08-22,11:45,PUT,TR-UD-15m intradia
PLTR,2024-08-22,14:00,PUT,TR-UD-15m intradia
PLTR,2024-08-27,15:00,PUT,TR-UD-15m intradia
PLTR,2024-08-30,15:00,CALL,TR-UD-15m intradia
PLTR,2024-09-05,13:45,CALL,TR-UD-15m intradia
PLTR,2024-09-11,13:30,CALL,TR-UD-15m intradia
PLTR,2024-09-17,13:30,CALL,TR-UD-15m intradia
PLTR,2024-09-18,14:15,PUT,TR-UD-15m intradia
PLTR,2024-09-27,09:45,CALL,TR-UD-15m intradia
PLTR,2024-09-27,10:30,PUT,TR-UD-15m intradia
PLTR,2024-10-02,12:00,CALL,TR-UD-15m intradia
PLTR,2024-10-07,10:30,PUT,TR-UD-15m intradia
PLTR,2024-10-18,10:45,CALL,TR-UD-15m intradia
PLTR,2024-10-21,15:00,CALL,TR-UD-15m intradia
PLTR,2024-10-22,12:30,PUT,TR-UD-15m intradia
PLTR,2024-10-29,12:00,CALL,TR-UD-15m intradia
PLTR,2024-11-01,12:30,CALL,TR-UD-15m intradia
PLTR,2024-11-18,10:15,PUT,TR-UD-15m intradia
PLTR,2024-11-19,13:45,PUT,TR-UD-15m intradia
PLTR,2024-11-21,13:00,PUT,TR-UD-15m intradia
PLTR,2024-11-26,10:00,PUT,TR-UD-15m intradia
PLTR,2024-11-27,12:15,PUT,TR-UD-15m intradia
PLTR,2024-12-02,12:30,PUT,TR-UD-15m intradia
PLTR,2024-12-02,15:00,CALL,TR-UD-15m intradia
PLTR,2024-12-04,14:00,CALL,TR-UD-15m intradia
PLTR,2024-12-10,13:15,PUT,TR-UD-15m intradia
PLTR,2024-12-13,13:30,CALL,TR-UD-15m intradia
PLTR,2024-12-16,11:00,PUT,TR-UD-15m intradia
PLTR,2024-12-17,09:45,PUT,TR-UD-15m intradia
PLTR,2024-12-17,14:15,CALL,TR-UD-15m intradia
PLTR,2024-12-20,10:30,CALL,TR-UD-15m intradia
PLTR,2024-12-26,10:15,PUT,TR-UD-15m intradia
PLTR,2024-12-26,13:45,PUT,TR-UD-15m intradia
PLTR,2025-02-03,13:30,CALL,TR-UD-15m intradia
PLTR,2025-02-10,14:00,CALL,TR-UD-15m intradia
PLTR,2025-02-11,15:00,CALL,TR-UD-15m intradia
PLTR,2025-02-12,12:45,CALL,TR-UD-15m intradia
PLTR,2025-02-21,11:00,CALL,TR-UD-15m intradia
PLTR,2025-02-27,10:00,PUT,TR-UD-15m intradia
PLTR,2025-02-27,14:00,PUT,TR-UD-15m intradia
PLTR,2025-03-06,09:45,PUT,TR-UD-15m intradia
PLTR,2025-03-06,12:00,PUT,TR-UD-15m intradia
PLTR,2025-03-11,11:45,CALL,TR-UD-15m intradia
PLTR,2025-03-17,13:30,CALL,TR-UD-15m intradia
PLTR,2025-03-19,09:45,CALL,TR-UD-15m intradia
PLTR,2025-03-21,09:45,PUT,TR-UD-15m intradia
PLTR,2025-03-21,11:00,CALL,TR-UD-15m intradia
PLTR,2025-03-25,15:30,CALL,TR-UD-15m intradia
PLTR,2025-03-27,14:30,PUT,TR-UD-15m intradia
PLTR,2025-04-16,11:15,PUT,TR-UD-15m intradia
PLTR,2025-04-22,12:00,CALL,TR-UD-15m intradia
PLTR,2025-05-07,11:15,CALL,TR-UD-15m intradia
PLTR,2025-05-07,14:15,PUT,TR-UD-15m intradia
PLTR,2025-05-16,09:45,CALL,TR-UD-15m intradia
PLTR,2025-05-16,12:45,CALL,TR-UD-15m intradia
PLTR,2025-05-20,13:15,CALL,TR-UD-15m intradia
PLTR,2025-05-28,12:15,CALL,TR-UD-15m intradia
PLTR,2025-06-06,13:30,CALL,TR-UD-15m intradia
PLTR,2025-06-12,12:30,PUT,TR-UD-15m intradia
PLTR,2025-06-18,11:45,CALL,TR-UD-15m intradia
PLTR,2025-07-08,13:45,CALL,TR-UD-15m intradia
PLTR,2025-07-11,11:15,PUT,TR-UD-15m intradia
PLTR,2025-07-16,09:45,CALL,TR-UD-15m intradia
PLTR,2025-07-16,14:30,CALL,TR-UD-15m intradia
PLTR,2025-07-18,13:00,PUT,TR-UD-15m intradia
PLTR,2025-07-21,09:45,CALL,TR-UD-15m intradia
PLTR,2025-07-21,12:00,PUT,TR-UD-15m intradia
PLTR,2025-07-21,14:15,PUT,TR-UD-15m intradia
PLTR,2025-07-29,09:45,CALL,TR-UD-15m intradia
PLTR,2025-07-29,13:30,CALL,TR-UD-15m intradia
PLTR,2025-07-29,15:30,PUT,TR-UD-15m intradia
PLTR,2025-07-31,15:15,CALL,TR-UD-15m intradia
PLTR,2025-08-11,12:15,PUT,TR-UD-15m intradia
PLTR,2025-08-12,09:45,CALL,TR-UD-15m intradia
PLTR,2025-08-12,12:15,CALL,TR-UD-15m intradia
PLTR,2025-08-13,13:00,PUT,TR-UD-15m intradia
PLTR,2025-08-25,14:15,CALL,TR-UD-15m intradia
PLTR,2025-08-29,14:15,CALL,TR-UD-15m intradia
PLTR,2025-09-02,10:30,CALL,TR-UD-15m intradia
PLTR,2025-09-16,11:45,CALL,TR-UD-15m intradia
PLTR,2025-09-23,15:15,CALL,TR-UD-15m intradia
PLTR,2025-09-26,09:45,PUT,TR-UD-15m intradia
PLTR,2025-10-08,09:45,PUT,TR-UD-15m intradia
PLTR,2025-10-08,12:00,CALL,TR-UD-15m intradia
PLTR,2025-10-09,14:30,CALL,TR-UD-15m intradia
PLTR,2025-10-14,10:30,CALL,TR-UD-15m intradia
PLTR,2025-10-16,14:30,PUT,TR-UD-15m intradia
PLTR,2025-10-17,15:00,PUT,TR-UD-15m intradia
PLTR,2025-10-20,10:00,CALL,TR-UD-15m intradia
PLTR,2025-11-06,09:45,CALL,TR-UD-15m intradia
PLTR,2025-11-14,14:45,PUT,TR-UD-15m intradia
PLTR,2025-11-20,11:45,PUT,TR-UD-15m intradia
PLTR,2025-11-24,09:45,CALL,TR-UD-15m intradia
PLTR,2025-11-25,14:00,CALL,TR-UD-15m intradia
PLTR,2025-12-03,12:30,CALL,TR-UD-15m intradia
PLTR,2025-12-09,10:00,CALL,TR-UD-15m intradia
PLTR,2025-12-09,12:45,PUT,TR-UD-15m intradia
PLTR,2025-12-09,15:45,CALL,TR-UD-15m intradia
PLTR,2025-12-15,09:45,CALL,TR-UD-15m intradia
PLTR,2025-12-18,12:00,CALL,TR-UD-15m intradia
PLTR,2025-12-23,10:15,PUT,TR-UD-15m intradia
PLTR,2025-12-24,10:00,PUT,TR-UD-15m intradia
PLTR,2026-01-05,11:00,CALL,TR-UD-15m intradia
PLTR,2026-01-14,10:45,PUT,TR-UD-15m intradia
PLTR,2026-01-21,10:00,CALL,TR-UD-15m intradia
PLTR,2026-01-26,12:15,PUT,TR-UD-15m intradia
PLTR,2026-02-17,12:00,CALL,TR-UD-15m intradia
PLTR,2026-02-20,13:30,PUT,TR-UD-15m intradia
PLTR,2026-02-20,13:45,CALL,TR-UD-15m intradia
PLTR,2026-02-26,13:45,CALL,TR-UD-15m intradia
PLTR,2026-02-27,10:00,CALL,TR-UD-15m intradia
PLTR,2026-02-27,14:15,PUT,TR-UD-15m intradia
PLTR,2026-02-27,15:15,CALL,TR-UD-15m intradia
PLTR,2026-03-03,13:30,CALL,TR-UD-15m intradia
PLTR,2026-03-05,13:30,PUT,TR-UD-15m intradia
PLTR,2026-03-05,14:15,CALL,TR-UD-15m intradia
PLTR,2026-03-09,12:00,PUT,TR-UD-15m intradia
PLTR,2026-03-11,15:15,PUT,TR-UD-15m intradia
PLTR,2026-03-18,11:15,PUT,TR-UD-15m intradia
PLTR,2026-03-19,14:45,PUT,TR-UD-15m intradia
PLTR,2026-03-25,14:30,PUT,TR-UD-15m intradia
PLTR,2026-03-31,10:00,CALL,TR-UD-15m intradia
PLTR,2026-04-02,10:45,CALL,TR-UD-15m intradia
PLTR,2026-04-20,14:45,CALL,TR-UD-15m intradia
PLTR,2026-04-28,09:45,PUT,TR-UD-15m intradia
PLTR,2026-04-30,10:15,CALL,TR-UD-15m intradia
PLTR,2026-05-11,13:00,PUT,TR-UD-15m intradia
PLTR,2026-05-11,13:45,CALL,TR-UD-15m intradia
PLTR,2026-05-12,13:00,PUT,TR-UD-15m intradia
PLTR,2026-05-20,09:45,PUT,TR-UD-15m intradia
PLTR,2026-05-20,10:15,CALL,TR-UD-15m intradia
PLTR,2026-05-22,14:45,CALL,TR-UD-15m intradia
PLTR,2026-05-26,11:30,CALL,TR-UD-15m intradia
PLTR,2026-06-08,15:15,PUT,TR-UD-15m intradia
PLTR,2026-06-10,12:00,CALL,TR-UD-15m intradia
AMZN,2022-06-17,12:15,CALL,TR-UD-15m intradia
AMZN,2022-06-27,12:30,PUT,TR-UD-15m intradia
AMZN,2022-06-29,14:45,PUT,TR-UD-15m intradia
AMZN,2022-07-05,09:45,PUT,TR-UD-15m intradia
AMZN,2022-07-13,11:15,CALL,TR-UD-15m intradia
AMZN,2022-07-13,13:15,CALL,TR-UD-15m intradia
AMZN,2022-07-14,13:30,CALL,TR-UD-15m intradia
AMZN,2022-07-19,11:00,CALL,TR-UD-15m intradia
AMZN,2022-07-22,13:30,PUT,TR-UD-15m intradia
AMZN,2022-07-27,11:30,CALL,TR-UD-15m intradia
AMZN,2022-07-28,09:45,PUT,TR-UD-15m intradia
AMZN,2022-08-02,10:00,CALL,TR-UD-15m intradia
AMZN,2022-08-02,12:00,CALL,TR-UD-15m intradia
AMZN,2022-08-03,09:45,CALL,TR-UD-15m intradia
AMZN,2022-08-08,12:15,PUT,TR-UD-15m intradia
AMZN,2022-08-11,11:15,PUT,TR-UD-15m intradia
AMZN,2022-08-18,13:30,CALL,TR-UD-15m intradia
AMZN,2022-08-18,15:45,CALL,TR-UD-15m intradia
AMZN,2022-08-24,10:15,PUT,TR-UD-15m intradia
AMZN,2022-08-24,11:30,CALL,TR-UD-15m intradia
AMZN,2022-08-24,15:15,CALL,TR-UD-15m intradia
AMZN,2022-08-30,09:45,CALL,TR-UD-15m intradia
AMZN,2022-08-31,14:45,PUT,TR-UD-15m intradia
AMZN,2022-09-08,14:45,CALL,TR-UD-15m intradia
AMZN,2022-09-15,12:15,PUT,TR-UD-15m intradia
AMZN,2022-09-20,09:45,PUT,TR-UD-15m intradia
AMZN,2022-09-20,10:00,CALL,TR-UD-15m intradia
AMZN,2022-09-20,12:45,PUT,TR-UD-15m intradia
AMZN,2022-09-21,14:45,CALL,TR-UD-15m intradia
AMZN,2022-09-27,11:30,PUT,TR-UD-15m intradia
AMZN,2022-10-03,13:30,CALL,TR-UD-15m intradia
AMZN,2022-10-12,10:45,PUT,TR-UD-15m intradia
AMZN,2022-10-12,13:15,CALL,TR-UD-15m intradia
AMZN,2022-10-14,09:45,CALL,TR-UD-15m intradia
AMZN,2022-10-17,11:45,CALL,TR-UD-15m intradia
AMZN,2022-10-21,11:45,CALL,TR-UD-15m intradia
AMZN,2022-10-31,12:15,CALL,TR-UD-15m intradia
AMZN,2022-11-04,13:15,PUT,TR-UD-15m intradia
AMZN,2022-11-07,12:00,PUT,TR-UD-15m intradia
AMZN,2022-11-07,14:30,CALL,TR-UD-15m intradia
AMZN,2022-11-08,09:45,PUT,TR-UD-15m intradia
AMZN,2022-11-08,10:45,CALL,TR-UD-15m intradia
AMZN,2022-11-15,13:30,PUT,TR-UD-15m intradia
AMZN,2022-11-15,15:30,CALL,TR-UD-15m intradia
AMZN,2022-11-22,14:45,PUT,TR-UD-15m intradia
AMZN,2022-11-28,14:45,CALL,TR-UD-15m intradia
AMZN,2022-11-28,15:15,PUT,TR-UD-15m intradia
AMZN,2022-12-14,12:00,PUT,TR-UD-15m intradia
AMZN,2022-12-27,09:45,PUT,TR-UD-15m intradia
AMZN,2023-01-04,10:45,PUT,TR-UD-15m intradia
AMZN,2023-01-04,13:30,CALL,TR-UD-15m intradia
AMZN,2023-01-04,14:15,PUT,TR-UD-15m intradia
AMZN,2023-01-05,09:45,PUT,TR-UD-15m intradia
AMZN,2023-01-10,12:45,CALL,TR-UD-15m intradia
AMZN,2023-01-13,09:45,PUT,TR-UD-15m intradia
AMZN,2023-01-17,12:45,CALL,TR-UD-15m intradia
AMZN,2023-01-18,13:15,PUT,TR-UD-15m intradia
AMZN,2023-01-20,09:45,CALL,TR-UD-15m intradia
AMZN,2023-02-01,11:30,PUT,TR-UD-15m intradia
AMZN,2023-02-09,11:00,PUT,TR-UD-15m intradia
AMZN,2023-02-13,10:30,CALL,TR-UD-15m intradia
AMZN,2023-02-14,14:45,CALL,TR-UD-15m intradia
AMZN,2023-02-15,10:15,PUT,TR-UD-15m intradia
AMZN,2023-02-15,11:30,CALL,TR-UD-15m intradia
AMZN,2023-02-16,13:45,CALL,TR-UD-15m intradia
AMZN,2023-02-23,10:30,PUT,TR-UD-15m intradia
AMZN,2023-03-09,15:15,PUT,TR-UD-15m intradia
AMZN,2023-03-22,15:30,CALL,TR-UD-15m intradia
AMZN,2023-03-28,13:45,PUT,TR-UD-15m intradia
AMZN,2023-04-03,13:00,PUT,TR-UD-15m intradia
AMZN,2023-04-10,12:45,CALL,TR-UD-15m intradia
AMZN,2023-04-13,09:45,CALL,TR-UD-15m intradia
AMZN,2023-04-17,11:45,PUT,TR-UD-15m intradia
AMZN,2023-04-17,14:45,CALL,TR-UD-15m intradia
AMZN,2023-04-18,10:30,PUT,TR-UD-15m intradia
AMZN,2023-05-05,10:15,CALL,TR-UD-15m intradia
AMZN,2023-05-09,09:45,PUT,TR-UD-15m intradia
AMZN,2023-05-19,11:30,PUT,TR-UD-15m intradia
AMZN,2023-05-19,14:00,PUT,TR-UD-15m intradia
AMZN,2023-05-24,09:45,CALL,TR-UD-15m intradia
AMZN,2023-05-24,14:45,CALL,TR-UD-15m intradia
AMZN,2023-06-05,14:45,PUT,TR-UD-15m intradia
AMZN,2023-06-08,15:15,PUT,TR-UD-15m intradia
AMZN,2023-06-09,11:00,PUT,TR-UD-15m intradia
AMZN,2023-06-13,15:00,CALL,TR-UD-15m intradia
AMZN,2023-06-15,13:45,CALL,TR-UD-15m intradia
AMZN,2023-06-16,12:30,CALL,TR-UD-15m intradia
AMZN,2023-06-16,15:30,CALL,TR-UD-15m intradia
AMZN,2023-06-21,10:00,PUT,TR-UD-15m intradia
AMZN,2023-06-28,13:00,PUT,TR-UD-15m intradia
AMZN,2023-06-28,15:45,CALL,TR-UD-15m intradia
AMZN,2023-07-05,09:45,CALL,TR-UD-15m intradia
AMZN,2023-07-05,11:15,PUT,TR-UD-15m intradia
AMZN,2023-07-11,12:15,CALL,TR-UD-15m intradia
AMZN,2023-07-24,09:45,CALL,TR-UD-15m intradia
AMZN,2023-07-28,11:00,CALL,TR-UD-15m intradia
AMZN,2023-08-03,15:15,PUT,TR-UD-15m intradia
AMZN,2023-08-07,11:15,PUT,TR-UD-15m intradia
AMZN,2023-08-07,14:00,CALL,TR-UD-15m intradia
AMZN,2023-08-10,13:00,PUT,TR-UD-15m intradia
AMZN,2023-08-11,12:30,PUT,TR-UD-15m intradia
AMZN,2023-08-11,15:15,PUT,TR-UD-15m intradia
AMZN,2023-08-22,09:45,CALL,TR-UD-15m intradia
AMZN,2023-08-23,12:45,CALL,TR-UD-15m intradia
AMZN,2023-08-28,11:15,PUT,TR-UD-15m intradia
AMZN,2023-08-28,14:00,PUT,TR-UD-15m intradia
AMZN,2023-08-28,15:15,CALL,TR-UD-15m intradia
AMZN,2023-09-06,10:00,CALL,TR-UD-15m intradia
AMZN,2023-09-07,13:15,CALL,TR-UD-15m intradia
AMZN,2023-09-13,10:30,CALL,TR-UD-15m intradia
AMZN,2023-09-20,13:45,PUT,TR-UD-15m intradia
AMZN,2023-09-20,14:45,CALL,TR-UD-15m intradia
AMZN,2023-09-25,11:15,CALL,TR-UD-15m intradia
AMZN,2023-09-28,10:30,PUT,TR-UD-15m intradia
AMZN,2023-09-28,12:45,CALL,TR-UD-15m intradia
AMZN,2023-09-28,14:45,PUT,TR-UD-15m intradia
AMZN,2023-10-05,09:45,PUT,TR-UD-15m intradia
AMZN,2023-10-06,11:15,CALL,TR-UD-15m intradia
AMZN,2023-10-11,14:30,CALL,TR-UD-15m intradia
AMZN,2023-10-13,09:45,PUT,TR-UD-15m intradia
AMZN,2023-10-16,12:45,CALL,TR-UD-15m intradia
AMZN,2023-10-19,13:45,PUT,TR-UD-15m intradia
AMZN,2023-11-08,12:00,PUT,TR-UD-15m intradia
AMZN,2023-11-09,10:00,CALL,TR-UD-15m intradia
AMZN,2023-11-09,10:30,PUT,TR-UD-15m intradia
AMZN,2023-11-10,11:15,CALL,TR-UD-15m intradia
AMZN,2023-11-13,13:45,CALL,TR-UD-15m intradia
AMZN,2023-11-16,15:15,PUT,TR-UD-15m intradia
AMZN,2023-11-17,09:45,CALL,TR-UD-15m intradia
AMZN,2023-11-29,10:30,PUT,TR-UD-15m intradia
AMZN,2023-12-01,10:30,CALL,TR-UD-15m intradia
AMZN,2023-12-06,11:30,PUT,TR-UD-15m intradia
AMZN,2023-12-07,12:30,CALL,TR-UD-15m intradia
AMZN,2023-12-08,13:30,CALL,TR-UD-15m intradia
AMZN,2023-12-14,12:45,PUT,TR-UD-15m intradia
AMZN,2023-12-26,09:45,CALL,TR-UD-15m intradia
AMZN,2023-12-28,15:30,PUT,TR-UD-15m intradia
AMZN,2024-01-03,12:00,PUT,TR-UD-15m intradia
AMZN,2024-01-03,14:15,PUT,TR-UD-15m intradia
AMZN,2024-01-05,10:30,CALL,TR-UD-15m intradia
AMZN,2024-01-05,15:00,PUT,TR-UD-15m intradia
AMZN,2024-01-12,15:00,PUT,TR-UD-15m intradia
AMZN,2024-01-23,09:45,PUT,TR-UD-15m intradia
AMZN,2024-01-29,10:45,PUT,TR-UD-15m intradia
AMZN,2024-01-30,12:00,PUT,TR-UD-15m intradia
AMZN,2024-02-01,09:45,CALL,TR-UD-15m intradia
AMZN,2024-02-06,12:00,PUT,TR-UD-15m intradia
AMZN,2024-02-09,09:45,CALL,TR-UD-15m intradia
AMZN,2024-02-14,10:45,CALL,TR-UD-15m intradia
AMZN,2024-02-14,14:30,CALL,TR-UD-15m intradia
AMZN,2024-02-15,15:30,PUT,TR-UD-15m intradia
AMZN,2024-02-16,11:15,CALL,TR-UD-15m intradia
AMZN,2024-02-23,15:45,CALL,TR-UD-15m intradia
AMZN,2024-02-26,12:30,CALL,TR-UD-15m intradia
AMZN,2024-02-26,15:30,PUT,TR-UD-15m intradia
AMZN,2024-02-28,13:45,CALL,TR-UD-15m intradia
AMZN,2024-02-28,14:15,PUT,TR-UD-15m intradia
AMZN,2024-03-06,13:30,CALL,TR-UD-15m intradia
AMZN,2024-03-13,13:00,CALL,TR-UD-15m intradia
AMZN,2024-03-18,13:00,PUT,TR-UD-15m intradia
AMZN,2024-03-27,14:45,PUT,TR-UD-15m intradia
AMZN,2024-04-01,12:00,PUT,TR-UD-15m intradia
AMZN,2024-04-03,10:00,CALL,TR-UD-15m intradia
AMZN,2024-04-09,10:45,PUT,TR-UD-15m intradia
AMZN,2024-04-09,13:45,PUT,TR-UD-15m intradia
AMZN,2024-04-10,15:00,PUT,TR-UD-15m intradia
AMZN,2024-04-12,12:15,PUT,TR-UD-15m intradia
AMZN,2024-04-17,09:45,CALL,TR-UD-15m intradia
AMZN,2024-04-17,11:00,PUT,TR-UD-15m intradia
AMZN,2024-05-01,09:45,CALL,TR-UD-15m intradia
AMZN,2024-05-06,14:15,CALL,TR-UD-15m intradia
AMZN,2024-05-15,09:45,PUT,TR-UD-15m intradia
AMZN,2024-05-16,15:45,PUT,TR-UD-15m intradia
AMZN,2024-05-23,13:30,PUT,TR-UD-15m intradia
AMZN,2024-05-24,13:45,PUT,TR-UD-15m intradia
AMZN,2024-05-28,15:45,CALL,TR-UD-15m intradia
AMZN,2024-06-04,10:15,PUT,TR-UD-15m intradia
AMZN,2024-06-11,15:45,CALL,TR-UD-15m intradia
AMZN,2024-06-13,10:00,CALL,TR-UD-15m intradia
AMZN,2024-06-14,14:45,PUT,TR-UD-15m intradia
AMZN,2024-06-18,11:15,PUT,TR-UD-15m intradia
AMZN,2024-06-24,13:00,PUT,TR-UD-15m intradia
AMZN,2024-06-25,15:00,PUT,TR-UD-15m intradia
AMZN,2024-06-26,10:00,CALL,TR-UD-15m intradia
AMZN,2024-07-05,09:45,CALL,TR-UD-15m intradia
AMZN,2024-07-09,14:00,CALL,TR-UD-15m intradia
AMZN,2024-07-10,13:30,PUT,TR-UD-15m intradia
AMZN,2024-07-10,14:45,CALL,TR-UD-15m intradia
AMZN,2024-07-12,15:45,PUT,TR-UD-15m intradia
AMZN,2024-07-15,10:45,CALL,TR-UD-15m intradia
AMZN,2024-07-16,14:30,PUT,TR-UD-15m intradia
AMZN,2024-07-24,11:15,PUT,TR-UD-15m intradia
AMZN,2024-07-26,12:15,CALL,TR-UD-15m intradia
AMZN,2024-08-07,14:45,PUT,TR-UD-15m intradia
AMZN,2024-08-08,11:00,CALL,TR-UD-15m intradia
AMZN,2024-08-08,13:30,CALL,TR-UD-15m intradia
AMZN,2024-08-12,09:45,PUT,TR-UD-15m intradia
AMZN,2024-08-12,10:15,CALL,TR-UD-15m intradia
AMZN,2024-08-12,15:45,PUT,TR-UD-15m intradia
AMZN,2024-08-19,10:30,PUT,TR-UD-15m intradia
AMZN,2024-08-19,14:45,CALL,TR-UD-15m intradia
AMZN,2024-08-22,10:15,PUT,TR-UD-15m intradia
AMZN,2024-08-26,09:45,PUT,TR-UD-15m intradia
AMZN,2024-08-26,13:15,PUT,TR-UD-15m intradia
AMZN,2024-09-03,12:00,PUT,TR-UD-15m intradia
AMZN,2024-09-03,14:45,CALL,TR-UD-15m intradia
AMZN,2024-09-09,12:15,CALL,TR-UD-15m intradia
AMZN,2024-09-18,09:45,PUT,TR-UD-15m intradia
AMZN,2024-09-18,15:45,PUT,TR-UD-15m intradia
AMZN,2024-09-20,10:00,PUT,TR-UD-15m intradia
AMZN,2024-09-24,15:30,CALL,TR-UD-15m intradia
AMZN,2024-09-25,13:45,PUT,TR-UD-15m intradia
AMZN,2024-10-02,11:30,CALL,TR-UD-15m intradia
AMZN,2024-10-02,15:45,CALL,TR-UD-15m intradia
AMZN,2024-10-14,13:00,PUT,TR-UD-15m intradia
AMZN,2024-10-16,10:00,CALL,TR-UD-15m intradia
AMZN,2024-10-16,10:45,PUT,TR-UD-15m intradia
AMZN,2024-10-17,10:15,PUT,TR-UD-15m intradia
AMZN,2024-10-22,09:45,PUT,TR-UD-15m intradia
AMZN,2024-10-23,11:15,PUT,TR-UD-15m intradia
AMZN,2024-11-08,09:45,PUT,TR-UD-15m intradia
AMZN,2024-11-12,13:15,CALL,TR-UD-15m intradia
AMZN,2024-11-19,13:45,CALL,TR-UD-15m intradia
AMZN,2024-11-22,14:00,PUT,TR-UD-15m intradia
AMZN,2024-11-29,11:30,CALL,TR-UD-15m intradia
AMZN,2024-12-10,12:45,PUT,TR-UD-15m intradia
AMZN,2024-12-11,09:45,CALL,TR-UD-15m intradia
AMZN,2024-12-13,10:30,PUT,TR-UD-15m intradia
AMZN,2024-12-17,13:00,CALL,TR-UD-15m intradia
AMZN,2024-12-18,12:30,PUT,TR-UD-15m intradia
AMZN,2024-12-23,11:15,CALL,TR-UD-15m intradia
AMZN,2024-12-26,14:15,PUT,TR-UD-15m intradia
AMZN,2024-12-30,15:30,PUT,TR-UD-15m intradia
AMZN,2024-12-31,13:15,PUT,TR-UD-15m intradia
AMZN,2025-01-02,12:30,PUT,TR-UD-15m intradia
AMZN,2025-01-23,10:00,PUT,TR-UD-15m intradia
AMZN,2025-01-23,15:15,CALL,TR-UD-15m intradia
AMZN,2025-01-24,13:00,CALL,TR-UD-15m intradia
AMZN,2025-01-27,14:45,PUT,TR-UD-15m intradia
AMZN,2025-01-29,10:15,PUT,TR-UD-15m intradia
AMZN,2025-02-03,09:45,PUT,TR-UD-15m intradia
AMZN,2025-02-06,13:15,CALL,TR-UD-15m intradia
AMZN,2025-02-10,12:45,CALL,TR-UD-15m intradia
AMZN,2025-02-11,14:45,CALL,TR-UD-15m intradia
AMZN,2025-02-12,15:15,PUT,TR-UD-15m intradia
AMZN,2025-02-14,10:45,PUT,TR-UD-15m intradia
AMZN,2025-02-14,14:45,CALL,TR-UD-15m intradia
AMZN,2025-02-27,10:00,PUT,TR-UD-15m intradia
AMZN,2025-03-03,13:15,PUT,TR-UD-15m intradia
AMZN,2025-03-19,10:00,CALL,TR-UD-15m intradia
AMZN,2025-03-19,14:45,CALL,TR-UD-15m intradia
AMZN,2025-03-21,13:45,CALL,TR-UD-15m intradia
AMZN,2025-03-27,15:00,PUT,TR-UD-15m intradia
AMZN,2025-04-02,09:45,PUT,TR-UD-15m intradia
AMZN,2025-04-07,10:15,CALL,TR-UD-15m intradia
AMZN,2025-04-14,14:45,CALL,TR-UD-15m intradia
AMZN,2025-04-17,15:30,PUT,TR-UD-15m intradia
AMZN,2025-04-29,14:00,CALL,TR-UD-15m intradia
AMZN,2025-05-06,12:15,CALL,TR-UD-15m intradia
AMZN,2025-05-09,13:45,CALL,TR-UD-15m intradia
AMZN,2025-05-16,13:00,CALL,TR-UD-15m intradia
AMZN,2025-05-22,10:00,CALL,TR-UD-15m intradia
AMZN,2025-05-22,12:15,CALL,TR-UD-15m intradia
AMZN,2025-05-28,14:00,CALL,TR-UD-15m intradia
AMZN,2025-06-04,14:45,CALL,TR-UD-15m intradia
AMZN,2025-06-10,15:00,CALL,TR-UD-15m intradia
AMZN,2025-06-12,15:45,PUT,TR-UD-15m intradia
AMZN,2025-06-13,12:15,CALL,TR-UD-15m intradia
AMZN,2025-06-18,10:00,CALL,TR-UD-15m intradia
AMZN,2025-06-18,13:30,PUT,TR-UD-15m intradia
AMZN,2025-06-30,13:15,PUT,TR-UD-15m intradia
AMZN,2025-07-02,14:00,PUT,TR-UD-15m intradia
AMZN,2025-07-07,14:30,PUT,TR-UD-15m intradia
AMZN,2025-07-15,15:45,CALL,TR-UD-15m intradia
AMZN,2025-07-22,12:00,PUT,TR-UD-15m intradia
AMZN,2025-07-23,11:15,PUT,TR-UD-15m intradia
AMZN,2025-07-23,13:30,CALL,TR-UD-15m intradia
AMZN,2025-07-25,14:15,PUT,TR-UD-15m intradia
AMZN,2025-07-30,15:00,PUT,TR-UD-15m intradia
AMZN,2025-08-05,15:15,PUT,TR-UD-15m intradia
AMZN,2025-08-06,10:15,CALL,TR-UD-15m intradia
AMZN,2025-08-08,12:30,PUT,TR-UD-15m intradia
AMZN,2025-08-11,13:45,PUT,TR-UD-15m intradia
AMZN,2025-08-15,15:15,CALL,TR-UD-15m intradia
AMZN,2025-08-27,14:15,CALL,TR-UD-15m intradia
AMZN,2025-08-29,12:00,PUT,TR-UD-15m intradia
AMZN,2025-09-03,10:45,CALL,TR-UD-15m intradia
AMZN,2025-09-05,15:00,PUT,TR-UD-15m intradia
AMZN,2025-09-09,12:15,CALL,TR-UD-15m intradia
AMZN,2025-09-11,15:15,PUT,TR-UD-15m intradia
AMZN,2025-09-26,10:00,CALL,TR-UD-15m intradia
AMZN,2025-09-29,15:30,CALL,TR-UD-15m intradia
AMZN,2025-10-07,14:15,CALL,TR-UD-15m intradia
AMZN,2025-10-09,10:15,PUT,TR-UD-15m intradia
AMZN,2025-10-09,13:45,CALL,TR-UD-15m intradia
AMZN,2025-10-16,14:15,PUT,TR-UD-15m intradia
AMZN,2025-10-23,12:45,CALL,TR-UD-15m intradia
AMZN,2025-11-04,12:15,PUT,TR-UD-15m intradia
AMZN,2025-11-11,10:45,PUT,TR-UD-15m intradia
AMZN,2025-11-21,15:30,PUT,TR-UD-15m intradia
AMZN,2025-11-25,09:45,PUT,TR-UD-15m intradia
AMZN,2025-12-05,15:30,PUT,TR-UD-15m intradia
AMZN,2025-12-09,13:00,PUT,TR-UD-15m intradia
AMZN,2025-12-11,11:15,PUT,TR-UD-15m intradia
AMZN,2025-12-17,13:00,CALL,TR-UD-15m intradia
AMZN,2025-12-18,09:45,CALL,TR-UD-15m intradia
AMZN,2025-12-19,10:15,PUT,TR-UD-15m intradia
AMZN,2025-12-22,13:45,CALL,TR-UD-15m intradia
AMZN,2025-12-26,12:30,CALL,TR-UD-15m intradia
AMZN,2025-12-29,14:15,PUT,TR-UD-15m intradia
AMZN,2025-12-30,09:45,PUT,TR-UD-15m intradia
AMZN,2025-12-30,12:00,PUT,TR-UD-15m intradia
AMZN,2025-12-30,14:30,CALL,TR-UD-15m intradia
AMZN,2025-12-30,15:15,PUT,TR-UD-15m intradia
AMZN,2025-12-31,10:45,PUT,TR-UD-15m intradia
AMZN,2026-01-08,12:30,CALL,TR-UD-15m intradia
AMZN,2026-01-26,14:30,CALL,TR-UD-15m intradia
AMZN,2026-01-27,10:00,PUT,TR-UD-15m intradia
AMZN,2026-01-30,13:00,PUT,TR-UD-15m intradia
AMZN,2026-02-02,09:45,CALL,TR-UD-15m intradia
AMZN,2026-02-10,14:45,PUT,TR-UD-15m intradia
AMZN,2026-02-17,11:15,CALL,TR-UD-15m intradia
AMZN,2026-02-19,11:15,CALL,TR-UD-15m intradia
AMZN,2026-02-19,14:45,PUT,TR-UD-15m intradia
AMZN,2026-02-23,10:45,PUT,TR-UD-15m intradia
AMZN,2026-02-26,10:00,PUT,TR-UD-15m intradia
AMZN,2026-03-02,09:45,PUT,TR-UD-15m intradia
AMZN,2026-03-02,14:15,CALL,TR-UD-15m intradia
AMZN,2026-03-03,13:15,CALL,TR-UD-15m intradia
AMZN,2026-03-11,11:00,PUT,TR-UD-15m intradia
AMZN,2026-03-18,10:00,PUT,TR-UD-15m intradia
AMZN,2026-03-20,13:45,PUT,TR-UD-15m intradia
AMZN,2026-04-02,10:45,CALL,TR-UD-15m intradia
AMZN,2026-04-07,14:00,CALL,TR-UD-15m intradia
AMZN,2026-04-13,11:30,CALL,TR-UD-15m intradia
AMZN,2026-04-15,12:30,CALL,TR-UD-15m intradia
AMZN,2026-04-15,15:30,CALL,TR-UD-15m intradia
AMZN,2026-04-16,13:30,CALL,TR-UD-15m intradia
AMZN,2026-04-22,13:15,CALL,TR-UD-15m intradia
AMZN,2026-04-30,09:45,PUT,TR-UD-15m intradia
AMZN,2026-05-08,12:30,PUT,TR-UD-15m intradia
AMZN,2026-05-21,13:00,CALL,TR-UD-15m intradia
AMZN,2026-06-05,12:15,PUT,TR-UD-15m intradia
AMZN,2026-06-12,09:45,PUT,TR-UD-15m intradia
AMZN,2026-06-12,13:30,PUT,TR-UD-15m intradia
AMZN,2026-06-18,11:15,CALL,TR-UD-15m intradia
AMZN,2026-06-23,13:30,PUT,TR-UD-15m intradia
META,2022-06-22,14:30,PUT,TR-UD-15m intradia
META,2022-06-23,11:30,CALL,TR-UD-15m intradia
META,2022-06-23,15:45,CALL,TR-UD-15m intradia
META,2022-06-28,10:30,PUT,TR-UD-15m intradia
META,2022-06-29,14:45,PUT,TR-UD-15m intradia
META,2022-06-30,12:00,CALL,TR-UD-15m intradia
META,2022-07-13,13:45,CALL,TR-UD-15m intradia
META,2022-07-13,15:30,PUT,TR-UD-15m intradia
META,2022-08-01,10:15,CALL,TR-UD-15m intradia
META,2022-08-02,10:00,PUT,TR-UD-15m intradia
META,2022-08-02,12:15,CALL,TR-UD-15m intradia
META,2022-08-04,14:45,CALL,TR-UD-15m intradia
META,2022-08-05,09:45,PUT,TR-UD-15m intradia
META,2022-08-05,12:45,PUT,TR-UD-15m intradia
META,2022-08-11,14:15,PUT,TR-UD-15m intradia
META,2022-08-11,15:30,CALL,TR-UD-15m intradia
META,2022-08-15,13:30,CALL,TR-UD-15m intradia
META,2022-08-16,13:45,CALL,TR-UD-15m intradia
META,2022-09-01,11:15,PUT,TR-UD-15m intradia
META,2022-09-12,15:15,CALL,TR-UD-15m intradia
META,2022-09-28,09:45,CALL,TR-UD-15m intradia
META,2022-10-03,13:45,CALL,TR-UD-15m intradia
META,2022-10-13,11:30,CALL,TR-UD-15m intradia
META,2022-10-14,15:45,CALL,TR-UD-15m intradia
META,2022-10-18,15:45,CALL,TR-UD-15m intradia
META,2022-10-19,13:15,PUT,TR-UD-15m intradia
META,2022-10-24,11:00,CALL,TR-UD-15m intradia
META,2022-10-28,15:30,CALL,TR-UD-15m intradia
META,2022-11-21,09:45,PUT,TR-UD-15m intradia
META,2022-11-22,13:45,CALL,TR-UD-15m intradia
META,2022-11-25,12:15,PUT,TR-UD-15m intradia
META,2022-12-05,15:15,CALL,TR-UD-15m intradia
META,2022-12-09,10:00,PUT,TR-UD-15m intradia
META,2022-12-23,10:45,CALL,TR-UD-15m intradia
META,2022-12-30,14:30,CALL,TR-UD-15m intradia
META,2023-01-05,15:30,CALL,TR-UD-15m intradia
META,2023-01-10,10:15,CALL,TR-UD-15m intradia
META,2023-01-10,14:30,CALL,TR-UD-15m intradia
META,2023-01-13,13:45,CALL,TR-UD-15m intradia
META,2023-01-18,09:45,CALL,TR-UD-15m intradia
META,2023-01-18,10:45,PUT,TR-UD-15m intradia
META,2023-01-19,12:45,CALL,TR-UD-15m intradia
META,2023-02-01,09:45,PUT,TR-UD-15m intradia
META,2023-02-01,10:15,CALL,TR-UD-15m intradia
META,2023-02-07,11:30,CALL,TR-UD-15m intradia
META,2023-02-07,13:30,PUT,TR-UD-15m intradia
META,2023-02-08,10:00,PUT,TR-UD-15m intradia
META,2023-02-14,14:45,CALL,TR-UD-15m intradia
META,2023-02-23,09:45,CALL,TR-UD-15m intradia
META,2023-02-23,11:00,PUT,TR-UD-15m intradia
META,2023-03-01,15:00,PUT,TR-UD-15m intradia
META,2023-03-13,14:15,CALL,TR-UD-15m intradia
META,2023-03-17,10:30,PUT,TR-UD-15m intradia
META,2023-03-17,14:00,PUT,TR-UD-15m intradia
META,2023-03-27,10:15,PUT,TR-UD-15m intradia
META,2023-03-29,11:45,CALL,TR-UD-15m intradia
META,2023-04-03,14:45,CALL,TR-UD-15m intradia
META,2023-04-05,10:15,PUT,TR-UD-15m intradia
META,2023-04-12,10:15,CALL,TR-UD-15m intradia
META,2023-04-12,13:30,CALL,TR-UD-15m intradia
META,2023-04-14,14:15,CALL,TR-UD-15m intradia
META,2023-04-17,11:30,PUT,TR-UD-15m intradia
META,2023-04-20,13:00,CALL,TR-UD-15m intradia
META,2023-05-02,14:00,CALL,TR-UD-15m intradia
META,2023-05-02,14:15,PUT,TR-UD-15m intradia
META,2023-05-04,13:00,CALL,TR-UD-15m intradia
META,2023-05-08,10:00,PUT,TR-UD-15m intradia
META,2023-05-08,13:00,CALL,TR-UD-15m intradia
META,2023-05-16,12:45,CALL,TR-UD-15m intradia
META,2023-05-16,14:45,CALL,TR-UD-15m intradia
META,2023-05-19,14:30,PUT,TR-UD-15m intradia
META,2023-05-23,11:15,CALL,TR-UD-15m intradia
META,2023-05-31,10:00,PUT,TR-UD-15m intradia
META,2023-05-31,15:15,PUT,TR-UD-15m intradia
META,2023-06-05,11:00,CALL,TR-UD-15m intradia
META,2023-06-07,10:30,PUT,TR-UD-15m intradia
META,2023-06-09,10:15,CALL,TR-UD-15m intradia
META,2023-06-14,13:15,PUT,TR-UD-15m intradia
META,2023-06-22,10:00,CALL,TR-UD-15m intradia
META,2023-06-22,12:00,PUT,TR-UD-15m intradia
META,2023-06-27,11:30,CALL,TR-UD-15m intradia
META,2023-06-28,14:15,CALL,TR-UD-15m intradia
META,2023-07-20,10:00,PUT,TR-UD-15m intradia
META,2023-07-26,11:00,PUT,TR-UD-15m intradia
META,2023-08-01,12:30,CALL,TR-UD-15m intradia
META,2023-08-03,11:15,CALL,TR-UD-15m intradia
META,2023-08-03,14:00,PUT,TR-UD-15m intradia
META,2023-08-07,09:45,CALL,TR-UD-15m intradia
META,2023-08-10,13:30,PUT,TR-UD-15m intradia
META,2023-08-14,10:45,CALL,TR-UD-15m intradia
META,2023-08-22,15:15,CALL,TR-UD-15m intradia
META,2023-08-31,15:45,CALL,TR-UD-15m intradia
META,2023-09-07,12:00,PUT,TR-UD-15m intradia
META,2023-09-08,14:15,PUT,TR-UD-15m intradia
META,2023-09-13,12:30,CALL,TR-UD-15m intradia
META,2023-09-18,14:45,PUT,TR-UD-15m intradia
META,2023-09-26,15:15,CALL,TR-UD-15m intradia
META,2023-09-28,10:15,CALL,TR-UD-15m intradia
META,2023-09-29,15:00,CALL,TR-UD-15m intradia
META,2023-10-02,11:30,CALL,TR-UD-15m intradia
META,2023-10-02,14:45,PUT,TR-UD-15m intradia
META,2023-10-03,10:15,PUT,TR-UD-15m intradia
META,2023-10-06,09:45,PUT,TR-UD-15m intradia
META,2023-10-06,10:45,CALL,TR-UD-15m intradia
META,2023-10-23,10:00,CALL,TR-UD-15m intradia
META,2023-11-07,09:45,CALL,TR-UD-15m intradia
META,2023-11-15,12:00,PUT,TR-UD-15m intradia
META,2023-11-21,11:15,PUT,TR-UD-15m intradia
META,2023-11-21,13:00,CALL,TR-UD-15m intradia
META,2023-11-29,10:15,PUT,TR-UD-15m intradia
META,2023-12-05,12:00,PUT,TR-UD-15m intradia
META,2023-12-21,09:45,CALL,TR-UD-15m intradia
META,2023-12-22,12:30,PUT,TR-UD-15m intradia
META,2023-12-22,14:30,PUT,TR-UD-15m intradia
META,2023-12-22,14:45,CALL,TR-UD-15m intradia
META,2023-12-28,13:00,CALL,TR-UD-15m intradia
META,2024-01-04,09:45,PUT,TR-UD-15m intradia
META,2024-01-04,11:45,CALL,TR-UD-15m intradia
META,2024-01-26,10:00,CALL,TR-UD-15m intradia
META,2024-02-05,11:15,PUT,TR-UD-15m intradia
META,2024-02-08,15:45,CALL,TR-UD-15m intradia
META,2024-02-21,13:30,PUT,TR-UD-15m intradia
META,2024-02-26,15:30,PUT,TR-UD-15m intradia
META,2024-02-27,10:15,CALL,TR-UD-15m intradia
META,2024-02-27,14:15,CALL,TR-UD-15m intradia
META,2024-02-28,15:30,CALL,TR-UD-15m intradia
META,2024-02-29,14:15,CALL,TR-UD-15m intradia
META,2024-03-06,12:15,CALL,TR-UD-15m intradia
META,2024-03-14,10:15,CALL,TR-UD-15m intradia
META,2024-03-19,15:45,CALL,TR-UD-15m intradia
META,2024-03-22,10:45,PUT,TR-UD-15m intradia
META,2024-03-25,12:45,PUT,TR-UD-15m intradia
META,2024-04-02,12:30,CALL,TR-UD-15m intradia
META,2024-04-05,12:15,CALL,TR-UD-15m intradia
META,2024-04-10,11:15,CALL,TR-UD-15m intradia
META,2024-04-11,13:15,CALL,TR-UD-15m intradia
META,2024-04-26,11:00,CALL,TR-UD-15m intradia
META,2024-04-29,11:30,PUT,TR-UD-15m intradia
META,2024-05-01,13:45,CALL,TR-UD-15m intradia
META,2024-05-09,10:45,CALL,TR-UD-15m intradia
META,2024-05-09,14:30,CALL,TR-UD-15m intradia
META,2024-05-10,13:30,CALL,TR-UD-15m intradia
META,2024-05-10,15:30,CALL,TR-UD-15m intradia
META,2024-05-14,10:30,CALL,TR-UD-15m intradia
META,2024-05-16,09:45,PUT,TR-UD-15m intradia
META,2024-05-16,13:00,PUT,TR-UD-15m intradia
META,2024-05-24,10:15,CALL,TR-UD-15m intradia
META,2024-06-04,15:30,CALL,TR-UD-15m intradia
META,2024-06-07,10:45,CALL,TR-UD-15m intradia
META,2024-06-18,12:30,PUT,TR-UD-15m intradia
META,2024-06-20,11:45,CALL,TR-UD-15m intradia
META,2024-06-20,12:45,PUT,TR-UD-15m intradia
META,2024-06-20,15:15,CALL,TR-UD-15m intradia
META,2024-06-21,10:00,PUT,TR-UD-15m intradia
META,2024-06-24,13:15,PUT,TR-UD-15m intradia
META,2024-06-28,12:15,PUT,TR-UD-15m intradia
META,2024-07-02,11:15,CALL,TR-UD-15m intradia
META,2024-07-15,10:30,CALL,TR-UD-15m intradia
META,2024-07-30,11:15,PUT,TR-UD-15m intradia
META,2024-08-07,13:30,CALL,TR-UD-15m intradia
META,2024-08-12,15:00,CALL,TR-UD-15m intradia
META,2024-08-19,09:45,CALL,TR-UD-15m intradia
META,2024-08-22,11:45,PUT,TR-UD-15m intradia
META,2024-08-22,14:00,PUT,TR-UD-15m intradia
META,2024-08-27,14:30,PUT,TR-UD-15m intradia
META,2024-08-30,15:45,PUT,TR-UD-15m intradia
META,2024-09-03,13:15,PUT,TR-UD-15m intradia
META,2024-09-06,10:15,PUT,TR-UD-15m intradia
META,2024-09-09,14:45,PUT,TR-UD-15m intradia
META,2024-09-10,10:45,PUT,TR-UD-15m intradia
META,2024-09-16,12:30,CALL,TR-UD-15m intradia
META,2024-09-18,11:15,PUT,TR-UD-15m intradia
META,2024-09-18,14:15,CALL,TR-UD-15m intradia
META,2024-09-27,12:00,PUT,TR-UD-15m intradia
META,2024-09-30,10:15,PUT,TR-UD-15m intradia
META,2024-10-03,10:00,CALL,TR-UD-15m intradia
META,2024-10-09,14:00,PUT,TR-UD-15m intradia
META,2024-10-10,13:00,PUT,TR-UD-15m intradia
META,2024-10-11,14:15,CALL,TR-UD-15m intradia
META,2024-10-28,15:15,CALL,TR-UD-15m intradia
META,2024-11-01,14:15,PUT,TR-UD-15m intradia
META,2024-11-08,12:45,CALL,TR-UD-15m intradia
META,2024-11-08,14:45,CALL,TR-UD-15m intradia
META,2024-11-19,13:15,CALL,TR-UD-15m intradia
META,2024-11-20,10:15,PUT,TR-UD-15m intradia
META,2024-11-21,09:45,PUT,TR-UD-15m intradia
META,2024-11-21,14:45,CALL,TR-UD-15m intradia
META,2024-11-22,13:15,CALL,TR-UD-15m intradia
META,2024-11-25,14:00,PUT,TR-UD-15m intradia
META,2024-12-05,11:00,PUT,TR-UD-15m intradia
META,2024-12-05,13:00,PUT,TR-UD-15m intradia
META,2024-12-13,10:15,PUT,TR-UD-15m intradia
META,2024-12-23,11:45,CALL,TR-UD-15m intradia
META,2024-12-26,09:45,PUT,TR-UD-15m intradia
META,2024-12-30,15:30,PUT,TR-UD-15m intradia
META,2024-12-31,11:15,PUT,TR-UD-15m intradia
META,2024-12-31,13:15,PUT,TR-UD-15m intradia
META,2025-01-02,09:45,CALL,TR-UD-15m intradia
META,2025-01-16,11:15,PUT,TR-UD-15m intradia
META,2025-01-17,15:45,CALL,TR-UD-15m intradia
META,2025-01-23,13:45,CALL,TR-UD-15m intradia
META,2025-02-03,11:00,CALL,TR-UD-15m intradia
META,2025-02-03,13:30,CALL,TR-UD-15m intradia
META,2025-02-04,13:45,CALL,TR-UD-15m intradia
META,2025-02-06,14:30,PUT,TR-UD-15m intradia
META,2025-02-10,10:15,PUT,TR-UD-15m intradia
META,2025-02-10,14:30,PUT,TR-UD-15m intradia
META,2025-02-11,11:30,CALL,TR-UD-15m intradia
META,2025-02-26,09:45,CALL,TR-UD-15m intradia
META,2025-02-27,12:30,CALL,TR-UD-15m intradia
META,2025-03-05,10:15,CALL,TR-UD-15m intradia
META,2025-03-06,09:45,PUT,TR-UD-15m intradia
META,2025-03-21,15:45,PUT,TR-UD-15m intradia
META,2025-03-26,09:45,PUT,TR-UD-15m intradia
META,2025-03-27,15:00,PUT,TR-UD-15m intradia
META,2025-04-02,15:00,PUT,TR-UD-15m intradia
META,2025-04-07,11:00,CALL,TR-UD-15m intradia
META,2025-04-08,15:15,PUT,TR-UD-15m intradia
META,2025-04-17,10:00,CALL,TR-UD-15m intradia
META,2025-04-17,15:30,PUT,TR-UD-15m intradia
META,2025-04-24,13:00,CALL,TR-UD-15m intradia
META,2025-05-05,13:00,CALL,TR-UD-15m intradia
META,2025-05-07,12:45,CALL,TR-UD-15m intradia
META,2025-05-14,13:45,CALL,TR-UD-15m intradia
META,2025-05-19,10:15,CALL,TR-UD-15m intradia
META,2025-05-22,15:00,CALL,TR-UD-15m intradia
META,2025-06-10,09:45,CALL,TR-UD-15m intradia
META,2025-06-11,14:45,CALL,TR-UD-15m intradia
META,2025-06-12,15:45,PUT,TR-UD-15m intradia
META,2025-06-17,14:00,PUT,TR-UD-15m intradia
META,2025-06-18,13:30,PUT,TR-UD-15m intradia
META,2025-06-25,15:15,CALL,TR-UD-15m intradia
META,2025-06-27,15:45,CALL,TR-UD-15m intradia
META,2025-07-02,14:45,PUT,TR-UD-15m intradia
META,2025-07-08,13:00,CALL,TR-UD-15m intradia
META,2025-07-08,13:45,PUT,TR-UD-15m intradia
META,2025-07-17,15:45,PUT,TR-UD-15m intradia
META,2025-07-18,15:15,CALL,TR-UD-15m intradia
META,2025-07-23,11:30,CALL,TR-UD-15m intradia
META,2025-07-25,12:45,CALL,TR-UD-15m intradia
META,2025-07-25,13:45,PUT,TR-UD-15m intradia
META,2025-08-01,11:00,PUT,TR-UD-15m intradia
META,2025-08-06,14:45,PUT,TR-UD-15m intradia
META,2025-08-14,12:00,CALL,TR-UD-15m intradia
META,2025-08-14,15:45,PUT,TR-UD-15m intradia
META,2025-08-15,10:00,CALL,TR-UD-15m intradia
META,2025-08-15,15:45,CALL,TR-UD-15m intradia
META,2025-08-21,12:30,PUT,TR-UD-15m intradia
META,2025-08-25,13:00,CALL,TR-UD-15m intradia
META,2025-08-26,10:45,CALL,TR-UD-15m intradia
META,2025-08-27,09:45,PUT,TR-UD-15m intradia
META,2025-09-09,13:30,CALL,TR-UD-15m intradia
META,2025-09-19,10:30,PUT,TR-UD-15m intradia
META,2025-09-22,13:00,PUT,TR-UD-15m intradia
META,2025-09-29,15:15,PUT,TR-UD-15m intradia
META,2025-10-07,14:15,CALL,TR-UD-15m intradia
META,2025-10-13,14:00,PUT,TR-UD-15m intradia
META,2025-10-14,12:00,CALL,TR-UD-15m intradia
META,2025-10-16,13:45,PUT,TR-UD-15m intradia
META,2025-10-21,15:00,CALL,TR-UD-15m intradia
META,2025-10-22,12:15,PUT,TR-UD-15m intradia
META,2025-11-05,12:00,CALL,TR-UD-15m intradia
META,2025-11-19,09:45,PUT,TR-UD-15m intradia
META,2025-11-20,12:45,PUT,TR-UD-15m intradia
META,2025-11-21,15:30,PUT,TR-UD-15m intradia
META,2025-12-01,13:30,PUT,TR-UD-15m intradia
META,2025-12-01,15:45,CALL,TR-UD-15m intradia
META,2025-12-03,14:45,CALL,TR-UD-15m intradia
META,2025-12-05,10:00,PUT,TR-UD-15m intradia
META,2025-12-11,14:45,CALL,TR-UD-15m intradia
META,2025-12-15,12:00,CALL,TR-UD-15m intradia
META,2025-12-16,13:45,CALL,TR-UD-15m intradia
META,2025-12-19,10:00,PUT,TR-UD-15m intradia
META,2025-12-19,12:00,CALL,TR-UD-15m intradia
META,2025-12-26,12:15,PUT,TR-UD-15m intradia
META,2026-01-16,12:45,CALL,TR-UD-15m intradia
META,2026-01-21,14:00,CALL,TR-UD-15m intradia
META,2026-01-27,12:45,PUT,TR-UD-15m intradia
META,2026-01-28,15:45,CALL,TR-UD-15m intradia
META,2026-02-18,13:00,CALL,TR-UD-15m intradia
META,2026-03-02,11:45,CALL,TR-UD-15m intradia
META,2026-03-03,13:30,CALL,TR-UD-15m intradia
META,2026-03-04,09:45,CALL,TR-UD-15m intradia
META,2026-03-05,12:30,PUT,TR-UD-15m intradia
META,2026-03-11,10:30,PUT,TR-UD-15m intradia
META,2026-03-17,11:15,PUT,TR-UD-15m intradia
META,2026-03-17,13:30,PUT,TR-UD-15m intradia
META,2026-03-25,12:30,CALL,TR-UD-15m intradia
META,2026-03-25,15:45,PUT,TR-UD-15m intradia
META,2026-03-30,11:30,CALL,TR-UD-15m intradia
META,2026-04-21,14:00,PUT,TR-UD-15m intradia
META,2026-04-22,09:45,CALL,TR-UD-15m intradia
META,2026-04-24,10:00,CALL,TR-UD-15m intradia
META,2026-04-27,15:45,CALL,TR-UD-15m intradia
META,2026-04-28,09:45,PUT,TR-UD-15m intradia
META,2026-04-29,11:00,CALL,TR-UD-15m intradia
META,2026-05-01,10:30,CALL,TR-UD-15m intradia
META,2026-05-04,13:45,CALL,TR-UD-15m intradia
META,2026-05-04,14:15,PUT,TR-UD-15m intradia
META,2026-05-08,09:45,PUT,TR-UD-15m intradia
META,2026-05-15,15:45,PUT,TR-UD-15m intradia
META,2026-05-18,12:00,PUT,TR-UD-15m intradia
META,2026-05-20,13:45,PUT,TR-UD-15m intradia
META,2026-05-21,13:30,CALL,TR-UD-15m intradia
META,2026-05-26,10:30,PUT,TR-UD-15m intradia
META,2026-05-26,15:00,PUT,TR-UD-15m intradia
META,2026-05-29,09:45,PUT,TR-UD-15m intradia
META,2026-06-03,09:45,CALL,TR-UD-15m intradia
META,2026-06-10,09:45,CALL,TR-UD-15m intradia
META,2026-06-12,15:45,PUT,TR-UD-15m intradia
META,2026-06-16,14:15,CALL,TR-UD-15m intradia
META,2026-06-18,15:45,PUT,TR-UD-15m intradia
META,2026-06-23,14:45,PUT,TR-UD-15m intradia
META,2026-06-24,10:15,PUT,TR-UD-15m intradia
META,2026-06-24,12:30,PUT,TR-UD-15m intradia
MSFT,2022-06-03,14:30,CALL,TR-UD-15m intradia
MSFT,2022-06-07,14:15,CALL,TR-UD-15m intradia
MSFT,2022-06-09,13:30,PUT,TR-UD-15m intradia
MSFT,2022-06-14,15:00,PUT,TR-UD-15m intradia
MSFT,2022-06-17,11:30,CALL,TR-UD-15m intradia
MSFT,2022-06-23,10:00,CALL,TR-UD-15m intradia
MSFT,2022-06-27,12:30,PUT,TR-UD-15m intradia
MSFT,2022-06-27,13:00,CALL,TR-UD-15m intradia
MSFT,2022-06-29,14:45,PUT,TR-UD-15m intradia
MSFT,2022-07-05,09:45,PUT,TR-UD-15m intradia
MSFT,2022-07-05,12:30,CALL,TR-UD-15m intradia
MSFT,2022-07-14,14:15,CALL,TR-UD-15m intradia
MSFT,2022-07-19,11:15,CALL,TR-UD-15m intradia
MSFT,2022-08-01,09:45,PUT,TR-UD-15m intradia
MSFT,2022-08-08,14:15,PUT,TR-UD-15m intradia
MSFT,2022-08-16,13:45,CALL,TR-UD-15m intradia
MSFT,2022-08-16,14:45,PUT,TR-UD-15m intradia
MSFT,2022-08-17,10:15,PUT,TR-UD-15m intradia
MSFT,2022-08-17,15:45,PUT,TR-UD-15m intradia
MSFT,2022-08-18,14:45,PUT,TR-UD-15m intradia
MSFT,2022-08-26,10:30,PUT,TR-UD-15m intradia
MSFT,2022-08-31,13:45,PUT,TR-UD-15m intradia
MSFT,2022-09-02,15:45,PUT,TR-UD-15m intradia
MSFT,2022-09-07,09:45,CALL,TR-UD-15m intradia
MSFT,2022-09-08,14:45,CALL,TR-UD-15m intradia
MSFT,2022-09-20,09:45,PUT,TR-UD-15m intradia
MSFT,2022-09-20,13:30,PUT,TR-UD-15m intradia
MSFT,2022-09-23,12:00,PUT,TR-UD-15m intradia
MSFT,2022-09-27,11:30,PUT,TR-UD-15m intradia
MSFT,2022-09-30,11:15,CALL,TR-UD-15m intradia
MSFT,2022-09-30,14:15,PUT,TR-UD-15m intradia
MSFT,2022-10-03,10:00,PUT,TR-UD-15m intradia
MSFT,2022-10-03,12:15,CALL,TR-UD-15m intradia
MSFT,2022-10-05,13:15,CALL,TR-UD-15m intradia
MSFT,2022-10-18,15:15,PUT,TR-UD-15m intradia
MSFT,2022-10-18,15:30,CALL,TR-UD-15m intradia
MSFT,2022-10-19,11:30,PUT,TR-UD-15m intradia
MSFT,2022-10-31,14:00,CALL,TR-UD-15m intradia
MSFT,2022-11-01,09:45,CALL,TR-UD-15m intradia
MSFT,2022-11-04,14:30,CALL,TR-UD-15m intradia
MSFT,2022-11-09,10:45,PUT,TR-UD-15m intradia
MSFT,2022-11-17,12:00,CALL,TR-UD-15m intradia
MSFT,2022-11-18,12:45,PUT,TR-UD-15m intradia
MSFT,2022-11-22,13:15,CALL,TR-UD-15m intradia
MSFT,2022-12-02,15:00,CALL,TR-UD-15m intradia
MSFT,2022-12-05,11:45,PUT,TR-UD-15m intradia
MSFT,2022-12-07,14:00,PUT,TR-UD-15m intradia
MSFT,2022-12-08,09:45,PUT,TR-UD-15m intradia
MSFT,2022-12-09,11:00,CALL,TR-UD-15m intradia
MSFT,2022-12-20,13:30,CALL,TR-UD-15m intradia
MSFT,2022-12-23,10:45,CALL,TR-UD-15m intradia
MSFT,2022-12-28,09:45,CALL,TR-UD-15m intradia
MSFT,2022-12-28,11:45,PUT,TR-UD-15m intradia
MSFT,2023-01-10,15:00,PUT,TR-UD-15m intradia
MSFT,2023-01-20,11:15,CALL,TR-UD-15m intradia
MSFT,2023-01-31,12:45,CALL,TR-UD-15m intradia
MSFT,2023-02-03,09:45,PUT,TR-UD-15m intradia
MSFT,2023-02-08,15:45,CALL,TR-UD-15m intradia
MSFT,2023-02-14,10:45,PUT,TR-UD-15m intradia
MSFT,2023-02-14,14:30,CALL,TR-UD-15m intradia
MSFT,2023-02-15,09:45,PUT,TR-UD-15m intradia
MSFT,2023-02-24,09:45,PUT,TR-UD-15m intradia
MSFT,2023-02-28,15:15,PUT,TR-UD-15m intradia
MSFT,2023-03-02,13:15,PUT,TR-UD-15m intradia
MSFT,2023-03-13,10:00,CALL,TR-UD-15m intradia
MSFT,2023-03-24,11:00,CALL,TR-UD-15m intradia
MSFT,2023-04-03,11:15,PUT,TR-UD-15m intradia
MSFT,2023-04-03,15:00,CALL,TR-UD-15m intradia
MSFT,2023-04-10,10:00,PUT,TR-UD-15m intradia
MSFT,2023-04-14,12:15,PUT,TR-UD-15m intradia
MSFT,2023-04-17,12:30,CALL,TR-UD-15m intradia
MSFT,2023-04-18,10:30,PUT,TR-UD-15m intradia
MSFT,2023-04-20,13:15,CALL,TR-UD-15m intradia
MSFT,2023-05-02,10:00,CALL,TR-UD-15m intradia
MSFT,2023-05-03,10:00,PUT,TR-UD-15m intradia
MSFT,2023-05-03,12:15,PUT,TR-UD-15m intradia
MSFT,2023-05-03,13:00,CALL,TR-UD-15m intradia
MSFT,2023-05-03,15:15,PUT,TR-UD-15m intradia
MSFT,2023-05-04,13:00,CALL,TR-UD-15m intradia
MSFT,2023-05-04,15:45,PUT,TR-UD-15m intradia
MSFT,2023-05-08,12:15,PUT,TR-UD-15m intradia
MSFT,2023-05-09,11:00,PUT,TR-UD-15m intradia
MSFT,2023-05-09,15:15,PUT,TR-UD-15m intradia
MSFT,2023-05-12,13:00,PUT,TR-UD-15m intradia
MSFT,2023-05-15,11:15,CALL,TR-UD-15m intradia
MSFT,2023-05-15,13:45,PUT,TR-UD-15m intradia
MSFT,2023-05-17,13:30,CALL,TR-UD-15m intradia
MSFT,2023-05-19,13:15,CALL,TR-UD-15m intradia
MSFT,2023-05-19,15:15,CALL,TR-UD-15m intradia
MSFT,2023-05-30,14:30,CALL,TR-UD-15m intradia
MSFT,2023-06-12,09:45,CALL,TR-UD-15m intradia
MSFT,2023-06-12,13:45,CALL,TR-UD-15m intradia
MSFT,2023-06-27,13:30,CALL,TR-UD-15m intradia
MSFT,2023-07-03,12:30,PUT,TR-UD-15m intradia
MSFT,2023-07-05,15:45,PUT,TR-UD-15m intradia
MSFT,2023-07-07,12:15,CALL,TR-UD-15m intradia
MSFT,2023-07-11,15:45,CALL,TR-UD-15m intradia
MSFT,2023-07-27,13:30,PUT,TR-UD-15m intradia
MSFT,2023-07-28,09:45,CALL,TR-UD-15m intradia
MSFT,2023-07-31,11:45,PUT,TR-UD-15m intradia
MSFT,2023-08-01,10:30,CALL,TR-UD-15m intradia
MSFT,2023-08-03,13:30,PUT,TR-UD-15m intradia
MSFT,2023-08-03,15:45,PUT,TR-UD-15m intradia
MSFT,2023-08-10,09:45,CALL,TR-UD-15m intradia
MSFT,2023-08-10,13:45,PUT,TR-UD-15m intradia
MSFT,2023-08-14,10:15,CALL,TR-UD-15m intradia
MSFT,2023-08-15,10:15,PUT,TR-UD-15m intradia
MSFT,2023-08-23,09:45,CALL,TR-UD-15m intradia
MSFT,2023-08-30,14:45,CALL,TR-UD-15m intradia
MSFT,2023-08-31,11:15,PUT,TR-UD-15m intradia
MSFT,2023-08-31,15:45,CALL,TR-UD-15m intradia
MSFT,2023-09-01,12:00,PUT,TR-UD-15m intradia
MSFT,2023-09-01,14:30,PUT,TR-UD-15m intradia
MSFT,2023-09-06,15:00,CALL,TR-UD-15m intradia
MSFT,2023-09-07,13:45,PUT,TR-UD-15m intradia
MSFT,2023-09-11,13:30,CALL,TR-UD-15m intradia
MSFT,2023-09-13,12:00,CALL,TR-UD-15m intradia
MSFT,2023-09-22,13:15,PUT,TR-UD-15m intradia
MSFT,2023-09-27,13:45,PUT,TR-UD-15m intradia
MSFT,2023-10-02,09:45,CALL,TR-UD-15m intradia
MSFT,2023-10-11,09:45,CALL,TR-UD-15m intradia
MSFT,2023-10-11,14:30,CALL,TR-UD-15m intradia
MSFT,2023-10-13,09:45,CALL,TR-UD-15m intradia
MSFT,2023-10-19,09:45,CALL,TR-UD-15m intradia
MSFT,2023-10-19,12:15,CALL,TR-UD-15m intradia
MSFT,2023-10-24,15:30,CALL,TR-UD-15m intradia
MSFT,2023-10-31,11:30,PUT,TR-UD-15m intradia
MSFT,2023-11-08,13:15,CALL,TR-UD-15m intradia
MSFT,2023-11-09,10:00,CALL,TR-UD-15m intradia
MSFT,2023-11-09,10:30,PUT,TR-UD-15m intradia
MSFT,2023-11-15,14:00,CALL,TR-UD-15m intradia
MSFT,2023-11-17,11:00,PUT,TR-UD-15m intradia
MSFT,2023-11-20,09:45,CALL,TR-UD-15m intradia
MSFT,2023-11-27,09:45,CALL,TR-UD-15m intradia
MSFT,2023-11-27,11:45,CALL,TR-UD-15m intradia
MSFT,2023-12-06,13:00,PUT,TR-UD-15m intradia
MSFT,2023-12-07,15:00,PUT,TR-UD-15m intradia
MSFT,2023-12-12,11:15,CALL,TR-UD-15m intradia
MSFT,2023-12-15,10:45,CALL,TR-UD-15m intradia
MSFT,2023-12-27,14:15,PUT,TR-UD-15m intradia
MSFT,2023-12-28,14:45,CALL,TR-UD-15m intradia
MSFT,2024-01-03,13:00,CALL,TR-UD-15m intradia
MSFT,2024-01-04,10:15,CALL,TR-UD-15m intradia
MSFT,2024-01-04,14:30,PUT,TR-UD-15m intradia
MSFT,2024-01-05,14:45,PUT,TR-UD-15m intradia
MSFT,2024-01-08,12:00,CALL,TR-UD-15m intradia
MSFT,2024-01-09,09:45,PUT,TR-UD-15m intradia
MSFT,2024-01-12,10:45,CALL,TR-UD-15m intradia
MSFT,2024-01-22,13:45,CALL,TR-UD-15m intradia
MSFT,2024-01-23,14:00,CALL,TR-UD-15m intradia
MSFT,2024-01-26,10:45,CALL,TR-UD-15m intradia
MSFT,2024-01-26,13:15,PUT,TR-UD-15m intradia
MSFT,2024-02-06,14:15,PUT,TR-UD-15m intradia
MSFT,2024-02-08,13:15,CALL,TR-UD-15m intradia
MSFT,2024-02-08,15:30,CALL,TR-UD-15m intradia
MSFT,2024-02-12,13:00,CALL,TR-UD-15m intradia
MSFT,2024-02-16,09:45,PUT,TR-UD-15m intradia
MSFT,2024-02-16,15:00,PUT,TR-UD-15m intradia
MSFT,2024-02-21,14:30,PUT,TR-UD-15m intradia
MSFT,2024-02-28,13:30,CALL,TR-UD-15m intradia
MSFT,2024-02-28,15:30,CALL,TR-UD-15m intradia
MSFT,2024-03-04,15:15,CALL,TR-UD-15m intradia
MSFT,2024-03-15,11:45,PUT,TR-UD-15m intradia
MSFT,2024-03-19,10:45,CALL,TR-UD-15m intradia
MSFT,2024-03-20,10:00,CALL,TR-UD-15m intradia
MSFT,2024-03-20,12:30,CALL,TR-UD-15m intradia
MSFT,2024-03-22,14:15,CALL,TR-UD-15m intradia
MSFT,2024-03-26,15:45,PUT,TR-UD-15m intradia
MSFT,2024-04-03,10:30,CALL,TR-UD-15m intradia
MSFT,2024-04-05,13:00,CALL,TR-UD-15m intradia
MSFT,2024-04-08,10:00,CALL,TR-UD-15m intradia
MSFT,2024-04-12,09:45,PUT,TR-UD-15m intradia
MSFT,2024-04-15,11:45,PUT,TR-UD-15m intradia
MSFT,2024-05-02,10:45,PUT,TR-UD-15m intradia
MSFT,2024-05-08,14:30,PUT,TR-UD-15m intradia
MSFT,2024-05-09,11:00,CALL,TR-UD-15m intradia
MSFT,2024-05-09,14:45,CALL,TR-UD-15m intradia
MSFT,2024-05-10,14:00,CALL,TR-UD-15m intradia
MSFT,2024-05-13,14:30,CALL,TR-UD-15m intradia
MSFT,2024-05-23,11:45,CALL,TR-UD-15m intradia
MSFT,2024-05-24,14:00,CALL,TR-UD-15m intradia
MSFT,2024-05-29,10:45,CALL,TR-UD-15m intradia
MSFT,2024-05-29,13:00,CALL,TR-UD-15m intradia
MSFT,2024-06-04,09:45,PUT,TR-UD-15m intradia
MSFT,2024-06-04,12:45,CALL,TR-UD-15m intradia
MSFT,2024-06-06,14:30,CALL,TR-UD-15m intradia
MSFT,2024-06-07,13:00,CALL,TR-UD-15m intradia
MSFT,2024-06-10,15:00,CALL,TR-UD-15m intradia
MSFT,2024-06-14,09:45,PUT,TR-UD-15m intradia
MSFT,2024-06-14,12:45,CALL,TR-UD-15m intradia
MSFT,2024-06-18,15:15,PUT,TR-UD-15m intradia
MSFT,2024-06-24,13:00,CALL,TR-UD-15m intradia
MSFT,2024-06-24,15:45,PUT,TR-UD-15m intradia
MSFT,2024-06-25,12:00,CALL,TR-UD-15m intradia
MSFT,2024-06-25,14:30,CALL,TR-UD-15m intradia
MSFT,2024-06-28,15:15,PUT,TR-UD-15m intradia
MSFT,2024-07-01,12:15,CALL,TR-UD-15m intradia
MSFT,2024-07-01,15:45,CALL,TR-UD-15m intradia
MSFT,2024-07-09,09:45,PUT,TR-UD-15m intradia
MSFT,2024-07-10,12:45,CALL,TR-UD-15m intradia
MSFT,2024-07-11,10:00,PUT,TR-UD-15m intradia
MSFT,2024-07-19,14:30,PUT,TR-UD-15m intradia
MSFT,2024-07-26,11:45,CALL,TR-UD-15m intradia
MSFT,2024-07-29,15:45,CALL,TR-UD-15m intradia
MSFT,2024-08-01,11:45,PUT,TR-UD-15m intradia
MSFT,2024-08-01,13:45,PUT,TR-UD-15m intradia
MSFT,2024-08-07,13:00,PUT,TR-UD-15m intradia
MSFT,2024-08-08,14:00,CALL,TR-UD-15m intradia
MSFT,2024-08-08,14:45,PUT,TR-UD-15m intradia
MSFT,2024-08-16,09:45,PUT,TR-UD-15m intradia
MSFT,2024-08-16,15:45,PUT,TR-UD-15m intradia
MSFT,2024-08-19,10:00,CALL,TR-UD-15m intradia
MSFT,2024-08-21,11:45,PUT,TR-UD-15m intradia
MSFT,2024-08-22,10:45,PUT,TR-UD-15m intradia
MSFT,2024-09-03,11:45,PUT,TR-UD-15m intradia
MSFT,2024-09-04,14:45,PUT,TR-UD-15m intradia
MSFT,2024-09-05,11:30,PUT,TR-UD-15m intradia
MSFT,2024-09-09,14:15,PUT,TR-UD-15m intradia
MSFT,2024-09-16,13:30,CALL,TR-UD-15m intradia
MSFT,2024-09-16,15:45,CALL,TR-UD-15m intradia
MSFT,2024-09-18,11:45,PUT,TR-UD-15m intradia
MSFT,2024-09-25,11:30,CALL,TR-UD-15m intradia
MSFT,2024-09-27,11:15,PUT,TR-UD-15m intradia
MSFT,2024-09-30,14:15,PUT,TR-UD-15m intradia
MSFT,2024-10-02,12:45,PUT,TR-UD-15m intradia
MSFT,2024-10-04,10:30,PUT,TR-UD-15m intradia
MSFT,2024-10-04,12:30,CALL,TR-UD-15m intradia
MSFT,2024-10-07,12:15,PUT,TR-UD-15m intradia
MSFT,2024-10-08,12:00,CALL,TR-UD-15m intradia
MSFT,2024-10-10,15:15,PUT,TR-UD-15m intradia
MSFT,2024-10-11,10:15,CALL,TR-UD-15m intradia
MSFT,2024-10-16,15:15,PUT,TR-UD-15m intradia
MSFT,2024-10-21,09:45,PUT,TR-UD-15m intradia
MSFT,2024-10-28,12:15,PUT,TR-UD-15m intradia
MSFT,2024-10-28,15:00,PUT,TR-UD-15m intradia
MSFT,2024-11-08,12:15,PUT,TR-UD-15m intradia
MSFT,2024-11-13,10:30,PUT,TR-UD-15m intradia
MSFT,2024-11-14,13:15,CALL,TR-UD-15m intradia
MSFT,2024-11-18,15:30,PUT,TR-UD-15m intradia
MSFT,2024-11-20,09:45,PUT,TR-UD-15m intradia
MSFT,2024-11-21,14:15,PUT,TR-UD-15m intradia
MSFT,2024-11-22,09:45,CALL,TR-UD-15m intradia
MSFT,2024-11-22,10:15,PUT,TR-UD-15m intradia
MSFT,2024-11-25,13:00,CALL,TR-UD-15m intradia
MSFT,2024-12-03,15:15,CALL,TR-UD-15m intradia
MSFT,2024-12-06,13:15,CALL,TR-UD-15m intradia
MSFT,2024-12-13,11:00,PUT,TR-UD-15m intradia
MSFT,2024-12-26,14:45,CALL,TR-UD-15m intradia
MSFT,2024-12-30,15:30,PUT,TR-UD-15m intradia
MSFT,2025-01-03,13:30,CALL,TR-UD-15m intradia
MSFT,2025-01-07,10:45,PUT,TR-UD-15m intradia
MSFT,2025-01-13,09:45,PUT,TR-UD-15m intradia
MSFT,2025-01-14,15:00,PUT,TR-UD-15m intradia
MSFT,2025-01-16,13:00,CALL,TR-UD-15m intradia
MSFT,2025-01-21,13:30,PUT,TR-UD-15m intradia
MSFT,2025-01-23,13:15,CALL,TR-UD-15m intradia
MSFT,2025-01-31,15:15,PUT,TR-UD-15m intradia
MSFT,2025-02-04,14:15,CALL,TR-UD-15m intradia
MSFT,2025-02-05,09:45,CALL,TR-UD-15m intradia
MSFT,2025-02-05,10:00,PUT,TR-UD-15m intradia
MSFT,2025-02-10,13:45,PUT,TR-UD-15m intradia
MSFT,2025-02-12,13:30,PUT,TR-UD-15m intradia
MSFT,2025-02-13,10:45,CALL,TR-UD-15m intradia
MSFT,2025-02-13,15:00,CALL,TR-UD-15m intradia
MSFT,2025-02-14,14:15,PUT,TR-UD-15m intradia
MSFT,2025-02-18,15:30,CALL,TR-UD-15m intradia
MSFT,2025-02-27,11:00,PUT,TR-UD-15m intradia
MSFT,2025-03-05,10:15,CALL,TR-UD-15m intradia
MSFT,2025-03-06,15:30,CALL,TR-UD-15m intradia
MSFT,2025-03-19,11:45,CALL,TR-UD-15m intradia
MSFT,2025-03-21,09:45,PUT,TR-UD-15m intradia
MSFT,2025-03-21,15:15,PUT,TR-UD-15m intradia
MSFT,2025-04-02,12:30,CALL,TR-UD-15m intradia
MSFT,2025-04-11,11:45,CALL,TR-UD-15m intradia
MSFT,2025-04-15,09:45,CALL,TR-UD-15m intradia
MSFT,2025-04-15,11:00,PUT,TR-UD-15m intradia
MSFT,2025-05-06,15:45,PUT,TR-UD-15m intradia
MSFT,2025-05-07,10:30,CALL,TR-UD-15m intradia
MSFT,2025-05-07,12:45,CALL,TR-UD-15m intradia
MSFT,2025-05-07,15:00,CALL,TR-UD-15m intradia
MSFT,2025-05-09,10:45,PUT,TR-UD-15m intradia
MSFT,2025-05-13,15:15,CALL,TR-UD-15m intradia
MSFT,2025-05-21,13:00,PUT,TR-UD-15m intradia
MSFT,2025-05-22,09:45,CALL,TR-UD-15m intradia
MSFT,2025-05-22,13:30,CALL,TR-UD-15m intradia
MSFT,2025-05-30,15:00,CALL,TR-UD-15m intradia
MSFT,2025-06-04,13:30,CALL,TR-UD-15m intradia
MSFT,2025-06-10,09:45,PUT,TR-UD-15m intradia
MSFT,2025-06-12,09:45,CALL,TR-UD-15m intradia
MSFT,2025-06-13,12:15,CALL,TR-UD-15m intradia
MSFT,2025-06-16,09:45,CALL,TR-UD-15m intradia
MSFT,2025-06-20,13:00,CALL,TR-UD-15m intradia
MSFT,2025-07-02,15:15,PUT,TR-UD-15m intradia
MSFT,2025-07-07,13:30,PUT,TR-UD-15m intradia
MSFT,2025-07-08,15:45,PUT,TR-UD-15m intradia
MSFT,2025-07-10,10:00,PUT,TR-UD-15m intradia
MSFT,2025-07-11,10:45,CALL,TR-UD-15m intradia
MSFT,2025-07-21,10:00,CALL,TR-UD-15m intradia
MSFT,2025-07-28,11:15,PUT,TR-UD-15m intradia
MSFT,2025-07-28,13:30,PUT,TR-UD-15m intradia
MSFT,2025-07-29,13:15,CALL,TR-UD-15m intradia
MSFT,2025-07-29,13:45,PUT,TR-UD-15m intradia
MSFT,2025-07-30,10:15,PUT,TR-UD-15m intradia
MSFT,2025-08-07,11:00,PUT,TR-UD-15m intradia
MSFT,2025-08-08,15:45,PUT,TR-UD-15m intradia
MSFT,2025-08-11,10:00,CALL,TR-UD-15m intradia
MSFT,2025-08-15,10:15,CALL,TR-UD-15m intradia
MSFT,2025-08-15,12:15,CALL,TR-UD-15m intradia
MSFT,2025-08-15,14:45,PUT,TR-UD-15m intradia
MSFT,2025-08-22,09:45,CALL,TR-UD-15m intradia
MSFT,2025-08-22,10:00,PUT,TR-UD-15m intradia
MSFT,2025-08-28,14:30,CALL,TR-UD-15m intradia
MSFT,2025-08-29,14:00,CALL,TR-UD-15m intradia
MSFT,2025-09-03,15:45,CALL,TR-UD-15m intradia
MSFT,2025-09-08,14:00,PUT,TR-UD-15m intradia
MSFT,2025-09-10,12:30,PUT,TR-UD-15m intradia
MSFT,2025-09-10,15:15,PUT,TR-UD-15m intradia
MSFT,2025-09-18,10:00,CALL,TR-UD-15m intradia
MSFT,2025-09-18,14:00,PUT,TR-UD-15m intradia
MSFT,2025-09-18,15:00,CALL,TR-UD-15m intradia
MSFT,2025-09-22,13:45,CALL,TR-UD-15m intradia
MSFT,2025-09-22,15:45,PUT,TR-UD-15m intradia
MSFT,2025-09-26,14:15,CALL,TR-UD-15m intradia
MSFT,2025-09-30,10:45,CALL,TR-UD-15m intradia
MSFT,2025-09-30,14:15,CALL,TR-UD-15m intradia
MSFT,2025-10-01,12:15,CALL,TR-UD-15m intradia
MSFT,2025-10-02,15:30,CALL,TR-UD-15m intradia
MSFT,2025-10-08,11:45,PUT,TR-UD-15m intradia
MSFT,2025-10-16,12:30,PUT,TR-UD-15m intradia
MSFT,2025-10-17,14:15,CALL,TR-UD-15m intradia
MSFT,2025-10-21,10:00,CALL,TR-UD-15m intradia
MSFT,2025-10-21,10:15,PUT,TR-UD-15m intradia
MSFT,2025-10-21,14:45,CALL,TR-UD-15m intradia
MSFT,2025-10-23,11:15,CALL,TR-UD-15m intradia
MSFT,2025-10-24,10:15,CALL,TR-UD-15m intradia
MSFT,2025-10-24,14:45,CALL,TR-UD-15m intradia
MSFT,2025-10-29,10:45,PUT,TR-UD-15m intradia
MSFT,2025-11-03,15:30,PUT,TR-UD-15m intradia
MSFT,2025-11-05,11:00,PUT,TR-UD-15m intradia
MSFT,2025-11-07,12:45,PUT,TR-UD-15m intradia
MSFT,2025-11-11,12:45,CALL,TR-UD-15m intradia
MSFT,2025-11-24,11:30,CALL,TR-UD-15m intradia
MSFT,2025-11-25,12:45,CALL,TR-UD-15m intradia
MSFT,2025-12-01,09:45,PUT,TR-UD-15m intradia
MSFT,2025-12-01,13:30,PUT,TR-UD-15m intradia
MSFT,2025-12-02,09:45,CALL,TR-UD-15m intradia
MSFT,2025-12-09,15:15,CALL,TR-UD-15m intradia
MSFT,2025-12-11,11:45,CALL,TR-UD-15m intradia
MSFT,2025-12-12,09:45,PUT,TR-UD-15m intradia
MSFT,2025-12-16,12:45,PUT,TR-UD-15m intradia
MSFT,2025-12-23,14:00,CALL,TR-UD-15m intradia
MSFT,2025-12-26,13:15,PUT,TR-UD-15m intradia
MSFT,2025-12-29,10:30,CALL,TR-UD-15m intradia
MSFT,2025-12-30,15:45,CALL,TR-UD-15m intradia
MSFT,2026-01-05,13:00,PUT,TR-UD-15m intradia
MSFT,2026-01-12,14:30,CALL,TR-UD-15m intradia
MSFT,2026-01-22,10:30,CALL,TR-UD-15m intradia
MSFT,2026-01-28,13:45,CALL,TR-UD-15m intradia
MSFT,2026-01-30,10:45,CALL,TR-UD-15m intradia
MSFT,2026-02-02,10:15,PUT,TR-UD-15m intradia
MSFT,2026-02-06,15:45,CALL,TR-UD-15m intradia
MSFT,2026-02-19,10:45,CALL,TR-UD-15m intradia
MSFT,2026-02-19,13:00,PUT,TR-UD-15m intradia
MSFT,2026-03-03,11:30,CALL,TR-UD-15m intradia
MSFT,2026-03-12,15:00,PUT,TR-UD-15m intradia
MSFT,2026-03-16,13:45,PUT,TR-UD-15m intradia
MSFT,2026-03-17,14:45,CALL,TR-UD-15m intradia
MSFT,2026-03-30,09:45,CALL,TR-UD-15m intradia
MSFT,2026-04-02,11:45,CALL,TR-UD-15m intradia
MSFT,2026-04-06,14:15,CALL,TR-UD-15m intradia
MSFT,2026-04-24,11:15,CALL,TR-UD-15m intradia
MSFT,2026-05-01,11:30,CALL,TR-UD-15m intradia
MSFT,2026-05-04,13:30,CALL,TR-UD-15m intradia
MSFT,2026-05-12,13:45,CALL,TR-UD-15m intradia
MSFT,2026-05-12,14:45,PUT,TR-UD-15m intradia
MSFT,2026-05-18,11:45,PUT,TR-UD-15m intradia
MSFT,2026-05-18,13:15,CALL,TR-UD-15m intradia
MSFT,2026-05-19,09:45,CALL,TR-UD-15m intradia
MSFT,2026-05-20,15:00,PUT,TR-UD-15m intradia
MSFT,2026-05-21,15:15,CALL,TR-UD-15m intradia
MSFT,2026-06-04,12:30,PUT,TR-UD-15m intradia
MSFT,2026-06-05,09:45,PUT,TR-UD-15m intradia
MSFT,2026-06-10,13:00,PUT,TR-UD-15m intradia
MSFT,2026-06-22,09:45,CALL,TR-UD-15m intradia
MSFT,2026-06-23,13:15,PUT,TR-UD-15m intradia
MSFT,2026-06-24,10:15,PUT,TR-UD-15m intradia
MSFT,2026-06-24,12:45,PUT,TR-UD-15m intradia
GOOG,2022-06-07,15:45,PUT,TR-UD-15m intradia
GOOG,2022-06-09,10:45,CALL,TR-UD-15m intradia
GOOG,2022-06-09,13:30,PUT,TR-UD-15m intradia
GOOG,2022-06-16,11:30,PUT,TR-UD-15m intradia
GOOG,2022-06-23,15:45,CALL,TR-UD-15m intradia
GOOG,2022-06-27,15:00,CALL,TR-UD-15m intradia
GOOG,2022-07-18,13:15,PUT,TR-UD-15m intradia
GOOG,2022-07-21,14:15,CALL,TR-UD-15m intradia
GOOG,2022-07-25,14:00,PUT,TR-UD-15m intradia
GOOG,2022-08-02,12:00,CALL,TR-UD-15m intradia
GOOG,2022-08-04,15:00,CALL,TR-UD-15m intradia
GOOG,2022-08-12,12:00,PUT,TR-UD-15m intradia
GOOG,2022-08-12,12:30,CALL,TR-UD-15m intradia
GOOG,2022-08-16,14:45,PUT,TR-UD-15m intradia
GOOG,2022-08-18,11:30,CALL,TR-UD-15m intradia
GOOG,2022-08-18,15:30,CALL,TR-UD-15m intradia
GOOG,2022-08-23,10:15,CALL,TR-UD-15m intradia
GOOG,2022-08-23,15:45,PUT,TR-UD-15m intradia
GOOG,2022-08-24,11:00,CALL,TR-UD-15m intradia
GOOG,2022-08-24,14:45,PUT,TR-UD-15m intradia
GOOG,2022-08-26,09:45,PUT,TR-UD-15m intradia
GOOG,2022-08-31,14:45,PUT,TR-UD-15m intradia
GOOG,2022-08-31,15:45,CALL,TR-UD-15m intradia
GOOG,2022-09-12,15:15,CALL,TR-UD-15m intradia
GOOG,2022-09-19,11:45,PUT,TR-UD-15m intradia
GOOG,2022-09-19,13:15,CALL,TR-UD-15m intradia
GOOG,2022-09-20,09:45,PUT,TR-UD-15m intradia
GOOG,2022-09-26,12:30,PUT,TR-UD-15m intradia
GOOG,2022-09-27,12:00,PUT,TR-UD-15m intradia
GOOG,2022-10-03,13:15,CALL,TR-UD-15m intradia
GOOG,2022-10-05,14:30,CALL,TR-UD-15m intradia
GOOG,2022-10-11,11:45,CALL,TR-UD-15m intradia
GOOG,2022-10-12,12:15,PUT,TR-UD-15m intradia
GOOG,2022-10-13,11:30,CALL,TR-UD-15m intradia
GOOG,2022-10-13,15:00,CALL,TR-UD-15m intradia
GOOG,2022-10-14,12:00,PUT,TR-UD-15m intradia
GOOG,2022-10-18,15:30,CALL,TR-UD-15m intradia
GOOG,2022-10-31,13:30,CALL,TR-UD-15m intradia
GOOG,2022-10-31,15:45,CALL,TR-UD-15m intradia
GOOG,2022-11-04,14:00,CALL,TR-UD-15m intradia
GOOG,2022-11-09,11:00,PUT,TR-UD-15m intradia
GOOG,2022-11-09,13:15,PUT,TR-UD-15m intradia
GOOG,2022-11-16,11:15,CALL,TR-UD-15m intradia
GOOG,2022-11-17,13:00,CALL,TR-UD-15m intradia
GOOG,2022-11-18,11:45,PUT,TR-UD-15m intradia
GOOG,2022-11-25,11:30,PUT,TR-UD-15m intradia
GOOG,2022-11-30,09:45,CALL,TR-UD-15m intradia
GOOG,2022-11-30,12:00,CALL,TR-UD-15m intradia
GOOG,2022-12-05,14:45,PUT,TR-UD-15m intradia
GOOG,2022-12-20,15:15,PUT,TR-UD-15m intradia
GOOG,2022-12-21,10:15,CALL,TR-UD-15m intradia
GOOG,2023-01-06,14:15,CALL,TR-UD-15m intradia
GOOG,2023-01-17,13:45,CALL,TR-UD-15m intradia
GOOG,2023-01-18,13:15,PUT,TR-UD-15m intradia
GOOG,2023-02-10,14:45,PUT,TR-UD-15m intradia
GOOG,2023-02-13,14:30,PUT,TR-UD-15m intradia
GOOG,2023-02-22,15:45,PUT,TR-UD-15m intradia
GOOG,2023-02-28,10:45,CALL,TR-UD-15m intradia
GOOG,2023-03-01,12:45,CALL,TR-UD-15m intradia
GOOG,2023-03-02,09:45,PUT,TR-UD-15m intradia
GOOG,2023-03-02,12:45,CALL,TR-UD-15m intradia
GOOG,2023-03-13,11:30,CALL,TR-UD-15m intradia
GOOG,2023-03-15,10:45,PUT,TR-UD-15m intradia
GOOG,2023-03-20,11:30,CALL,TR-UD-15m intradia
GOOG,2023-03-20,13:30,PUT,TR-UD-15m intradia
GOOG,2023-03-20,15:30,PUT,TR-UD-15m intradia
GOOG,2023-03-23,12:30,CALL,TR-UD-15m intradia
GOOG,2023-03-24,11:15,PUT,TR-UD-15m intradia
GOOG,2023-04-03,14:45,CALL,TR-UD-15m intradia
GOOG,2023-04-05,10:30,PUT,TR-UD-15m intradia
GOOG,2023-04-10,10:15,PUT,TR-UD-15m intradia
GOOG,2023-04-10,12:15,PUT,TR-UD-15m intradia
GOOG,2023-04-12,09:45,CALL,TR-UD-15m intradia
GOOG,2023-04-18,13:15,PUT,TR-UD-15m intradia
GOOG,2023-04-21,11:45,CALL,TR-UD-15m intradia
GOOG,2023-04-21,13:15,PUT,TR-UD-15m intradia
GOOG,2023-04-21,15:15,PUT,TR-UD-15m intradia
GOOG,2023-04-24,12:45,CALL,TR-UD-15m intradia
GOOG,2023-04-25,10:00,PUT,TR-UD-15m intradia
GOOG,2023-04-26,10:00,CALL,TR-UD-15m intradia
GOOG,2023-05-05,12:45,CALL,TR-UD-15m intradia
GOOG,2023-05-15,10:15,PUT,TR-UD-15m intradia
GOOG,2023-05-15,14:45,PUT,TR-UD-15m intradia
GOOG,2023-05-16,09:45,CALL,TR-UD-15m intradia
GOOG,2023-05-26,12:15,CALL,TR-UD-15m intradia
GOOG,2023-05-30,13:00,CALL,TR-UD-15m intradia
GOOG,2023-06-01,11:45,PUT,TR-UD-15m intradia
GOOG,2023-06-01,15:30,PUT,TR-UD-15m intradia
GOOG,2023-06-23,14:30,CALL,TR-UD-15m intradia
GOOG,2023-06-26,10:15,PUT,TR-UD-15m intradia
GOOG,2023-07-17,11:45,PUT,TR-UD-15m intradia
GOOG,2023-07-19,09:45,CALL,TR-UD-15m intradia
GOOG,2023-07-19,11:00,PUT,TR-UD-15m intradia
GOOG,2023-07-20,09:45,CALL,TR-UD-15m intradia
GOOG,2023-07-21,15:15,PUT,TR-UD-15m intradia
GOOG,2023-07-25,10:15,PUT,TR-UD-15m intradia
GOOG,2023-07-28,10:45,CALL,TR-UD-15m intradia
GOOG,2023-08-01,09:45,PUT,TR-UD-15m intradia
GOOG,2023-08-01,13:45,PUT,TR-UD-15m intradia
GOOG,2023-08-07,10:15,CALL,TR-UD-15m intradia
GOOG,2023-08-08,15:00,CALL,TR-UD-15m intradia
GOOG,2023-08-10,09:45,CALL,TR-UD-15m intradia
GOOG,2023-08-10,13:45,PUT,TR-UD-15m intradia
GOOG,2023-08-15,10:45,PUT,TR-UD-15m intradia
GOOG,2023-08-22,09:45,CALL,TR-UD-15m intradia
GOOG,2023-08-30,14:30,CALL,TR-UD-15m intradia
GOOG,2023-09-01,12:45,PUT,TR-UD-15m intradia
GOOG,2023-09-11,15:45,CALL,TR-UD-15m intradia
GOOG,2023-09-19,12:00,PUT,TR-UD-15m intradia
GOOG,2023-09-19,15:45,CALL,TR-UD-15m intradia
GOOG,2023-09-27,12:30,CALL,TR-UD-15m intradia
GOOG,2023-10-05,13:45,CALL,TR-UD-15m intradia
GOOG,2023-10-06,09:45,CALL,TR-UD-15m intradia
GOOG,2023-10-12,12:30,CALL,TR-UD-15m intradia
GOOG,2023-10-17,12:15,CALL,TR-UD-15m intradia
GOOG,2023-10-19,10:00,CALL,TR-UD-15m intradia
GOOG,2023-10-27,13:15,PUT,TR-UD-15m intradia
GOOG,2023-11-08,11:45,CALL,TR-UD-15m intradia
GOOG,2023-11-09,13:15,PUT,TR-UD-15m intradia
GOOG,2023-11-13,14:15,CALL,TR-UD-15m intradia
GOOG,2023-11-15,12:45,PUT,TR-UD-15m intradia
GOOG,2023-11-15,15:45,CALL,TR-UD-15m intradia
GOOG,2023-11-21,13:45,CALL,TR-UD-15m intradia
GOOG,2023-11-29,10:30,PUT,TR-UD-15m intradia
GOOG,2023-12-06,15:00,CALL,TR-UD-15m intradia
GOOG,2023-12-08,11:45,PUT,TR-UD-15m intradia
GOOG,2023-12-12,14:30,PUT,TR-UD-15m intradia
GOOG,2023-12-13,09:45,CALL,TR-UD-15m intradia
GOOG,2023-12-13,11:45,PUT,TR-UD-15m intradia
GOOG,2023-12-19,13:15,CALL,TR-UD-15m intradia
GOOG,2023-12-21,13:30,CALL,TR-UD-15m intradia
GOOG,2023-12-26,14:15,PUT,TR-UD-15m intradia
GOOG,2023-12-27,09:45,PUT,TR-UD-15m intradia
GOOG,2023-12-28,15:00,PUT,TR-UD-15m intradia
GOOG,2024-01-04,12:00,PUT,TR-UD-15m intradia
GOOG,2024-01-12,11:45,PUT,TR-UD-15m intradia
GOOG,2024-01-23,12:45,PUT,TR-UD-15m intradia
GOOG,2024-01-26,15:15,CALL,TR-UD-15m intradia
GOOG,2024-01-30,15:15,PUT,TR-UD-15m intradia
GOOG,2024-02-01,13:45,PUT,TR-UD-15m intradia
GOOG,2024-02-02,15:15,PUT,TR-UD-15m intradia
GOOG,2024-02-07,12:15,CALL,TR-UD-15m intradia
GOOG,2024-02-12,12:15,CALL,TR-UD-15m intradia
GOOG,2024-02-16,12:45,PUT,TR-UD-15m intradia
GOOG,2024-02-20,13:15,PUT,TR-UD-15m intradia
GOOG,2024-02-21,10:00,CALL,TR-UD-15m intradia
GOOG,2024-02-23,11:15,PUT,TR-UD-15m intradia
GOOG,2024-02-23,14:00,CALL,TR-UD-15m intradia
GOOG,2024-02-23,14:15,PUT,TR-UD-15m intradia
GOOG,2024-03-01,10:45,PUT,TR-UD-15m intradia
GOOG,2024-03-11,09:45,CALL,TR-UD-15m intradia
GOOG,2024-03-12,13:15,CALL,TR-UD-15m intradia
GOOG,2024-03-19,10:15,PUT,TR-UD-15m intradia
GOOG,2024-03-21,13:30,PUT,TR-UD-15m intradia
GOOG,2024-04-03,09:45,PUT,TR-UD-15m intradia
GOOG,2024-04-03,12:15,CALL,TR-UD-15m intradia
GOOG,2024-04-12,13:15,PUT,TR-UD-15m intradia
GOOG,2024-04-15,12:30,PUT,TR-UD-15m intradia
GOOG,2024-04-18,12:45,CALL,TR-UD-15m intradia
GOOG,2024-04-29,11:00,PUT,TR-UD-15m intradia
GOOG,2024-05-02,12:30,CALL,TR-UD-15m intradia
GOOG,2024-05-08,12:45,PUT,TR-UD-15m intradia
GOOG,2024-05-09,13:45,PUT,TR-UD-15m intradia
GOOG,2024-05-10,13:15,PUT,TR-UD-15m intradia
GOOG,2024-05-13,15:45,CALL,TR-UD-15m intradia
GOOG,2024-05-21,09:45,PUT,TR-UD-15m intradia
GOOG,2024-05-21,15:15,CALL,TR-UD-15m intradia
GOOG,2024-05-29,13:00,CALL,TR-UD-15m intradia
GOOG,2024-06-04,12:15,PUT,TR-UD-15m intradia
GOOG,2024-06-07,12:00,CALL,TR-UD-15m intradia
GOOG,2024-06-14,10:00,CALL,TR-UD-15m intradia
GOOG,2024-06-14,14:45,CALL,TR-UD-15m intradia
GOOG,2024-06-17,13:00,CALL,TR-UD-15m intradia
GOOG,2024-06-18,10:00,PUT,TR-UD-15m intradia
GOOG,2024-06-28,12:30,PUT,TR-UD-15m intradia
GOOG,2024-07-02,09:45,PUT,TR-UD-15m intradia
GOOG,2024-07-02,10:45,CALL,TR-UD-15m intradia
GOOG,2024-07-09,12:45,PUT,TR-UD-15m intradia
GOOG,2024-07-09,13:45,CALL,TR-UD-15m intradia
GOOG,2024-07-09,15:45,PUT,TR-UD-15m intradia
GOOG,2024-07-10,13:15,CALL,TR-UD-15m intradia
GOOG,2024-07-11,09:45,PUT,TR-UD-15m intradia
GOOG,2024-07-16,10:15,PUT,TR-UD-15m intradia
GOOG,2024-07-19,12:45,PUT,TR-UD-15m intradia
GOOG,2024-07-19,14:45,PUT,TR-UD-15m intradia
GOOG,2024-07-23,14:00,CALL,TR-UD-15m intradia
GOOG,2024-07-30,15:30,CALL,TR-UD-15m intradia
GOOG,2024-08-01,12:00,PUT,TR-UD-15m intradia
GOOG,2024-08-06,14:30,CALL,TR-UD-15m intradia
GOOG,2024-08-13,13:30,CALL,TR-UD-15m intradia
GOOG,2024-08-15,11:45,CALL,TR-UD-15m intradia
GOOG,2024-08-26,14:30,CALL,TR-UD-15m intradia
GOOG,2024-08-27,10:15,PUT,TR-UD-15m intradia
GOOG,2024-08-27,11:00,CALL,TR-UD-15m intradia
GOOG,2024-08-27,14:30,PUT,TR-UD-15m intradia
GOOG,2024-08-30,15:45,PUT,TR-UD-15m intradia
GOOG,2024-09-10,15:45,PUT,TR-UD-15m intradia
GOOG,2024-09-16,14:45,CALL,TR-UD-15m intradia
GOOG,2024-09-17,15:45,CALL,TR-UD-15m intradia
GOOG,2024-09-18,12:00,PUT,TR-UD-15m intradia
GOOG,2024-09-18,14:45,CALL,TR-UD-15m intradia
GOOG,2024-09-20,11:30,PUT,TR-UD-15m intradia
GOOG,2024-09-23,13:15,PUT,TR-UD-15m intradia
GOOG,2024-09-23,15:00,CALL,TR-UD-15m intradia
GOOG,2024-09-25,10:15,CALL,TR-UD-15m intradia
GOOG,2024-09-30,15:30,CALL,TR-UD-15m intradia
GOOG,2024-10-02,09:45,PUT,TR-UD-15m intradia
GOOG,2024-10-03,12:15,CALL,TR-UD-15m intradia
GOOG,2024-10-03,14:15,PUT,TR-UD-15m intradia
GOOG,2024-10-07,12:15,PUT,TR-UD-15m intradia
GOOG,2024-10-11,13:45,CALL,TR-UD-15m intradia
GOOG,2024-10-17,10:00,PUT,TR-UD-15m intradia
GOOG,2024-10-18,14:15,PUT,TR-UD-15m intradia
GOOG,2024-10-21,15:30,CALL,TR-UD-15m intradia
GOOG,2024-10-24,14:15,PUT,TR-UD-15m intradia
GOOG,2024-11-01,15:30,PUT,TR-UD-15m intradia
GOOG,2024-11-05,10:15,CALL,TR-UD-15m intradia
GOOG,2024-11-08,10:30,PUT,TR-UD-15m intradia
GOOG,2024-11-13,13:00,PUT,TR-UD-15m intradia
GOOG,2024-11-27,13:15,CALL,TR-UD-15m intradia
GOOG,2024-12-03,15:00,CALL,TR-UD-15m intradia
GOOG,2024-12-05,13:45,CALL,TR-UD-15m intradia
GOOG,2024-12-05,15:45,CALL,TR-UD-15m intradia
GOOG,2024-12-26,14:45,CALL,TR-UD-15m intradia
GOOG,2024-12-30,15:30,PUT,TR-UD-15m intradia
GOOG,2025-01-07,15:30,PUT,TR-UD-15m intradia
GOOG,2025-01-10,14:00,CALL,TR-UD-15m intradia
GOOG,2025-01-16,13:45,PUT,TR-UD-15m intradia
GOOG,2025-01-17,09:45,CALL,TR-UD-15m intradia
GOOG,2025-01-17,12:30,CALL,TR-UD-15m intradia
GOOG,2025-01-22,12:30,CALL,TR-UD-15m intradia
GOOG,2025-01-24,09:45,CALL,TR-UD-15m intradia
GOOG,2025-01-28,11:45,CALL,TR-UD-15m intradia
GOOG,2025-01-28,13:45,CALL,TR-UD-15m intradia
GOOG,2025-01-29,13:30,CALL,TR-UD-15m intradia
GOOG,2025-02-10,12:15,PUT,TR-UD-15m intradia
GOOG,2025-02-10,14:15,PUT,TR-UD-15m intradia
GOOG,2025-02-13,09:45,CALL,TR-UD-15m intradia
GOOG,2025-02-14,12:30,PUT,TR-UD-15m intradia
GOOG,2025-02-14,15:45,CALL,TR-UD-15m intradia
GOOG,2025-02-19,11:15,CALL,TR-UD-15m intradia
GOOG,2025-02-19,13:30,CALL,TR-UD-15m intradia
GOOG,2025-02-20,09:45,PUT,TR-UD-15m intradia
GOOG,2025-02-20,15:45,CALL,TR-UD-15m intradia
GOOG,2025-03-05,11:45,PUT,TR-UD-15m intradia
GOOG,2025-03-06,15:15,CALL,TR-UD-15m intradia
GOOG,2025-03-07,13:15,CALL,TR-UD-15m intradia
GOOG,2025-03-13,09:45,PUT,TR-UD-15m intradia
GOOG,2025-03-14,11:30,CALL,TR-UD-15m intradia
GOOG,2025-03-19,11:30,CALL,TR-UD-15m intradia
GOOG,2025-03-21,12:30,CALL,TR-UD-15m intradia
GOOG,2025-03-21,15:15,PUT,TR-UD-15m intradia
GOOG,2025-03-26,12:45,PUT,TR-UD-15m intradia
GOOG,2025-04-02,11:30,CALL,TR-UD-15m intradia
GOOG,2025-04-07,10:15,CALL,TR-UD-15m intradia
GOOG,2025-04-07,15:00,PUT,TR-UD-15m intradia
GOOG,2025-04-11,09:45,CALL,TR-UD-15m intradia
GOOG,2025-04-11,12:00,CALL,TR-UD-15m intradia
GOOG,2025-04-15,10:00,PUT,TR-UD-15m intradia
GOOG,2025-04-28,09:45,PUT,TR-UD-15m intradia
GOOG,2025-04-29,13:00,PUT,TR-UD-15m intradia
GOOG,2025-04-29,15:45,PUT,TR-UD-15m intradia
GOOG,2025-05-06,15:45,PUT,TR-UD-15m intradia
GOOG,2025-05-20,12:00,CALL,TR-UD-15m intradia
GOOG,2025-05-28,14:45,CALL,TR-UD-15m intradia
GOOG,2025-06-04,12:15,PUT,TR-UD-15m intradia
GOOG,2025-06-13,11:30,CALL,TR-UD-15m intradia
GOOG,2025-06-16,14:45,CALL,TR-UD-15m intradia
GOOG,2025-06-17,09:45,PUT,TR-UD-15m intradia
GOOG,2025-06-18,12:00,PUT,TR-UD-15m intradia
GOOG,2025-06-27,15:15,CALL,TR-UD-15m intradia
GOOG,2025-07-01,11:00,PUT,TR-UD-15m intradia
GOOG,2025-07-07,09:45,PUT,TR-UD-15m intradia
GOOG,2025-07-10,11:00,PUT,TR-UD-15m intradia
GOOG,2025-07-10,11:30,CALL,TR-UD-15m intradia
GOOG,2025-07-14,15:45,CALL,TR-UD-15m intradia
GOOG,2025-07-16,11:15,CALL,TR-UD-15m intradia
GOOG,2025-07-17,14:30,CALL,TR-UD-15m intradia
GOOG,2025-07-22,14:45,CALL,TR-UD-15m intradia
GOOG,2025-07-23,12:45,PUT,TR-UD-15m intradia
GOOG,2025-07-25,10:00,PUT,TR-UD-15m intradia
GOOG,2025-07-25,13:15,PUT,TR-UD-15m intradia
GOOG,2025-07-25,15:30,PUT,TR-UD-15m intradia
GOOG,2025-08-11,12:00,CALL,TR-UD-15m intradia
GOOG,2025-08-11,15:15,CALL,TR-UD-15m intradia
GOOG,2025-08-14,10:30,CALL,TR-UD-15m intradia
GOOG,2025-08-21,15:00,CALL,TR-UD-15m intradia
GOOG,2025-08-27,15:30,CALL,TR-UD-15m intradia
GOOG,2025-08-29,12:45,CALL,TR-UD-15m intradia
GOOG,2025-09-04,11:45,PUT,TR-UD-15m intradia
GOOG,2025-09-08,15:45,CALL,TR-UD-15m intradia
GOOG,2025-09-09,12:30,CALL,TR-UD-15m intradia
GOOG,2025-09-11,13:30,CALL,TR-UD-15m intradia
GOOG,2025-09-22,09:45,PUT,TR-UD-15m intradia
GOOG,2025-09-23,15:00,PUT,TR-UD-15m intradia
GOOG,2025-09-29,13:15,PUT,TR-UD-15m intradia
GOOG,2025-10-03,12:15,CALL,TR-UD-15m intradia
GOOG,2025-10-07,11:45,PUT,TR-UD-15m intradia
GOOG,2025-10-13,11:30,CALL,TR-UD-15m intradia
GOOG,2025-10-17,15:45,PUT,TR-UD-15m intradia
GOOG,2025-10-23,12:15,CALL,TR-UD-15m intradia
GOOG,2025-10-28,12:00,PUT,TR-UD-15m intradia
GOOG,2025-10-28,15:00,CALL,TR-UD-15m intradia
GOOG,2025-11-03,12:00,CALL,TR-UD-15m intradia
GOOG,2025-11-06,14:15,CALL,TR-UD-15m intradia
GOOG,2025-11-11,14:00,CALL,TR-UD-15m intradia
GOOG,2025-11-12,09:45,PUT,TR-UD-15m intradia
GOOG,2025-11-18,09:45,PUT,TR-UD-15m intradia
GOOG,2025-11-20,12:00,PUT,TR-UD-15m intradia
GOOG,2025-11-21,09:45,CALL,TR-UD-15m intradia
GOOG,2025-11-21,14:00,CALL,TR-UD-15m intradia
GOOG,2025-12-02,09:45,CALL,TR-UD-15m intradia
GOOG,2025-12-10,14:15,CALL,TR-UD-15m intradia
GOOG,2025-12-15,12:15,PUT,TR-UD-15m intradia
GOOG,2025-12-26,10:00,PUT,TR-UD-15m intradia
GOOG,2025-12-26,13:00,CALL,TR-UD-15m intradia
GOOG,2025-12-26,15:00,CALL,TR-UD-15m intradia
GOOG,2025-12-30,12:30,CALL,TR-UD-15m intradia
GOOG,2025-12-31,14:45,PUT,TR-UD-15m intradia
GOOG,2026-01-02,11:00,PUT,TR-UD-15m intradia
GOOG,2026-01-05,11:45,PUT,TR-UD-15m intradia
GOOG,2026-01-05,14:45,PUT,TR-UD-15m intradia
GOOG,2026-01-21,10:00,CALL,TR-UD-15m intradia
GOOG,2026-01-23,10:30,CALL,TR-UD-15m intradia
GOOG,2026-01-27,15:15,CALL,TR-UD-15m intradia
GOOG,2026-02-03,13:00,CALL,TR-UD-15m intradia
GOOG,2026-02-06,15:15,CALL,TR-UD-15m intradia
GOOG,2026-02-19,11:15,CALL,TR-UD-15m intradia
GOOG,2026-02-19,12:15,PUT,TR-UD-15m intradia
GOOG,2026-02-19,14:00,CALL,TR-UD-15m intradia
GOOG,2026-02-25,13:45,CALL,TR-UD-15m intradia
GOOG,2026-03-02,09:45,PUT,TR-UD-15m intradia
GOOG,2026-03-02,15:15,PUT,TR-UD-15m intradia
GOOG,2026-03-06,14:30,PUT,TR-UD-15m intradia
GOOG,2026-03-09,10:45,CALL,TR-UD-15m intradia
GOOG,2026-03-11,15:30,CALL,TR-UD-15m intradia
GOOG,2026-03-13,11:30,PUT,TR-UD-15m intradia
GOOG,2026-03-18,14:00,CALL,TR-UD-15m intradia
GOOG,2026-03-18,14:45,PUT,TR-UD-15m intradia
GOOG,2026-03-20,09:45,PUT,TR-UD-15m intradia
GOOG,2026-04-02,15:15,CALL,TR-UD-15m intradia
GOOG,2026-04-13,13:00,CALL,TR-UD-15m intradia
GOOG,2026-04-17,09:45,CALL,TR-UD-15m intradia
GOOG,2026-04-20,15:30,PUT,TR-UD-15m intradia
GOOG,2026-04-24,11:45,CALL,TR-UD-15m intradia
GOOG,2026-05-14,13:45,CALL,TR-UD-15m intradia
GOOG,2026-05-21,15:00,PUT,TR-UD-15m intradia
GOOG,2026-05-26,13:30,CALL,TR-UD-15m intradia
GOOG,2026-05-26,15:30,CALL,TR-UD-15m intradia
GOOG,2026-06-09,11:30,PUT,TR-UD-15m intradia
GOOG,2026-06-10,10:00,CALL,TR-UD-15m intradia
GOOG,2026-06-10,11:00,PUT,TR-UD-15m intradia
GOOG,2026-06-18,13:30,CALL,TR-UD-15m intradia
GOOG,2026-06-23,12:45,PUT,TR-UD-15m intradia
AAPL,2022-06-06,15:15,PUT,TR-UD-15m intradia
AAPL,2022-06-17,12:15,CALL,TR-UD-15m intradia
AAPL,2022-06-23,10:00,CALL,TR-UD-15m intradia
AAPL,2022-07-05,10:00,CALL,TR-UD-15m intradia
AAPL,2022-07-12,10:15,CALL,TR-UD-15m intradia
AAPL,2022-07-14,11:15,CALL,TR-UD-15m intradia
AAPL,2022-07-19,13:00,CALL,TR-UD-15m intradia
AAPL,2022-08-03,09:45,CALL,TR-UD-15m intradia
AAPL,2022-08-04,13:15,CALL,TR-UD-15m intradia
AAPL,2022-08-08,15:00,CALL,TR-UD-15m intradia
AAPL,2022-08-09,13:45,PUT,TR-UD-15m intradia
AAPL,2022-08-09,15:45,PUT,TR-UD-15m intradia
AAPL,2022-08-11,15:30,CALL,TR-UD-15m intradia
AAPL,2022-08-23,15:45,PUT,TR-UD-15m intradia
AAPL,2022-08-24,14:45,PUT,TR-UD-15m intradia
AAPL,2022-08-24,15:15,CALL,TR-UD-15m intradia
AAPL,2022-08-31,13:30,PUT,TR-UD-15m intradia
AAPL,2022-09-02,15:45,PUT,TR-UD-15m intradia
AAPL,2022-09-07,09:45,CALL,TR-UD-15m intradia
AAPL,2022-09-08,10:15,PUT,TR-UD-15m intradia
AAPL,2022-09-14,15:30,PUT,TR-UD-15m intradia
AAPL,2022-09-19,10:00,CALL,TR-UD-15m intradia
AAPL,2022-09-21,14:45,CALL,TR-UD-15m intradia
AAPL,2022-09-27,12:15,PUT,TR-UD-15m intradia
AAPL,2022-10-03,12:45,CALL,TR-UD-15m intradia
AAPL,2022-10-11,09:45,PUT,TR-UD-15m intradia
AAPL,2022-10-11,12:45,CALL,TR-UD-15m intradia
AAPL,2022-10-12,12:30,PUT,TR-UD-15m intradia
AAPL,2022-10-12,14:30,PUT,TR-UD-15m intradia
AAPL,2022-10-13,11:30,CALL,TR-UD-15m intradia
AAPL,2022-10-31,14:30,CALL,TR-UD-15m intradia
AAPL,2022-11-09,10:00,PUT,TR-UD-15m intradia
AAPL,2022-11-17,11:30,CALL,TR-UD-15m intradia
AAPL,2022-12-05,12:00,PUT,TR-UD-15m intradia
AAPL,2022-12-05,14:00,PUT,TR-UD-15m intradia
AAPL,2022-12-09,09:45,PUT,TR-UD-15m intradia
AAPL,2022-12-09,10:45,CALL,TR-UD-15m intradia
AAPL,2022-12-20,14:00,PUT,TR-UD-15m intradia
AAPL,2022-12-23,13:15,PUT,TR-UD-15m intradia
AAPL,2022-12-28,10:00,PUT,TR-UD-15m intradia
AAPL,2022-12-29,11:00,CALL,TR-UD-15m intradia
AAPL,2023-01-04,15:45,PUT,TR-UD-15m intradia
AAPL,2023-01-05,12:45,PUT,TR-UD-15m intradia
AAPL,2023-01-06,11:30,CALL,TR-UD-15m intradia
AAPL,2023-01-20,09:45,PUT,TR-UD-15m intradia
AAPL,2023-01-24,13:30,CALL,TR-UD-15m intradia
AAPL,2023-01-25,15:00,CALL,TR-UD-15m intradia
AAPL,2023-01-31,15:30,PUT,TR-UD-15m intradia
AAPL,2023-02-01,12:00,PUT,TR-UD-15m intradia
AAPL,2023-02-07,09:45,CALL,TR-UD-15m intradia
AAPL,2023-02-08,12:15,PUT,TR-UD-15m intradia
AAPL,2023-02-16,09:45,PUT,TR-UD-15m intradia
AAPL,2023-02-23,10:45,PUT,TR-UD-15m intradia
AAPL,2023-02-28,12:30,CALL,TR-UD-15m intradia
AAPL,2023-02-28,15:30,PUT,TR-UD-15m intradia
AAPL,2023-03-08,15:15,PUT,TR-UD-15m intradia
AAPL,2023-03-08,15:45,CALL,TR-UD-15m intradia
AAPL,2023-03-20,10:45,CALL,TR-UD-15m intradia
AAPL,2023-04-12,10:15,CALL,TR-UD-15m intradia
AAPL,2023-04-14,14:00,CALL,TR-UD-15m intradia
AAPL,2023-04-17,10:15,PUT,TR-UD-15m intradia
AAPL,2023-04-19,09:45,PUT,TR-UD-15m intradia
AAPL,2023-04-19,10:30,CALL,TR-UD-15m intradia
AAPL,2023-04-26,15:45,PUT,TR-UD-15m intradia
AAPL,2023-05-03,10:45,CALL,TR-UD-15m intradia
AAPL,2023-05-08,13:45,CALL,TR-UD-15m intradia
AAPL,2023-05-09,12:00,PUT,TR-UD-15m intradia
AAPL,2023-05-10,15:30,CALL,TR-UD-15m intradia
AAPL,2023-05-11,12:45,CALL,TR-UD-15m intradia
AAPL,2023-05-12,11:00,PUT,TR-UD-15m intradia
AAPL,2023-05-15,13:30,PUT,TR-UD-15m intradia
AAPL,2023-05-16,14:15,PUT,TR-UD-15m intradia
AAPL,2023-05-25,12:15,CALL,TR-UD-15m intradia
AAPL,2023-06-01,11:15,CALL,TR-UD-15m intradia
AAPL,2023-06-02,13:45,CALL,TR-UD-15m intradia
AAPL,2023-06-07,12:30,PUT,TR-UD-15m intradia
AAPL,2023-06-12,11:15,CALL,TR-UD-15m intradia
AAPL,2023-06-16,12:30,CALL,TR-UD-15m intradia
AAPL,2023-06-20,15:30,PUT,TR-UD-15m intradia
AAPL,2023-06-22,09:45,CALL,TR-UD-15m intradia
AAPL,2023-06-27,09:45,CALL,TR-UD-15m intradia
AAPL,2023-06-29,14:45,CALL,TR-UD-15m intradia
AAPL,2023-07-03,12:15,PUT,TR-UD-15m intradia
AAPL,2023-07-11,12:30,PUT,TR-UD-15m intradia
AAPL,2023-07-13,14:15,CALL,TR-UD-15m intradia
AAPL,2023-07-18,10:30,PUT,TR-UD-15m intradia
AAPL,2023-07-20,10:30,PUT,TR-UD-15m intradia
AAPL,2023-07-20,13:15,PUT,TR-UD-15m intradia
AAPL,2023-07-25,11:45,CALL,TR-UD-15m intradia
AAPL,2023-07-25,14:15,CALL,TR-UD-15m intradia
AAPL,2023-07-28,10:00,CALL,TR-UD-15m intradia
AAPL,2023-07-31,11:15,CALL,TR-UD-15m intradia
AAPL,2023-08-03,13:30,PUT,TR-UD-15m intradia
AAPL,2023-08-10,09:45,CALL,TR-UD-15m intradia
AAPL,2023-08-10,12:00,PUT,TR-UD-15m intradia
AAPL,2023-08-11,13:45,PUT,TR-UD-15m intradia
AAPL,2023-08-14,10:15,CALL,TR-UD-15m intradia
AAPL,2023-08-16,14:15,PUT,TR-UD-15m intradia
AAPL,2023-09-01,09:45,CALL,TR-UD-15m intradia
AAPL,2023-09-01,15:30,CALL,TR-UD-15m intradia
AAPL,2023-09-05,12:00,CALL,TR-UD-15m intradia
AAPL,2023-09-08,11:30,CALL,TR-UD-15m intradia
AAPL,2023-09-14,12:15,CALL,TR-UD-15m intradia
AAPL,2023-09-15,13:15,PUT,TR-UD-15m intradia
AAPL,2023-09-19,12:30,CALL,TR-UD-15m intradia
AAPL,2023-09-22,15:45,PUT,TR-UD-15m intradia
AAPL,2023-09-25,11:15,CALL,TR-UD-15m intradia
AAPL,2023-09-28,14:45,PUT,TR-UD-15m intradia
AAPL,2023-10-04,15:00,CALL,TR-UD-15m intradia
AAPL,2023-10-11,10:00,PUT,TR-UD-15m intradia
AAPL,2023-10-11,11:00,CALL,TR-UD-15m intradia
AAPL,2023-10-11,14:45,CALL,TR-UD-15m intradia
AAPL,2023-10-18,15:15,PUT,TR-UD-15m intradia
AAPL,2023-10-19,12:45,PUT,TR-UD-15m intradia
AAPL,2023-10-24,14:30,CALL,TR-UD-15m intradia
AAPL,2023-10-27,13:00,PUT,TR-UD-15m intradia
AAPL,2023-10-31,13:45,CALL,TR-UD-15m intradia
AAPL,2023-10-31,14:30,PUT,TR-UD-15m intradia
AAPL,2023-11-08,15:30,CALL,TR-UD-15m intradia
AAPL,2023-11-13,09:45,PUT,TR-UD-15m intradia
AAPL,2023-11-13,12:15,PUT,TR-UD-15m intradia
AAPL,2023-11-16,14:15,CALL,TR-UD-15m intradia
AAPL,2023-11-17,09:45,PUT,TR-UD-15m intradia
AAPL,2023-11-22,15:45,CALL,TR-UD-15m intradia
AAPL,2023-11-27,13:15,CALL,TR-UD-15m intradia
AAPL,2023-11-28,09:45,PUT,TR-UD-15m intradia
AAPL,2023-11-28,10:45,CALL,TR-UD-15m intradia
AAPL,2023-11-28,14:15,PUT,TR-UD-15m intradia
AAPL,2023-11-29,13:15,PUT,TR-UD-15m intradia
AAPL,2023-12-06,15:00,CALL,TR-UD-15m intradia
AAPL,2023-12-12,10:45,CALL,TR-UD-15m intradia
AAPL,2023-12-14,15:30,CALL,TR-UD-15m intradia
AAPL,2023-12-15,11:15,PUT,TR-UD-15m intradia
AAPL,2023-12-19,09:45,CALL,TR-UD-15m intradia
AAPL,2023-12-21,10:00,PUT,TR-UD-15m intradia
AAPL,2023-12-22,12:15,PUT,TR-UD-15m intradia
AAPL,2023-12-22,14:15,PUT,TR-UD-15m intradia
AAPL,2024-01-05,10:15,CALL,TR-UD-15m intradia
AAPL,2024-01-05,12:15,PUT,TR-UD-15m intradia
AAPL,2024-01-09,15:00,CALL,TR-UD-15m intradia
AAPL,2024-01-11,10:15,PUT,TR-UD-15m intradia
AAPL,2024-01-23,15:15,CALL,TR-UD-15m intradia
AAPL,2024-02-01,12:15,CALL,TR-UD-15m intradia
AAPL,2024-02-01,14:45,CALL,TR-UD-15m intradia
AAPL,2024-02-02,15:00,CALL,TR-UD-15m intradia
AAPL,2024-02-07,13:00,CALL,TR-UD-15m intradia
AAPL,2024-02-08,09:45,PUT,TR-UD-15m intradia
AAPL,2024-02-16,12:30,CALL,TR-UD-15m intradia
AAPL,2024-02-21,14:15,PUT,TR-UD-15m intradia
AAPL,2024-02-23,12:30,PUT,TR-UD-15m intradia
AAPL,2024-02-28,11:45,PUT,TR-UD-15m intradia
AAPL,2024-02-29,11:15,PUT,TR-UD-15m intradia
AAPL,2024-03-11,13:45,CALL,TR-UD-15m intradia
AAPL,2024-03-13,09:45,PUT,TR-UD-15m intradia
AAPL,2024-03-20,13:45,CALL,TR-UD-15m intradia
AAPL,2024-03-26,15:45,PUT,TR-UD-15m intradia
AAPL,2024-03-28,10:45,PUT,TR-UD-15m intradia
AAPL,2024-04-09,15:30,CALL,TR-UD-15m intradia
AAPL,2024-04-10,09:45,PUT,TR-UD-15m intradia
AAPL,2024-04-10,13:45,PUT,TR-UD-15m intradia
AAPL,2024-04-17,12:30,PUT,TR-UD-15m intradia
AAPL,2024-04-22,09:45,CALL,TR-UD-15m intradia
AAPL,2024-04-22,11:15,PUT,TR-UD-15m intradia
AAPL,2024-04-22,13:00,CALL,TR-UD-15m intradia
AAPL,2024-04-23,14:30,CALL,TR-UD-15m intradia
AAPL,2024-04-30,12:15,PUT,TR-UD-15m intradia
AAPL,2024-05-02,13:30,CALL,TR-UD-15m intradia
AAPL,2024-05-06,11:00,PUT,TR-UD-15m intradia
AAPL,2024-05-07,15:30,CALL,TR-UD-15m intradia
AAPL,2024-05-08,10:15,PUT,TR-UD-15m intradia
AAPL,2024-05-17,14:15,PUT,TR-UD-15m intradia
AAPL,2024-05-29,11:00,CALL,TR-UD-15m intradia
AAPL,2024-05-30,13:45,CALL,TR-UD-15m intradia
AAPL,2024-06-04,10:00,PUT,TR-UD-15m intradia
AAPL,2024-06-06,12:00,PUT,TR-UD-15m intradia
AAPL,2024-06-06,14:00,PUT,TR-UD-15m intradia
AAPL,2024-06-07,11:30,CALL,TR-UD-15m intradia
AAPL,2024-06-11,09:45,CALL,TR-UD-15m intradia
AAPL,2024-06-13,12:15,PUT,TR-UD-15m intradia
AAPL,2024-06-13,13:30,CALL,TR-UD-15m intradia
AAPL,2024-06-18,11:15,PUT,TR-UD-15m intradia
AAPL,2024-06-21,14:45,PUT,TR-UD-15m intradia
AAPL,2024-06-24,11:15,CALL,TR-UD-15m intradia
AAPL,2024-06-24,15:45,PUT,TR-UD-15m intradia
AAPL,2024-06-25,14:00,CALL,TR-UD-15m intradia
AAPL,2024-06-27,15:00,CALL,TR-UD-15m intradia
AAPL,2024-07-01,09:45,CALL,TR-UD-15m intradia
AAPL,2024-07-01,10:00,PUT,TR-UD-15m intradia
AAPL,2024-07-01,12:00,CALL,TR-UD-15m intradia
AAPL,2024-07-08,14:15,CALL,TR-UD-15m intradia
AAPL,2024-07-09,15:30,CALL,TR-UD-15m intradia
AAPL,2024-07-16,12:15,PUT,TR-UD-15m intradia
AAPL,2024-07-22,11:30,PUT,TR-UD-15m intradia
AAPL,2024-07-29,10:00,CALL,TR-UD-15m intradia
AAPL,2024-07-30,13:00,PUT,TR-UD-15m intradia
AAPL,2024-07-30,15:30,CALL,TR-UD-15m intradia
AAPL,2024-08-02,12:30,CALL,TR-UD-15m intradia
AAPL,2024-08-06,13:00,CALL,TR-UD-15m intradia
AAPL,2024-08-08,10:00,CALL,TR-UD-15m intradia
AAPL,2024-08-08,12:30,CALL,TR-UD-15m intradia
AAPL,2024-08-14,15:00,CALL,TR-UD-15m intradia
AAPL,2024-08-19,13:15,PUT,TR-UD-15m intradia
AAPL,2024-08-21,15:15,PUT,TR-UD-15m intradia
AAPL,2024-08-26,15:00,CALL,TR-UD-15m intradia
AAPL,2024-08-27,09:45,PUT,TR-UD-15m intradia
AAPL,2024-08-28,15:00,CALL,TR-UD-15m intradia
AAPL,2024-09-10,13:15,CALL,TR-UD-15m intradia
AAPL,2024-09-11,14:30,CALL,TR-UD-15m intradia
AAPL,2024-09-17,11:30,CALL,TR-UD-15m intradia
AAPL,2024-09-24,14:15,PUT,TR-UD-15m intradia
AAPL,2024-09-25,12:45,PUT,TR-UD-15m intradia
AAPL,2024-10-03,12:45,PUT,TR-UD-15m intradia
AAPL,2024-10-07,12:45,PUT,TR-UD-15m intradia
AAPL,2024-10-08,14:00,CALL,TR-UD-15m intradia
AAPL,2024-10-10,15:30,CALL,TR-UD-15m intradia
AAPL,2024-10-11,14:15,CALL,TR-UD-15m intradia
AAPL,2024-10-17,15:45,CALL,TR-UD-15m intradia
AAPL,2024-10-21,11:45,CALL,TR-UD-15m intradia
AAPL,2024-10-22,15:45,CALL,TR-UD-15m intradia
AAPL,2024-10-28,12:30,CALL,TR-UD-15m intradia
AAPL,2024-10-29,13:00,CALL,TR-UD-15m intradia
AAPL,2024-10-29,15:00,CALL,TR-UD-15m intradia
AAPL,2024-11-06,09:45,CALL,TR-UD-15m intradia
AAPL,2024-11-08,13:30,CALL,TR-UD-15m intradia
AAPL,2024-11-12,11:00,CALL,TR-UD-15m intradia
AAPL,2024-11-21,10:00,PUT,TR-UD-15m intradia
AAPL,2024-11-27,11:45,PUT,TR-UD-15m intradia
AAPL,2024-12-04,14:30,CALL,TR-UD-15m intradia
AAPL,2024-12-05,13:45,CALL,TR-UD-15m intradia
AAPL,2024-12-12,14:15,PUT,TR-UD-15m intradia
AAPL,2024-12-18,12:15,CALL,TR-UD-15m intradia
AAPL,2024-12-19,11:30,CALL,TR-UD-15m intradia
AAPL,2024-12-19,14:00,CALL,TR-UD-15m intradia
AAPL,2024-12-23,15:45,CALL,TR-UD-15m intradia
AAPL,2024-12-31,11:30,PUT,TR-UD-15m intradia
AAPL,2025-01-08,14:00,PUT,TR-UD-15m intradia
AAPL,2025-01-17,13:30,PUT,TR-UD-15m intradia
AAPL,2025-01-22,10:15,CALL,TR-UD-15m intradia
AAPL,2025-01-22,12:30,CALL,TR-UD-15m intradia
AAPL,2025-02-04,10:00,CALL,TR-UD-15m intradia
AAPL,2025-02-05,14:00,CALL,TR-UD-15m intradia
AAPL,2025-02-10,14:45,PUT,TR-UD-15m intradia
AAPL,2025-02-24,13:30,CALL,TR-UD-15m intradia
AAPL,2025-02-27,14:45,PUT,TR-UD-15m intradia
AAPL,2025-03-06,10:15,CALL,TR-UD-15m intradia
AAPL,2025-03-06,14:45,CALL,TR-UD-15m intradia
AAPL,2025-03-14,09:45,CALL,TR-UD-15m intradia
AAPL,2025-03-14,13:30,PUT,TR-UD-15m intradia
AAPL,2025-03-14,15:15,CALL,TR-UD-15m intradia
AAPL,2025-03-17,11:00,PUT,TR-UD-15m intradia
AAPL,2025-03-18,15:45,CALL,TR-UD-15m intradia
AAPL,2025-03-20,14:30,PUT,TR-UD-15m intradia
AAPL,2025-03-27,14:15,CALL,TR-UD-15m intradia
AAPL,2025-04-02,13:00,CALL,TR-UD-15m intradia
AAPL,2025-04-08,13:15,PUT,TR-UD-15m intradia
AAPL,2025-04-11,10:00,CALL,TR-UD-15m intradia
AAPL,2025-04-17,10:45,CALL,TR-UD-15m intradia
AAPL,2025-04-24,13:00,CALL,TR-UD-15m intradia
AAPL,2025-04-28,11:30,PUT,TR-UD-15m intradia
AAPL,2025-04-30,14:15,CALL,TR-UD-15m intradia
AAPL,2025-05-09,13:15,CALL,TR-UD-15m intradia
AAPL,2025-05-15,11:30,CALL,TR-UD-15m intradia
AAPL,2025-05-15,13:45,PUT,TR-UD-15m intradia
AAPL,2025-05-16,15:45,CALL,TR-UD-15m intradia
AAPL,2025-05-22,15:45,PUT,TR-UD-15m intradia
AAPL,2025-05-27,11:15,CALL,TR-UD-15m intradia
AAPL,2025-05-28,15:15,CALL,TR-UD-15m intradia
AAPL,2025-06-06,09:45,CALL,TR-UD-15m intradia
AAPL,2025-06-10,13:45,PUT,TR-UD-15m intradia
AAPL,2025-06-12,15:45,PUT,TR-UD-15m intradia
AAPL,2025-06-16,14:30,PUT,TR-UD-15m intradia
AAPL,2025-06-16,15:00,CALL,TR-UD-15m intradia
AAPL,2025-06-25,09:45,CALL,TR-UD-15m intradia
AAPL,2025-06-25,14:00,PUT,TR-UD-15m intradia
AAPL,2025-06-26,10:15,PUT,TR-UD-15m intradia
AAPL,2025-06-30,10:00,PUT,TR-UD-15m intradia
AAPL,2025-07-07,12:00,PUT,TR-UD-15m intradia
AAPL,2025-07-08,15:15,PUT,TR-UD-15m intradia
AAPL,2025-07-16,14:30,PUT,TR-UD-15m intradia
AAPL,2025-07-17,14:00,CALL,TR-UD-15m intradia
AAPL,2025-07-18,10:15,PUT,TR-UD-15m intradia
AAPL,2025-07-23,09:45,PUT,TR-UD-15m intradia
AAPL,2025-07-23,14:45,CALL,TR-UD-15m intradia
AAPL,2025-07-25,13:45,PUT,TR-UD-15m intradia
AAPL,2025-07-31,14:15,PUT,TR-UD-15m intradia
AAPL,2025-08-04,14:30,PUT,TR-UD-15m intradia
AAPL,2025-08-05,14:45,PUT,TR-UD-15m intradia
AAPL,2025-08-12,10:15,CALL,TR-UD-15m intradia
AAPL,2025-08-14,11:00,PUT,TR-UD-15m intradia
AAPL,2025-08-18,11:45,PUT,TR-UD-15m intradia
AAPL,2025-08-19,13:15,PUT,TR-UD-15m intradia
AAPL,2025-08-26,14:30,CALL,TR-UD-15m intradia
AAPL,2025-09-08,11:30,PUT,TR-UD-15m intradia
AAPL,2025-09-17,12:30,CALL,TR-UD-15m intradia
AAPL,2025-09-25,13:15,CALL,TR-UD-15m intradia
AAPL,2025-10-02,11:30,CALL,TR-UD-15m intradia
AAPL,2025-10-02,14:30,CALL,TR-UD-15m intradia
AAPL,2025-10-06,10:15,CALL,TR-UD-15m intradia
AAPL,2025-10-06,13:30,PUT,TR-UD-15m intradia
AAPL,2025-10-14,13:15,PUT,TR-UD-15m intradia
AAPL,2025-10-14,13:30,CALL,TR-UD-15m intradia
AAPL,2025-10-14,15:45,PUT,TR-UD-15m intradia
AAPL,2025-10-21,13:45,CALL,TR-UD-15m intradia
AAPL,2025-10-23,11:00,CALL,TR-UD-15m intradia
AAPL,2025-10-29,11:00,PUT,TR-UD-15m intradia
AAPL,2025-10-30,09:45,CALL,TR-UD-15m intradia
AAPL,2025-10-30,13:30,CALL,TR-UD-15m intradia
AAPL,2025-10-31,11:45,PUT,TR-UD-15m intradia
AAPL,2025-10-31,14:15,CALL,TR-UD-15m intradia
AAPL,2025-11-07,10:30,CALL,TR-UD-15m intradia
AAPL,2025-11-10,14:15,PUT,TR-UD-15m intradia
AAPL,2025-11-12,09:45,PUT,TR-UD-15m intradia
AAPL,2025-11-12,13:00,CALL,TR-UD-15m intradia
AAPL,2025-11-18,15:45,PUT,TR-UD-15m intradia
AAPL,2025-11-21,12:15,CALL,TR-UD-15m intradia
AAPL,2025-11-26,11:30,CALL,TR-UD-15m intradia
AAPL,2025-11-28,13:00,CALL,TR-UD-15m intradia
AAPL,2025-12-03,13:00,CALL,TR-UD-15m intradia
AAPL,2025-12-09,15:00,PUT,TR-UD-15m intradia
AAPL,2025-12-10,12:00,CALL,TR-UD-15m intradia
AAPL,2025-12-12,09:45,CALL,TR-UD-15m intradia
AAPL,2025-12-19,09:45,CALL,TR-UD-15m intradia
AAPL,2025-12-19,14:45,CALL,TR-UD-15m intradia
AAPL,2025-12-22,15:45,PUT,TR-UD-15m intradia
AAPL,2025-12-23,14:00,PUT,TR-UD-15m intradia
AAPL,2025-12-30,09:45,PUT,TR-UD-15m intradia
AAPL,2025-12-30,10:00,CALL,TR-UD-15m intradia
AAPL,2025-12-30,12:00,PUT,TR-UD-15m intradia
AAPL,2025-12-31,14:45,PUT,TR-UD-15m intradia
AAPL,2026-01-09,10:15,CALL,TR-UD-15m intradia
AAPL,2026-01-12,09:45,PUT,TR-UD-15m intradia
AAPL,2026-01-16,10:00,PUT,TR-UD-15m intradia
AAPL,2026-01-30,14:00,CALL,TR-UD-15m intradia
AAPL,2026-02-05,09:45,PUT,TR-UD-15m intradia
AAPL,2026-02-10,11:45,PUT,TR-UD-15m intradia
AAPL,2026-02-17,12:00,CALL,TR-UD-15m intradia
AAPL,2026-02-19,12:00,PUT,TR-UD-15m intradia
AAPL,2026-02-20,10:45,CALL,TR-UD-15m intradia
AAPL,2026-02-25,14:00,CALL,TR-UD-15m intradia
AAPL,2026-03-02,15:15,PUT,TR-UD-15m intradia
AAPL,2026-03-03,12:45,PUT,TR-UD-15m intradia
AAPL,2026-03-03,14:15,CALL,TR-UD-15m intradia
AAPL,2026-03-09,11:30,CALL,TR-UD-15m intradia
AAPL,2026-03-11,15:45,CALL,TR-UD-15m intradia
AAPL,2026-03-16,13:45,PUT,TR-UD-15m intradia
AAPL,2026-03-16,15:45,PUT,TR-UD-15m intradia
AAPL,2026-03-20,15:45,PUT,TR-UD-15m intradia
AAPL,2026-03-25,09:45,CALL,TR-UD-15m intradia
AAPL,2026-03-25,12:45,CALL,TR-UD-15m intradia
AAPL,2026-03-26,10:15,CALL,TR-UD-15m intradia
AAPL,2026-03-27,11:15,PUT,TR-UD-15m intradia
AAPL,2026-03-31,12:15,CALL,TR-UD-15m intradia
AAPL,2026-04-02,13:30,CALL,TR-UD-15m intradia
AAPL,2026-04-16,13:30,CALL,TR-UD-15m intradia
AAPL,2026-04-23,14:15,CALL,TR-UD-15m intradia
AAPL,2026-04-29,14:45,PUT,TR-UD-15m intradia
AAPL,2026-04-30,10:00,CALL,TR-UD-15m intradia
AAPL,2026-05-15,10:15,CALL,TR-UD-15m intradia
AAPL,2026-05-18,11:15,PUT,TR-UD-15m intradia
AAPL,2026-05-20,12:30,CALL,TR-UD-15m intradia
AAPL,2026-05-27,09:45,CALL,TR-UD-15m intradia
AAPL,2026-05-28,12:30,PUT,TR-UD-15m intradia
AAPL,2026-05-28,15:30,CALL,TR-UD-15m intradia
AAPL,2026-05-29,13:30,PUT,TR-UD-15m intradia
AAPL,2026-06-01,09:45,PUT,TR-UD-15m intradia
AAPL,2026-06-03,12:30,PUT,TR-UD-15m intradia
AAPL,2026-06-05,13:00,PUT,TR-UD-15m intradia
AAPL,2026-06-10,15:30,PUT,TR-UD-15m intradia
AAPL,2026-06-11,12:00,CALL,TR-UD-15m intradia
AAPL,2026-06-17,13:15,PUT,TR-UD-15m intradia
AAPL,2026-06-17,14:00,CALL,TR-UD-15m intradia
AAPL,2026-06-18,15:15,PUT,TR-UD-15m intradia
AAPL,2026-06-23,09:45,CALL,TR-UD-15m intradia
AAPL,2026-06-23,13:45,PUT,TR-UD-15m intradia
AAPL,2026-06-24,11:30,CALL,TR-UD-15m intradia
