ticker,fecha,dow,nivel,umbral_pct,hora_cruce,bucket,min_a_cierre,pierna_perdedora,roi_comb_t,roi_call_t,roi_put_t,ask_perdedora_t,ask_opuesta_t,ejecutable,pnl_hold,pnl_reforzar,pnl_contra,pnl_cortar,pct_hold,pct_reforzar,pct_contra,pct_cortar,call_occ,put_occ,nbbo_ok,hora_entrada
QQQ,2026-01-02,Vie,combined,20,09:57,09:30-10:30,358,PUT,-20.51,-7.69,-33.33,0.25,0.49,True,4736.11,12496.11,4236.11,-205.13,473.61,833.07,282.41,-20.51,O:QQQ260102C00623000,O:QQQ260102P00617000,True,09:30
QQQ,2026-01-02,Vie,combined,30,10:07,09:30-10:30,348,CALL,-31.41,-46.15,-16.67,0.29,0.31,True,4736.11,4236.11,10897.4,-314.1,473.61,282.41,726.49,-31.41,O:QQQ260102C00623000,O:QQQ260102P00617000,True,09:30
QQQ,2026-01-02,Vie,leg,20,09:32,09:30-10:30,383,CALL,-1.82,-48.08,44.44,0.28,0.53,True,4736.11,4236.11,8132.34,4995.73,473.61,282.41,542.16,499.57,O:QQQ260102C00623000,O:QQQ260102P00617000,True,09:30
QQQ,2026-01-02,Vie,leg,30,09:32,09:30-10:30,383,CALL,-1.82,-48.08,44.44,0.28,0.53,True,4736.11,4236.11,8132.34,4995.73,473.61,282.41,542.16,499.57,O:QQQ260102C00623000,O:QQQ260102P00617000,True,09:30
QQQ,2026-01-02,Vie,leg,40,09:32,09:30-10:30,383,CALL,-1.82,-48.08,44.44,0.28,0.53,True,4736.11,4236.11,8132.34,4995.73,473.61,282.41,542.16,499.57,O:QQQ260102C00623000,O:QQQ260102P00617000,True,09:30
QQQ,2026-01-02,Vie,leg,50,09:33,09:30-10:30,382,CALL,6.41,-53.85,66.67,0.25,0.61,True,4736.11,4236.11,7621.36,4966.88,473.61,282.41,508.09,496.69,O:QQQ260102C00623000,O:QQQ260102P00617000,True,09:30
QQQ,2026-01-02,Vie,leg,60,09:39,09:30-10:30,376,CALL,13.68,-61.54,88.89,0.21,0.69,True,4736.11,4236.11,7228.86,4928.42,473.61,282.41,481.92,492.84,O:QQQ260102C00623000,O:QQQ260102P00617000,True,09:30
SPY,2026-01-02,Vie,combined,20,09:47,09:30-10:30,368,CALL,-26.6,-31.58,-21.62,0.27,0.3,True,-54.05,-554.05,612.61,-266.0,-5.41,-36.94,40.84,-26.6,O:SPY260102C00688000,O:SPY260102P00683000,True,09:31
SPY,2026-01-02,Vie,combined,30,09:59,09:30-10:30,356,PUT,-32.04,-28.95,-35.14,0.25,0.28,True,-54.05,845.95,-554.05,-320.41,-5.41,56.4,-36.94,-32.04,O:SPY260102C00688000,O:SPY260102P00683000,True,09:31
SPY,2026-01-02,Vie,combined,40,14:34,13:30-15:55,81,CALL,-45.98,-97.37,5.41,0.02,0.4,True,-54.05,-554.05,320.95,-459.82,-5.41,-36.94,21.4,-45.98,O:SPY260102C00688000,O:SPY260102P00683000,True,09:31
SPY,2026-01-02,Vie,combined,50,14:38,13:30-15:55,77,CALL,-55.44,-97.37,-13.51,0.02,0.33,True,-54.05,-554.05,506.55,-554.41,-5.41,-36.94,33.77,-55.44,O:SPY260102C00688000,O:SPY260102P00683000,True,09:31
SPY,2026-01-02,Vie,combined,60,15:03,13:30-15:55,52,CALL,-60.81,-100.0,-21.62,0.01,0.3,False,-54.05,,,-608.11,-5.41,,,-60.81,O:SPY260102C00688000,O:SPY260102P00683000,True,09:31
SPY,2026-01-02,Vie,leg,20,09:31,09:30-10:30,384,CALL,-6.22,-39.47,27.03,0.24,0.48,True,-54.05,-554.05,175.11,248.58,-5.41,-36.94,11.67,24.86,O:SPY260102C00688000,O:SPY260102P00683000,True,09:31
SPY,2026-01-02,Vie,leg,30,09:31,09:30-10:30,384,CALL,-6.22,-39.47,27.03,0.24,0.48,True,-54.05,-554.05,175.11,248.58,-5.41,-36.94,11.67,24.86,O:SPY260102C00688000,O:SPY260102P00683000,True,09:31
SPY,2026-01-02,Vie,leg,40,09:32,09:30-10:30,383,CALL,8.82,-52.63,70.27,0.19,0.64,True,-54.05,-554.05,-7.18,182.79,-5.41,-36.94,-0.48,18.28,O:SPY260102C00688000,O:SPY260102P00683000,True,09:31
SPY,2026-01-02,Vie,leg,50,09:32,09:30-10:30,383,CALL,8.82,-52.63,70.27,0.19,0.64,True,-54.05,-554.05,-7.18,182.79,-5.41,-36.94,-0.48,18.28,O:SPY260102C00688000,O:SPY260102P00683000,True,09:31
SPY,2026-01-02,Vie,leg,60,09:33,09:30-10:30,382,CALL,19.74,-60.53,100.0,0.16,0.75,True,-54.05,-554.05,-87.39,143.31,-5.41,-36.94,-5.83,14.33,O:SPY260102C00688000,O:SPY260102P00683000,True,09:31
IWM,2026-01-02,Vie,combined,20,13:18,12:00-13:30,157,CALL,-21.47,-34.62,-8.33,0.35,0.45,True,-173.08,555.49,-673.08,-214.74,-17.31,37.03,-44.87,-21.47,O:IWM260102C00247500,O:IWM260102P00247500,True,09:30
IWM,2026-01-02,Vie,combined,30,14:02,13:30-15:55,113,CALL,-30.53,-42.31,-18.75,0.31,0.4,True,-173.08,714.02,-673.08,-305.29,-17.31,47.6,-44.87,-30.53,O:IWM260102C00247500,O:IWM260102P00247500,True,09:30
IWM,2026-01-02,Vie,combined,40,15:49,13:30-15:55,6,PUT,-45.11,7.69,-97.92,0.02,1.08,True,-173.08,-673.08,-274.93,-451.12,-17.31,-44.87,-18.33,-45.11,O:IWM260102C00247500,O:IWM260102P00247500,True,09:30
IWM,2026-01-02,Vie,leg,20,09:33,09:30-10:30,382,CALL,64.58,-25.0,154.17,0.41,1.23,True,-173.08,375.7,-673.08,-625.0,-17.31,25.05,-44.87,-62.5,O:IWM260102C00247500,O:IWM260102P00247500,True,09:30
IWM,2026-01-02,Vie,leg,30,09:35,09:30-10:30,380,CALL,71.31,-36.54,179.17,0.34,1.38,True,-173.08,591.63,-673.08,-682.69,-17.31,39.44,-44.87,-68.27,O:IWM260102C00247500,O:IWM260102P00247500,True,09:30
IWM,2026-01-02,Vie,leg,40,09:38,09:30-10:30,377,CALL,61.06,-40.38,162.5,0.32,1.3,True,-173.08,670.67,-673.08,-701.92,-17.31,44.71,-44.87,-70.19,O:IWM260102C00247500,O:IWM260102P00247500,True,09:30
IWM,2026-01-02,Vie,leg,50,09:44,09:30-10:30,371,CALL,66.75,-51.92,185.42,0.26,1.44,True,-173.08,980.77,-673.08,-759.62,-17.31,65.38,-44.87,-75.96,O:IWM260102C00247500,O:IWM260102P00247500,True,09:30
IWM,2026-01-02,Vie,leg,60,09:46,09:30-10:30,369,CALL,96.55,-67.31,260.42,0.18,1.77,True,-173.08,1715.81,-673.08,-836.54,-17.31,114.39,-44.87,-83.65,O:IWM260102C00247500,O:IWM260102P00247500,True,09:30
QQQ,2026-01-05,Lun,combined,20,09:45,09:30-10:30,370,CALL,-27.47,-57.58,2.63,0.16,0.4,True,-1000.0,-1500.0,-1500.0,-274.72,-100.0,-100.0,-100.0,-27.47,O:QQQ260105C00623000,O:QQQ260105P00614000,True,09:30
QQQ,2026-01-05,Lun,combined,30,10:00,09:30-10:30,355,CALL,-32.42,-72.73,7.89,0.1,0.42,True,-1000.0,-1500.0,-1500.0,-324.16,-100.0,-100.0,-100.0,-32.42,O:QQQ260105C00623000,O:QQQ260105P00614000,True,09:30
QQQ,2026-01-05,Lun,combined,40,10:04,09:30-10:30,351,CALL,-41.03,-63.64,-18.42,0.13,0.32,True,-1000.0,-1500.0,-1500.0,-410.29,-100.0,-100.0,-100.0,-41.03,O:QQQ260105C00623000,O:QQQ260105P00614000,True,09:30
QQQ,2026-01-05,Lun,combined,50,10:17,09:30-10:30,338,CALL,-50.04,-60.61,-39.47,0.14,0.24,True,-1000.0,-1500.0,-1500.0,-500.4,-100.0,-100.0,-100.0,-50.04,O:QQQ260105C00623000,O:QQQ260105P00614000,True,09:30
QQQ,2026-01-05,Lun,combined,60,10:35,10:30-12:00,320,CALL,-62.28,-66.67,-57.89,0.12,0.17,True,-1000.0,-1500.0,-1500.0,-622.81,-100.0,-100.0,-100.0,-62.28,O:QQQ260105C00623000,O:QQQ260105P00614000,True,09:30
QQQ,2026-01-05,Lun,leg,20,09:31,09:30-10:30,384,CALL,-7.46,-33.33,18.42,0.24,0.46,True,-1000.0,-1500.0,-1500.0,-666.67,-100.0,-100.0,-100.0,-66.67,O:QQQ260105C00623000,O:QQQ260105P00614000,True,09:30
QQQ,2026-01-05,Lun,leg,30,09:31,09:30-10:30,384,CALL,-7.46,-33.33,18.42,0.24,0.46,True,-1000.0,-1500.0,-1500.0,-666.67,-100.0,-100.0,-100.0,-66.67,O:QQQ260105C00623000,O:QQQ260105P00614000,True,09:30
QQQ,2026-01-05,Lun,leg,40,09:32,09:30-10:30,383,CALL,-0.96,-54.55,52.63,0.16,0.6,True,-1000.0,-1500.0,-1500.0,-772.73,-100.0,-100.0,-100.0,-77.27,O:QQQ260105C00623000,O:QQQ260105P00614000,True,09:30
QQQ,2026-01-05,Lun,leg,50,09:32,09:30-10:30,383,CALL,-0.96,-54.55,52.63,0.16,0.6,True,-1000.0,-1500.0,-1500.0,-772.73,-100.0,-100.0,-100.0,-77.27,O:QQQ260105C00623000,O:QQQ260105P00614000,True,09:30
QQQ,2026-01-05,Lun,leg,60,09:34,09:30-10:30,381,CALL,-4.19,-63.64,55.26,0.13,0.6,True,-1000.0,-1500.0,-1500.0,-818.18,-100.0,-100.0,-100.0,-81.82,O:QQQ260105C00623000,O:QQQ260105P00614000,True,09:30
SPY,2026-01-05,Lun,combined,20,09:54,09:30-10:30,361,CALL,-24.11,-40.91,-7.32,0.27,0.39,True,-988.64,-1470.12,-1488.64,-241.13,-98.86,-98.01,-99.24,-24.11,O:SPY260105C00689000,O:SPY260105P00684000,True,09:30
SPY,2026-01-05,Lun,combined,30,10:14,09:30-10:30,341,PUT,-30.88,-22.73,-39.02,0.26,0.35,True,-988.64,-1488.64,-1474.35,-308.76,-98.86,-99.24,-98.29,-30.88,O:SPY260105C00689000,O:SPY260105P00684000,True,09:30
SPY,2026-01-05,Lun,combined,40,10:44,10:30-12:00,311,PUT,-42.02,-18.18,-65.85,0.15,0.37,True,-988.64,-1488.64,-1475.12,-420.18,-98.86,-99.24,-98.34,-42.02,O:SPY260105C00689000,O:SPY260105P00684000,True,09:30
SPY,2026-01-05,Lun,combined,50,12:21,12:00-13:30,214,PUT,-52.99,-18.18,-87.8,0.06,0.37,True,-988.64,-1488.64,-1475.12,-529.93,-98.86,-99.24,-98.34,-52.99,O:SPY260105C00689000,O:SPY260105P00684000,True,09:30
SPY,2026-01-05,Lun,combined,60,12:31,12:00-13:30,204,PUT,-60.86,-36.36,-85.37,0.07,0.29,True,-988.64,-1488.64,-1471.39,-608.65,-98.86,-99.24,-98.09,-60.86,O:SPY260105C00689000,O:SPY260105P00684000,True,09:30
SPY,2026-01-05,Lun,leg,20,09:34,09:30-10:30,381,CALL,-7.79,-20.45,4.88,0.36,0.44,True,-988.64,-1474.75,-1488.64,-602.27,-98.86,-98.32,-99.24,-60.23,O:SPY260105C00689000,O:SPY260105P00684000,True,09:30
SPY,2026-01-05,Lun,leg,30,09:50,09:30-10:30,365,CALL,-15.58,-40.91,9.76,0.27,0.46,True,-988.64,-1470.12,-1488.64,-704.55,-98.86,-98.01,-99.24,-70.45,O:SPY260105C00689000,O:SPY260105P00684000,True,09:30
SPY,2026-01-05,Lun,leg,40,09:50,09:30-10:30,365,CALL,-15.58,-40.91,9.76,0.27,0.46,True,-988.64,-1470.12,-1488.64,-704.55,-98.86,-98.01,-99.24,-70.45,O:SPY260105C00689000,O:SPY260105P00684000,True,09:30
SPY,2026-01-05,Lun,leg,50,10:18,09:30-10:30,337,PUT,-33.56,-15.91,-51.22,0.21,0.38,True,-988.64,-1488.64,-1475.48,-744.73,-98.86,-99.24,-98.37,-74.47,O:SPY260105C00689000,O:SPY260105P00684000,True,09:30
SPY,2026-01-05,Lun,leg,60,10:21,09:30-10:30,334,PUT,-33.9,-6.82,-60.98,0.17,0.42,True,-988.64,-1488.64,-1476.73,-793.51,-98.86,-99.24,-98.45,-79.35,O:SPY260105C00689000,O:SPY260105P00684000,True,09:30
IWM,2026-01-05,Lun,leg,20,09:32,09:30-10:30,383,PUT,49.55,121.95,-22.86,0.29,0.95,True,2158.54,1658.54,3021.69,2544.25,215.85,110.57,201.45,254.43,O:IWM260105C00250000,O:IWM260105P00249000,True,09:30
IWM,2026-01-05,Lun,leg,30,09:36,09:30-10:30,379,PUT,39.76,119.51,-40.0,0.22,0.92,True,2158.54,1658.54,3066.15,2458.54,215.85,110.57,204.41,245.85,O:IWM260105C00250000,O:IWM260105P00249000,True,09:30
IWM,2026-01-05,Lun,leg,40,09:36,09:30-10:30,379,PUT,39.76,119.51,-40.0,0.22,0.92,True,2158.54,1658.54,3066.15,2458.54,215.85,110.57,204.41,245.85,O:IWM260105C00250000,O:IWM260105P00249000,True,09:30
IWM,2026-01-05,Lun,leg,50,09:39,09:30-10:30,376,PUT,55.57,168.29,-57.14,0.16,1.13,True,2158.54,1658.54,2804.55,2372.82,215.85,110.57,186.97,237.28,O:IWM260105C00250000,O:IWM260105P00249000,True,09:30
IWM,2026-01-05,Lun,leg,60,09:40,09:30-10:30,375,PUT,68.57,200.0,-62.86,0.14,1.25,True,2158.54,1658.54,2694.54,2344.25,215.85,110.57,179.64,234.43,O:IWM260105C00250000,O:IWM260105P00249000,True,09:30
QQQ,2026-01-06,Mar,combined,20,11:00,10:30-12:00,295,PUT,-23.35,7.14,-53.85,0.19,0.61,True,1401.79,901.79,3106.7,-233.52,140.18,60.12,207.11,-23.35,O:QQQ260106C00621000,O:QQQ260106P00616000,True,09:30
QQQ,2026-01-06,Mar,combined,30,11:04,10:30-12:00,291,PUT,-32.01,-17.86,-46.15,0.22,0.47,True,1401.79,901.79,3763.49,-320.05,140.18,60.12,250.9,-32.01,O:QQQ260106C00621000,O:QQQ260106P00616000,True,09:30
QQQ,2026-01-06,Mar,combined,40,11:26,10:30-12:00,269,PUT,-42.26,-17.86,-66.67,0.14,0.47,True,1401.79,901.79,3763.49,-422.62,140.18,60.12,250.9,-42.26,O:QQQ260106C00621000,O:QQQ260106P00616000,True,09:30
QQQ,2026-01-06,Mar,combined,50,11:43,10:30-12:00,252,PUT,-50.8,-37.5,-64.1,0.15,0.36,True,1401.79,901.79,4637.9,-508.01,140.18,60.12,309.19,-50.8,O:QQQ260106C00621000,O:QQQ260106P00616000,True,09:30
QQQ,2026-01-06,Mar,leg,20,09:40,09:30-10:30,375,CALL,-0.46,-21.43,20.51,0.45,0.48,True,1401.79,3890.67,901.79,-607.14,140.18,259.38,60.12,-60.71,O:QQQ260106C00621000,O:QQQ260106P00616000,True,09:30
QQQ,2026-01-06,Mar,leg,30,09:45,09:30-10:30,370,PUT,8.95,58.93,-41.03,0.24,0.9,True,1401.79,901.79,2396.23,1696.66,140.18,60.12,159.75,169.67,O:QQQ260106C00621000,O:QQQ260106P00616000,True,09:30
QQQ,2026-01-06,Mar,leg,40,09:45,09:30-10:30,370,PUT,8.95,58.93,-41.03,0.24,0.9,True,1401.79,901.79,2396.23,1696.66,140.18,60.12,159.75,169.67,O:QQQ260106C00621000,O:QQQ260106P00616000,True,09:30
QQQ,2026-01-06,Mar,leg,50,09:47,09:30-10:30,368,PUT,26.14,103.57,-51.28,0.2,1.16,True,1401.79,901.79,2061.27,1645.38,140.18,60.12,137.42,164.54,O:QQQ260106C00621000,O:QQQ260106P00616000,True,09:30
QQQ,2026-01-06,Mar,leg,60,09:51,09:30-10:30,364,PUT,52.27,166.07,-61.54,0.16,1.51,True,1401.79,901.79,1792.51,1594.09,140.18,60.12,119.5,159.41,O:QQQ260106C00621000,O:QQQ260106P00616000,True,09:30
SPY,2026-01-06,Mar,combined,20,09:30,09:30-10:30,385,PUT,-24.36,0.0,-48.72,0.21,0.4,True,1628.21,1128.21,3690.71,-243.59,162.82,75.21,246.05,-24.36,O:SPY260106C00690000,O:SPY260106P00684000,True,09:30
SPY,2026-01-06,Mar,combined,30,09:32,09:30-10:30,383,PUT,-33.33,-7.69,-58.97,0.17,0.37,True,1628.21,1128.21,3898.48,-333.33,162.82,75.21,259.9,-33.33,O:SPY260106C00690000,O:SPY260106P00684000,True,09:30
SPY,2026-01-06,Mar,combined,40,09:39,09:30-10:30,376,PUT,-41.03,-28.21,-53.85,0.19,0.29,True,1628.21,1128.21,4662.69,-410.26,162.82,75.21,310.85,-41.03,O:SPY260106C00690000,O:SPY260106P00684000,True,09:30
SPY,2026-01-06,Mar,combined,50,11:01,10:30-12:00,294,PUT,-53.85,-28.21,-79.49,0.09,0.29,True,1628.21,1128.21,4662.69,-538.46,162.82,75.21,310.85,-53.85,O:SPY260106C00690000,O:SPY260106P00684000,True,09:30
SPY,2026-01-06,Mar,combined,60,11:06,10:30-12:00,289,PUT,-60.26,-43.59,-76.92,0.1,0.23,True,1628.21,1128.21,5584.73,-602.56,162.82,75.21,372.32,-60.26,O:SPY260106C00690000,O:SPY260106P00684000,True,09:30
SPY,2026-01-06,Mar,leg,20,09:30,09:30-10:30,385,PUT,-24.36,0.0,-48.72,0.21,0.4,True,1628.21,1128.21,3690.71,1884.62,162.82,75.21,246.05,188.46,O:SPY260106C00690000,O:SPY260106P00684000,True,09:30
SPY,2026-01-06,Mar,leg,30,09:30,09:30-10:30,385,PUT,-24.36,0.0,-48.72,0.21,0.4,True,1628.21,1128.21,3690.71,1884.62,162.82,75.21,246.05,188.46,O:SPY260106C00690000,O:SPY260106P00684000,True,09:30
SPY,2026-01-06,Mar,leg,40,09:30,09:30-10:30,385,PUT,-24.36,0.0,-48.72,0.21,0.4,True,1628.21,1128.21,3690.71,1884.62,162.82,75.21,246.05,188.46,O:SPY260106C00690000,O:SPY260106P00684000,True,09:30
SPY,2026-01-06,Mar,leg,50,09:31,09:30-10:30,384,PUT,-29.49,-2.56,-56.41,0.18,0.39,True,1628.21,1128.21,3756.41,1846.15,162.82,75.21,250.43,184.62,O:SPY260106C00690000,O:SPY260106P00684000,True,09:30
SPY,2026-01-06,Mar,leg,60,09:44,09:30-10:30,371,PUT,-43.59,-23.08,-64.1,0.15,0.32,True,1628.21,1128.21,4331.33,1807.69,162.82,75.21,288.76,180.77,O:SPY260106C00690000,O:SPY260106P00684000,True,09:30
IWM,2026-01-06,Mar,combined,20,09:34,09:30-10:30,381,CALL,-21.51,-61.54,18.52,0.26,0.65,True,1338.46,6684.62,838.46,-215.1,133.85,445.64,55.9,-21.51,O:IWM260106C00253000,O:IWM260106P00252000,True,09:30
IWM,2026-01-06,Mar,combined,30,09:37,09:30-10:30,378,CALL,-31.24,-56.92,-5.56,0.29,0.52,True,1338.46,6079.84,838.46,-312.39,133.85,405.32,55.9,-31.24,O:IWM260106C00253000,O:IWM260106P00252000,True,09:30
IWM,2026-01-06,Mar,combined,40,09:58,09:30-10:30,357,CALL,-40.81,-53.85,-27.78,0.31,0.4,True,1338.46,5741.69,838.46,-408.12,133.85,382.78,55.9,-40.81,O:IWM260106C00253000,O:IWM260106P00252000,True,09:30
IWM,2026-01-06,Mar,combined,50,10:36,10:30-12:00,319,PUT,-50.87,-36.92,-64.81,0.2,0.42,True,1338.46,838.46,4457.51,-508.69,133.85,55.9,297.17,-50.87,O:IWM260106C00253000,O:IWM260106P00252000,True,09:30
IWM,2026-01-06,Mar,combined,60,11:36,10:30-12:00,259,PUT,-62.26,-52.31,-72.22,0.17,0.33,True,1338.46,838.46,5444.52,-622.65,133.85,55.9,362.97,-62.26,O:IWM260106C00253000,O:IWM260106P00252000,True,09:30
IWM,2026-01-06,Mar,leg,20,09:30,09:30-10:30,385,CALL,-3.15,-60.0,53.7,0.27,0.86,True,1338.46,6468.09,838.46,-800.0,133.85,431.21,55.9,-80.0,O:IWM260106C00253000,O:IWM260106P00252000,True,09:30
IWM,2026-01-06,Mar,leg,30,09:30,09:30-10:30,385,CALL,-3.15,-60.0,53.7,0.27,0.86,True,1338.46,6468.09,838.46,-800.0,133.85,431.21,55.9,-80.0,O:IWM260106C00253000,O:IWM260106P00252000,True,09:30
IWM,2026-01-06,Mar,leg,40,09:30,09:30-10:30,385,CALL,-3.15,-60.0,53.7,0.27,0.86,True,1338.46,6468.09,838.46,-800.0,133.85,431.21,55.9,-80.0,O:IWM260106C00253000,O:IWM260106P00252000,True,09:30
IWM,2026-01-06,Mar,leg,50,09:30,09:30-10:30,385,CALL,-3.15,-60.0,53.7,0.27,0.86,True,1338.46,6468.09,838.46,-800.0,133.85,431.21,55.9,-80.0,O:IWM260106C00253000,O:IWM260106P00252000,True,09:30
IWM,2026-01-06,Mar,leg,60,09:30,09:30-10:30,385,CALL,-3.15,-60.0,53.7,0.27,0.86,True,1338.46,6468.09,838.46,-800.0,133.85,431.21,55.9,-80.0,O:IWM260106C00253000,O:IWM260106P00252000,True,09:30
QQQ,2026-01-07,Mié,combined,20,10:01,09:30-10:30,354,PUT,-20.22,5.56,-46.0,0.28,0.58,True,-981.48,-1481.48,-1464.24,-202.22,-98.15,-98.77,-97.62,-20.22,O:QQQ260107C00625000,O:QQQ260107P00619000,True,09:31
QQQ,2026-01-07,Mié,combined,30,15:13,13:30-15:55,42,PUT,-46.22,5.56,-98.0,0.02,0.58,True,-981.48,-1481.48,-1464.24,-462.22,-98.15,-98.77,-97.62,-46.22,O:QQQ260107C00625000,O:QQQ260107P00619000,True,09:31
QQQ,2026-01-07,Mié,combined,40,15:13,13:30-15:55,42,PUT,-46.22,5.56,-98.0,0.02,0.58,True,-981.48,-1481.48,-1464.24,-462.22,-98.15,-98.77,-97.62,-46.22,O:QQQ260107C00625000,O:QQQ260107P00619000,True,09:31
QQQ,2026-01-07,Mié,combined,50,15:14,13:30-15:55,41,PUT,-51.78,-5.56,-98.0,0.02,0.52,True,-981.48,-1481.48,-1462.25,-517.78,-98.15,-98.77,-97.48,-51.78,O:QQQ260107C00625000,O:QQQ260107P00619000,True,09:31
QQQ,2026-01-07,Mié,combined,60,15:23,13:30-15:55,32,PUT,-60.11,-22.22,-98.0,0.02,0.43,True,-981.48,-1481.48,-1458.23,-601.11,-98.15,-98.77,-97.22,-60.11,O:QQQ260107C00625000,O:QQQ260107P00619000,True,09:31
QQQ,2026-01-07,Mié,leg,20,09:32,09:30-10:30,383,PUT,-6.37,9.26,-22.0,0.4,0.6,True,-981.48,-1481.48,-1464.81,-591.48,-98.15,-98.77,-97.65,-59.15,O:QQQ260107C00625000,O:QQQ260107P00619000,True,09:31
QQQ,2026-01-07,Mié,leg,30,09:34,09:30-10:30,381,PUT,5.15,46.3,-36.0,0.33,0.8,True,-981.48,-1481.48,-1468.98,-661.48,-98.15,-98.77,-97.93,-66.15,O:QQQ260107C00625000,O:QQQ260107P00619000,True,09:31
QQQ,2026-01-07,Mié,leg,40,09:35,09:30-10:30,380,PUT,6.85,53.7,-40.0,0.31,0.85,True,-981.48,-1481.48,-1469.72,-681.48,-98.15,-98.77,-97.98,-68.15,O:QQQ260107C00625000,O:QQQ260107P00619000,True,09:31
QQQ,2026-01-07,Mié,leg,50,09:41,09:30-10:30,374,PUT,36.89,127.78,-54.0,0.24,1.24,True,-981.48,-1481.48,-1473.42,-751.48,-98.15,-98.77,-98.23,-75.15,O:QQQ260107C00625000,O:QQQ260107P00619000,True,09:31
QQQ,2026-01-07,Mié,leg,60,09:46,09:30-10:30,369,PUT,35.74,131.48,-60.0,0.21,1.26,True,-981.48,-1481.48,-1473.54,-781.48,-98.15,-98.77,-98.24,-78.15,O:QQQ260107C00625000,O:QQQ260107P00619000,True,09:31
SPY,2026-01-07,Mié,combined,20,09:30,09:30-10:30,385,CALL,-20.5,-21.95,-19.05,0.33,0.35,True,-916.67,-1416.67,-1316.67,-204.99,-91.67,-94.44,-87.78,-20.5,O:SPY260107C00694000,O:SPY260107P00689000,True,09:30
SPY,2026-01-07,Mié,combined,30,09:33,09:30-10:30,382,CALL,-30.26,-41.46,-19.05,0.25,0.35,True,-916.67,-1416.67,-1316.67,-302.56,-91.67,-94.44,-87.78,-30.26,O:SPY260107C00694000,O:SPY260107P00689000,True,09:30
SPY,2026-01-07,Mié,combined,40,10:00,09:30-10:30,355,CALL,-44.6,-46.34,-42.86,0.23,0.25,True,-916.67,-1416.67,-1276.67,-445.99,-91.67,-94.44,-85.11,-44.6,O:SPY260107C00694000,O:SPY260107P00689000,True,09:30
SPY,2026-01-07,Mié,combined,50,10:20,09:30-10:30,335,CALL,-50.9,-75.61,-26.19,0.11,0.32,True,-916.67,-1416.67,-1307.29,-509.0,-91.67,-94.44,-87.15,-50.9,O:SPY260107C00694000,O:SPY260107P00689000,True,09:30
SPY,2026-01-07,Mié,combined,60,10:28,09:30-10:30,327,CALL,-60.28,-63.41,-57.14,0.16,0.19,True,-916.67,-1416.67,-1232.46,-602.79,-91.67,-94.44,-82.16,-60.28,O:SPY260107C00694000,O:SPY260107P00689000,True,09:30
SPY,2026-01-07,Mié,leg,20,09:30,09:30-10:30,385,CALL,-20.5,-21.95,-19.05,0.33,0.35,True,-916.67,-1416.67,-1316.67,-526.42,-91.67,-94.44,-87.78,-52.64,O:SPY260107C00694000,O:SPY260107P00689000,True,09:30
SPY,2026-01-07,Mié,leg,30,09:32,09:30-10:30,383,CALL,-27.82,-36.59,-19.05,0.27,0.35,True,-916.67,-1416.67,-1316.67,-599.59,-91.67,-94.44,-87.78,-59.96,O:SPY260107C00694000,O:SPY260107P00689000,True,09:30
SPY,2026-01-07,Mié,leg,40,09:33,09:30-10:30,382,CALL,-30.26,-41.46,-19.05,0.25,0.35,True,-916.67,-1416.67,-1316.67,-623.98,-91.67,-94.44,-87.78,-62.4,O:SPY260107C00694000,O:SPY260107P00689000,True,09:30
SPY,2026-01-07,Mié,leg,50,09:45,09:30-10:30,370,PUT,-15.24,19.51,-50.0,0.22,0.5,True,-916.67,-1257.58,-1416.67,-750.0,-91.67,-83.84,-94.44,-75.0,O:SPY260107C00694000,O:SPY260107P00689000,True,09:30
SPY,2026-01-07,Mié,leg,60,10:03,09:30-10:30,352,CALL,-44.77,-60.98,-28.57,0.17,0.31,True,-916.67,-1416.67,-1303.76,-721.54,-91.67,-94.44,-86.92,-72.15,O:SPY260107C00694000,O:SPY260107P00689000,True,09:30
IWM,2026-01-07,Mié,combined,20,09:34,09:30-10:30,381,CALL,-22.49,-40.82,-4.17,0.3,0.47,True,-979.17,-1479.17,-1457.89,-224.91,-97.92,-98.61,-97.19,-22.49,O:IWM260107C00257000,O:IWM260107P00255000,True,09:30
IWM,2026-01-07,Mié,combined,30,09:40,09:30-10:30,375,CALL,-33.93,-42.86,-25.0,0.29,0.37,True,-979.17,-1479.17,-1452.14,-339.29,-97.92,-98.61,-96.81,-33.93,O:IWM260107C00257000,O:IWM260107P00255000,True,09:30
IWM,2026-01-07,Mié,combined,40,10:41,10:30-12:00,314,CALL,-41.79,-87.76,4.17,0.07,0.51,True,-979.17,-1479.17,-1459.56,-417.94,-97.92,-98.61,-97.3,-41.79,O:IWM260107C00257000,O:IWM260107P00255000,True,09:30
IWM,2026-01-07,Mié,combined,50,11:23,10:30-12:00,272,CALL,-50.06,-93.88,-6.25,0.04,0.46,True,-979.17,-1479.17,-1457.43,-500.64,-97.92,-98.61,-97.16,-50.06,O:IWM260107C00257000,O:IWM260107P00255000,True,09:30
IWM,2026-01-07,Mié,combined,60,11:31,10:30-12:00,264,CALL,-63.61,-93.88,-33.33,0.04,0.33,True,-979.17,-1479.17,-1448.86,-636.05,-97.92,-98.61,-96.59,-63.61,O:IWM260107C00257000,O:IWM260107P00255000,True,09:30
IWM,2026-01-07,Mié,leg,20,09:30,09:30-10:30,385,PUT,-5.4,18.37,-29.17,0.35,0.59,True,-979.17,-1450.6,-1479.17,-645.83,-97.92,-96.71,-98.61,-64.58,O:IWM260107C00257000,O:IWM260107P00255000,True,09:30
IWM,2026-01-07,Mié,leg,30,09:32,09:30-10:30,383,CALL,-16.35,-30.61,-2.08,0.35,0.49,True,-979.17,-1479.17,-1458.76,-632.23,-97.92,-98.61,-97.25,-63.22,O:IWM260107C00257000,O:IWM260107P00255000,True,09:30
IWM,2026-01-07,Mié,leg,40,09:33,09:30-10:30,382,CALL,-18.28,-44.9,8.33,0.28,0.53,True,-979.17,-1479.17,-1460.3,-703.66,-97.92,-98.61,-97.35,-70.37,O:IWM260107C00257000,O:IWM260107P00255000,True,09:30
IWM,2026-01-07,Mié,leg,50,09:37,09:30-10:30,378,CALL,-27.59,-51.02,-4.17,0.25,0.47,True,-979.17,-1479.17,-1457.89,-734.27,-97.92,-98.61,-97.19,-73.43,O:IWM260107C00257000,O:IWM260107P00255000,True,09:30
IWM,2026-01-07,Mié,leg,60,09:47,09:30-10:30,368,CALL,-31.65,-61.22,-2.08,0.2,0.48,True,-979.17,-1479.17,-1458.33,-785.29,-97.92,-98.61,-97.22,-78.53,O:IWM260107C00257000,O:IWM260107P00255000,True,09:30
QQQ,2026-01-08,Jue,combined,20,10:14,09:30-10:30,341,CALL,-20.83,-83.33,41.67,0.06,0.86,True,-983.33,-1483.33,-1471.71,-208.33,-98.33,-98.89,-98.11,-20.83,O:QQQ260108C00626000,O:QQQ260108P00619000,True,09:30
QQQ,2026-01-08,Jue,combined,30,10:18,09:30-10:30,337,CALL,-32.5,-80.0,15.0,0.07,0.7,True,-983.33,-1483.33,-1469.05,-325.0,-98.33,-98.89,-97.94,-32.5,O:QQQ260108C00626000,O:QQQ260108P00619000,True,09:30
QQQ,2026-01-08,Jue,combined,40,10:28,09:30-10:30,327,CALL,-42.5,-83.33,-1.67,0.06,0.6,True,-983.33,-1483.33,-1466.67,-425.0,-98.33,-98.89,-97.78,-42.5,O:QQQ260108C00626000,O:QQQ260108P00619000,True,09:30
QQQ,2026-01-08,Jue,combined,50,12:19,12:00-13:30,216,CALL,-52.5,-93.33,-11.67,0.03,0.54,True,-983.33,-1483.33,-1464.81,-525.0,-98.33,-98.89,-97.65,-52.5,O:QQQ260108C00626000,O:QQQ260108P00619000,True,09:30
QQQ,2026-01-08,Jue,combined,60,12:45,12:00-13:30,190,CALL,-60.0,-93.33,-26.67,0.03,0.45,True,-983.33,-1483.33,-1461.11,-600.0,-98.33,-98.89,-97.41,-60.0,O:QQQ260108C00626000,O:QQQ260108P00619000,True,09:30
QQQ,2026-01-08,Jue,leg,20,09:32,09:30-10:30,383,CALL,-10.83,-26.67,5.0,0.23,0.64,True,-983.33,-1483.33,-1467.71,-616.67,-98.33,-98.89,-97.85,-61.67,O:QQQ260108C00626000,O:QQQ260108P00619000,True,09:30
QQQ,2026-01-08,Jue,leg,30,09:33,09:30-10:30,382,CALL,-6.67,-33.33,20.0,0.21,0.73,True,-983.33,-1483.33,-1469.63,-650.0,-98.33,-98.89,-97.98,-65.0,O:QQQ260108C00626000,O:QQQ260108P00619000,True,09:30
QQQ,2026-01-08,Jue,leg,40,09:34,09:30-10:30,381,CALL,2.5,-46.67,51.67,0.17,0.92,True,-983.33,-1483.33,-1472.46,-716.67,-98.33,-98.89,-98.16,-71.67,O:QQQ260108C00626000,O:QQQ260108P00619000,True,09:30
QQQ,2026-01-08,Jue,leg,50,09:35,09:30-10:30,380,CALL,-1.67,-50.0,46.67,0.16,0.89,True,-983.33,-1483.33,-1472.1,-733.33,-98.33,-98.89,-98.14,-73.33,O:QQQ260108C00626000,O:QQQ260108P00619000,True,09:30
QQQ,2026-01-08,Jue,leg,60,09:38,09:30-10:30,377,CALL,5.0,-60.0,70.0,0.13,1.03,True,-983.33,-1483.33,-1473.62,-783.33,-98.33,-98.89,-98.24,-78.33,O:QQQ260108C00626000,O:QQQ260108P00619000,True,09:30
SPY,2026-01-08,Jue,combined,20,10:03,09:30-10:30,352,CALL,-20.5,-45.0,4.0,0.23,0.53,True,-977.5,-1455.76,-1468.07,-205.0,-97.75,-97.05,-97.87,-20.5,O:SPY260108C00691000,O:SPY260108P00686000,True,09:31
SPY,2026-01-08,Jue,combined,30,10:27,09:30-10:30,328,PUT,-30.75,-7.5,-54.0,0.24,0.38,True,-977.5,-1456.67,-1464.34,-307.5,-97.75,-97.11,-97.62,-30.75,O:SPY260108C00691000,O:SPY260108P00686000,True,09:31
SPY,2026-01-08,Jue,combined,40,10:56,10:30-12:00,299,CALL,-40.5,-45.0,-36.0,0.23,0.33,True,-977.5,-1455.76,-1462.35,-405.0,-97.75,-97.05,-97.49,-40.5,O:SPY260108C00691000,O:SPY260108P00686000,True,09:31
SPY,2026-01-08,Jue,combined,50,11:52,10:30-12:00,243,PUT,-52.0,-40.0,-64.0,0.19,0.25,True,-977.5,-1451.18,-1457.5,-520.0,-97.75,-96.75,-97.17,-52.0,O:SPY260108C00691000,O:SPY260108P00686000,True,09:31
SPY,2026-01-08,Jue,combined,60,12:26,12:00-13:30,209,PUT,-60.0,-50.0,-70.0,0.16,0.21,True,-977.5,-1446.25,-1453.69,-600.0,-97.75,-96.42,-96.91,-60.0,O:SPY260108C00691000,O:SPY260108P00686000,True,09:31
SPY,2026-01-08,Jue,leg,20,09:34,09:30-10:30,381,CALL,-8.5,-25.0,8.0,0.31,0.55,True,-977.5,-1461.37,-1468.41,-615.0,-97.75,-97.42,-97.89,-61.5,O:SPY260108C00691000,O:SPY260108P00686000,True,09:31
SPY,2026-01-08,Jue,leg,30,09:42,09:30-10:30,373,CALL,-5.0,-50.0,40.0,0.21,0.71,True,-977.5,-1453.69,-1470.46,-740.0,-97.75,-96.91,-98.03,-74.0,O:SPY260108C00691000,O:SPY260108P00686000,True,09:31
SPY,2026-01-08,Jue,leg,40,09:42,09:30-10:30,373,CALL,-5.0,-50.0,40.0,0.21,0.71,True,-977.5,-1453.69,-1470.46,-740.0,-97.75,-96.91,-98.03,-74.0,O:SPY260108C00691000,O:SPY260108P00686000,True,09:31
SPY,2026-01-08,Jue,leg,50,09:42,09:30-10:30,373,CALL,-5.0,-50.0,40.0,0.21,0.71,True,-977.5,-1453.69,-1470.46,-740.0,-97.75,-96.91,-98.03,-74.0,O:SPY260108C00691000,O:SPY260108P00686000,True,09:31
SPY,2026-01-08,Jue,leg,60,10:16,09:30-10:30,339,PUT,-15.0,30.0,-60.0,0.21,0.53,True,-977.5,-1453.69,-1468.07,-787.5,-97.75,-96.91,-97.87,-78.75,O:SPY260108C00691000,O:SPY260108P00686000,True,09:31
IWM,2026-01-08,Jue,leg,20,09:31,09:30-10:30,384,PUT,10.22,41.86,-21.43,0.57,0.63,True,1558.14,1058.14,2804.17,1951.0,155.81,70.54,186.94,195.1,O:IWM260108C00256000,O:IWM260108P00255000,True,09:30
IWM,2026-01-08,Jue,leg,30,09:33,09:30-10:30,382,PUT,19.53,79.07,-40.0,0.44,0.79,True,1558.14,1058.14,2450.54,1858.14,155.81,70.54,163.37,185.81,O:IWM260108C00256000,O:IWM260108P00255000,True,09:30
IWM,2026-01-08,Jue,leg,40,09:33,09:30-10:30,382,PUT,19.53,79.07,-40.0,0.44,0.79,True,1558.14,1058.14,2450.54,1858.14,155.81,70.54,163.37,185.81,O:IWM260108C00256000,O:IWM260108P00255000,True,09:30
IWM,2026-01-08,Jue,leg,50,09:36,09:30-10:30,379,PUT,43.07,141.86,-55.71,0.32,1.06,True,1558.14,1058.14,2095.88,1779.57,155.81,70.54,139.73,177.96,O:IWM260108C00256000,O:IWM260108P00255000,True,09:30
IWM,2026-01-08,Jue,leg,60,09:37,09:30-10:30,378,PUT,57.66,176.74,-61.43,0.28,1.2,True,1558.14,1058.14,1974.81,1751.0,155.81,70.54,131.65,175.1,O:IWM260108C00256000,O:IWM260108P00255000,True,09:30
QQQ,2026-01-09,Vie,combined,20,09:30,09:30-10:30,385,CALL,-30.82,-33.33,-28.3,0.37,0.39,True,-101.85,708.96,-601.85,-308.18,-10.19,47.26,-40.12,-30.82,O:QQQ260109C00626000,O:QQQ260109P00612000,True,09:30
QQQ,2026-01-09,Vie,combined,30,09:30,09:30-10:30,385,CALL,-30.82,-33.33,-28.3,0.37,0.39,True,-101.85,708.96,-601.85,-308.18,-10.19,47.26,-40.12,-30.82,O:QQQ260109C00626000,O:QQQ260109P00612000,True,09:30
QQQ,2026-01-09,Vie,combined,40,09:32,09:30-10:30,383,CALL,-40.11,-48.15,-32.08,0.29,0.37,True,-101.85,1070.56,-601.85,-401.12,-10.19,71.37,-40.12,-40.11,O:QQQ260109C00626000,O:QQQ260109P00612000,True,09:30
QQQ,2026-01-09,Vie,combined,50,10:02,09:30-10:30,353,PUT,-61.86,-42.59,-81.13,0.11,0.32,True,-101.85,-601.85,913.77,-618.62,-10.19,-40.12,60.92,-61.86,O:QQQ260109C00626000,O:QQQ260109P00612000,True,09:30
QQQ,2026-01-09,Vie,combined,60,10:02,09:30-10:30,353,PUT,-61.86,-42.59,-81.13,0.11,0.32,True,-101.85,-601.85,913.77,-618.62,-10.19,-40.12,60.92,-61.86,O:QQQ260109C00626000,O:QQQ260109P00612000,True,09:30
QQQ,2026-01-09,Vie,leg,20,09:30,09:30-10:30,385,CALL,-30.82,-33.33,-28.3,0.37,0.39,True,-101.85,708.96,-601.85,-666.67,-10.19,47.26,-40.12,-66.67,O:QQQ260109C00626000,O:QQQ260109P00612000,True,09:30
QQQ,2026-01-09,Vie,leg,30,09:30,09:30-10:30,385,CALL,-30.82,-33.33,-28.3,0.37,0.39,True,-101.85,708.96,-601.85,-666.67,-10.19,47.26,-40.12,-66.67,O:QQQ260109C00626000,O:QQQ260109P00612000,True,09:30
QQQ,2026-01-09,Vie,leg,40,09:31,09:30-10:30,384,CALL,-38.23,-48.15,-28.3,0.29,0.39,True,-101.85,1070.56,-601.85,-740.74,-10.19,71.37,-40.12,-74.07,O:QQQ260109C00626000,O:QQQ260109P00612000,True,09:30
QQQ,2026-01-09,Vie,leg,50,09:36,09:30-10:30,379,PUT,-31.97,-11.11,-52.83,0.26,0.49,True,-101.85,-601.85,387.94,134.0,-10.19,-40.12,25.86,13.4,O:QQQ260109C00626000,O:QQQ260109P00612000,True,09:30
QQQ,2026-01-09,Vie,leg,60,09:37,09:30-10:30,378,PUT,-16.32,29.63,-62.26,0.21,0.71,True,-101.85,-601.85,81.25,86.83,-10.19,-40.12,5.42,8.68,O:QQQ260109C00626000,O:QQQ260109P00612000,True,09:30
SPY,2026-01-09,Vie,combined,20,09:30,09:30-10:30,385,PUT,-28.57,0.0,-57.14,0.19,0.36,True,-985.71,-1485.71,-1471.83,-285.71,-98.57,-99.05,-98.12,-28.57,O:SPY260109C00695000,O:SPY260109P00682000,True,09:30
SPY,2026-01-09,Vie,combined,30,09:31,09:30-10:30,384,PUT,-32.86,-8.57,-57.14,0.19,0.33,True,-985.71,-1485.71,-1470.56,-328.57,-98.57,-99.05,-98.04,-32.86,O:SPY260109C00695000,O:SPY260109P00682000,True,09:30
SPY,2026-01-09,Vie,combined,40,10:03,09:30-10:30,352,PUT,-63.81,-51.43,-76.19,0.11,0.18,True,-985.71,-1485.71,-1457.94,-638.1,-98.57,-99.05,-97.2,-63.81,O:SPY260109C00695000,O:SPY260109P00682000,True,09:30
SPY,2026-01-09,Vie,combined,50,10:03,09:30-10:30,352,PUT,-63.81,-51.43,-76.19,0.11,0.18,True,-985.71,-1485.71,-1457.94,-638.1,-98.57,-99.05,-97.2,-63.81,O:SPY260109C00695000,O:SPY260109P00682000,True,09:30
SPY,2026-01-09,Vie,combined,60,10:03,09:30-10:30,352,PUT,-63.81,-51.43,-76.19,0.11,0.18,True,-985.71,-1485.71,-1457.94,-638.1,-98.57,-99.05,-97.2,-63.81,O:SPY260109C00695000,O:SPY260109P00682000,True,09:30
SPY,2026-01-09,Vie,leg,20,09:30,09:30-10:30,385,PUT,-28.57,0.0,-57.14,0.19,0.36,True,-985.71,-1485.71,-1471.83,-771.43,-98.57,-99.05,-98.12,-77.14,O:SPY260109C00695000,O:SPY260109P00682000,True,09:30
SPY,2026-01-09,Vie,leg,30,09:30,09:30-10:30,385,PUT,-28.57,0.0,-57.14,0.19,0.36,True,-985.71,-1485.71,-1471.83,-771.43,-98.57,-99.05,-98.12,-77.14,O:SPY260109C00695000,O:SPY260109P00682000,True,09:30
SPY,2026-01-09,Vie,leg,40,09:30,09:30-10:30,385,PUT,-28.57,0.0,-57.14,0.19,0.36,True,-985.71,-1485.71,-1471.83,-771.43,-98.57,-99.05,-98.12,-77.14,O:SPY260109C00695000,O:SPY260109P00682000,True,09:30
SPY,2026-01-09,Vie,leg,50,09:30,09:30-10:30,385,PUT,-28.57,0.0,-57.14,0.19,0.36,True,-985.71,-1485.71,-1471.83,-771.43,-98.57,-99.05,-98.12,-77.14,O:SPY260109C00695000,O:SPY260109P00682000,True,09:30
SPY,2026-01-09,Vie,leg,60,09:37,09:30-10:30,378,PUT,-13.81,34.29,-61.9,0.17,0.48,True,-985.71,-1485.71,-1475.3,-795.24,-98.57,-99.05,-98.35,-79.52,O:SPY260109C00695000,O:SPY260109P00682000,True,09:30
IWM,2026-01-09,Vie,combined,20,09:51,09:30-10:30,364,PUT,-21.12,15.94,-58.18,0.24,0.81,True,-1000.0,-1500.0,-1500.0,-211.2,-100.0,-100.0,-100.0,-21.12,O:IWM260109C00261000,O:IWM260109P00255000,True,09:30
IWM,2026-01-09,Vie,combined,30,10:02,09:30-10:30,353,PUT,-46.71,-11.59,-81.82,0.11,0.7,True,-1000.0,-1500.0,-1500.0,-467.06,-100.0,-100.0,-100.0,-46.71,O:IWM260109C00261000,O:IWM260109P00255000,True,09:30
IWM,2026-01-09,Vie,combined,40,10:02,09:30-10:30,353,PUT,-46.71,-11.59,-81.82,0.11,0.7,True,-1000.0,-1500.0,-1500.0,-467.06,-100.0,-100.0,-100.0,-46.71,O:IWM260109C00261000,O:IWM260109P00255000,True,09:30
IWM,2026-01-09,Vie,combined,50,10:03,09:30-10:30,352,PUT,-66.63,-55.07,-78.18,0.14,0.33,True,-1000.0,-1500.0,-1500.0,-666.27,-100.0,-100.0,-100.0,-66.63,O:IWM260109C00261000,O:IWM260109P00255000,True,09:30
IWM,2026-01-09,Vie,combined,60,10:03,09:30-10:30,352,PUT,-66.63,-55.07,-78.18,0.14,0.33,True,-1000.0,-1500.0,-1500.0,-666.27,-100.0,-100.0,-100.0,-66.63,O:IWM260109C00261000,O:IWM260109P00255000,True,09:30
IWM,2026-01-09,Vie,leg,20,09:30,09:30-10:30,385,PUT,-12.27,46.38,-70.91,0.18,1.03,True,-1000.0,-1500.0,-1500.0,-854.55,-100.0,-100.0,-100.0,-85.45,O:IWM260109C00261000,O:IWM260109P00255000,True,09:30
IWM,2026-01-09,Vie,leg,30,09:30,09:30-10:30,385,PUT,-12.27,46.38,-70.91,0.18,1.03,True,-1000.0,-1500.0,-1500.0,-854.55,-100.0,-100.0,-100.0,-85.45,O:IWM260109C00261000,O:IWM260109P00255000,True,09:30
IWM,2026-01-09,Vie,leg,40,09:30,09:30-10:30,385,PUT,-12.27,46.38,-70.91,0.18,1.03,True,-1000.0,-1500.0,-1500.0,-854.55,-100.0,-100.0,-100.0,-85.45,O:IWM260109C00261000,O:IWM260109P00255000,True,09:30
IWM,2026-01-09,Vie,leg,50,09:30,09:30-10:30,385,PUT,-12.27,46.38,-70.91,0.18,1.03,True,-1000.0,-1500.0,-1500.0,-854.55,-100.0,-100.0,-100.0,-85.45,O:IWM260109C00261000,O:IWM260109P00255000,True,09:30
IWM,2026-01-09,Vie,leg,60,09:30,09:30-10:30,385,PUT,-12.27,46.38,-70.91,0.18,1.03,True,-1000.0,-1500.0,-1500.0,-854.55,-100.0,-100.0,-100.0,-85.45,O:IWM260109C00261000,O:IWM260109P00255000,True,09:30
QQQ,2026-01-12,Lun,combined,20,09:45,09:30-10:30,370,PUT,-25.49,0.0,-50.98,0.26,0.44,True,-360.47,-860.47,-235.47,-254.9,-36.05,-57.36,-15.7,-25.49,O:QQQ260112C00627000,O:QQQ260112P00619000,True,09:30
QQQ,2026-01-12,Lun,combined,30,10:33,10:30-12:00,322,PUT,-33.77,6.98,-74.51,0.14,0.47,True,-360.47,-860.47,-275.36,-337.67,-36.05,-57.36,-18.36,-33.77,O:QQQ260112C00627000,O:QQQ260112P00619000,True,09:30
QQQ,2026-01-12,Lun,combined,40,10:45,10:30-12:00,310,PUT,-44.23,-13.95,-74.51,0.14,0.38,True,-360.47,-860.47,-136.78,-442.32,-36.05,-57.36,-9.12,-44.23,O:QQQ260112C00627000,O:QQQ260112P00619000,True,09:30
QQQ,2026-01-12,Lun,leg,20,09:31,09:30-10:30,384,PUT,5.68,34.88,-23.53,0.41,0.59,True,-360.47,-860.47,-394.36,21.89,-36.05,-57.36,-26.29,2.19,O:QQQ260112C00627000,O:QQQ260112P00619000,True,09:30
QQQ,2026-01-12,Lun,leg,30,09:33,09:30-10:30,382,PUT,-0.57,30.23,-31.37,0.36,0.57,True,-360.47,-860.47,-378.01,-17.33,-36.05,-57.36,-25.2,-1.73,O:QQQ260112C00627000,O:QQQ260112P00619000,True,09:30
QQQ,2026-01-12,Lun,leg,40,09:34,09:30-10:30,381,PUT,7.5,58.14,-43.14,0.3,0.69,True,-360.47,-860.47,-461.91,-76.15,-36.05,-57.36,-30.79,-7.62,O:QQQ260112C00627000,O:QQQ260112P00619000,True,09:30
QQQ,2026-01-12,Lun,leg,50,09:38,09:30-10:30,377,PUT,14.23,81.4,-52.94,0.25,0.79,True,-360.47,-860.47,-512.36,-125.17,-36.05,-57.36,-34.16,-12.52,O:QQQ260112C00627000,O:QQQ260112P00619000,True,09:30
QQQ,2026-01-12,Lun,leg,60,09:43,09:30-10:30,372,PUT,-7.14,46.51,-60.78,0.21,0.64,True,-360.47,-860.47,-430.78,-164.39,-36.05,-57.36,-28.72,-16.44,O:QQQ260112C00627000,O:QQQ260112P00619000,True,09:30
SPY,2026-01-12,Lun,leg,20,09:32,09:30-10:30,383,PUT,-1.88,18.75,-22.5,0.32,0.39,True,1187.5,687.5,2482.37,1575.0,118.75,45.83,165.49,157.5,O:SPY260112C00694000,O:SPY260112P00688000,True,09:30
SPY,2026-01-12,Lun,leg,30,09:36,09:30-10:30,379,PUT,6.88,56.25,-42.5,0.24,0.51,True,1187.5,687.5,2060.05,1475.0,118.75,45.83,137.34,147.5,O:SPY260112C00694000,O:SPY260112P00688000,True,09:30
SPY,2026-01-12,Lun,leg,40,09:36,09:30-10:30,379,PUT,6.88,56.25,-42.5,0.24,0.51,True,1187.5,687.5,2060.05,1475.0,118.75,45.83,137.34,147.5,O:SPY260112C00694000,O:SPY260112P00688000,True,09:30
SPY,2026-01-12,Lun,leg,50,09:41,09:30-10:30,374,PUT,19.38,93.75,-55.0,0.19,0.63,True,1187.5,687.5,1798.61,1412.5,118.75,45.83,119.91,141.25,O:SPY260112C00694000,O:SPY260112P00688000,True,09:30
SPY,2026-01-12,Lun,leg,60,09:50,09:30-10:30,365,PUT,25.0,112.5,-62.5,0.16,0.69,True,1187.5,687.5,1701.99,1375.0,118.75,45.83,113.47,137.5,O:SPY260112C00694000,O:SPY260112P00688000,True,09:30
IWM,2026-01-12,Lun,combined,20,10:08,09:30-10:30,347,PUT,-20.94,9.84,-51.72,0.29,0.68,True,1057.38,557.38,2402.97,-209.44,105.74,37.16,160.2,-20.94,O:IWM260112C00259000,O:IWM260112P00258000,True,09:31
IWM,2026-01-12,Lun,combined,30,10:21,09:30-10:30,334,PUT,-30.0,-6.56,-53.45,0.28,0.58,True,1057.38,557.38,2721.17,-300.03,105.74,37.16,181.41,-30.0,O:IWM260112C00259000,O:IWM260112P00258000,True,09:31
IWM,2026-01-12,Lun,leg,20,09:36,09:30-10:30,379,PUT,-3.18,22.95,-29.31,0.42,0.76,True,1057.38,557.38,2208.69,1410.83,105.74,37.16,147.25,141.08,O:IWM260112C00259000,O:IWM260112P00258000,True,09:31
IWM,2026-01-12,Lun,leg,30,09:38,09:30-10:30,377,PUT,-4.9,22.95,-32.76,0.4,0.76,True,1057.38,557.38,2208.69,1393.58,105.74,37.16,147.25,139.36,O:IWM260112C00259000,O:IWM260112P00258000,True,09:31
IWM,2026-01-12,Lun,leg,40,09:39,09:30-10:30,376,PUT,-0.33,45.9,-46.55,0.32,0.9,True,1057.38,557.38,1951.82,1324.62,105.74,37.16,130.12,132.46,O:IWM260112C00259000,O:IWM260112P00258000,True,09:31
IWM,2026-01-12,Lun,leg,50,09:40,09:30-10:30,375,PUT,-0.45,50.82,-51.72,0.29,0.93,True,1057.38,557.38,1906.84,1298.76,105.74,37.16,127.12,129.88,O:IWM260112C00259000,O:IWM260112P00258000,True,09:31
IWM,2026-01-12,Lun,leg,60,09:41,09:30-10:30,374,PUT,20.44,109.84,-68.97,0.19,1.3,True,1057.38,557.38,1522.76,1212.55,105.74,37.16,101.52,121.25,O:IWM260112C00259000,O:IWM260112P00258000,True,09:31
QQQ,2026-01-13,Mar,combined,20,09:30,09:30-10:30,385,PUT,-30.82,-2.7,-58.93,0.24,0.37,True,-991.07,-1470.24,-1491.07,-308.16,-99.11,-98.02,-99.4,-30.82,O:QQQ260113C00631000,O:QQQ260113P00622000,True,09:30
QQQ,2026-01-13,Mar,combined,30,09:30,09:30-10:30,385,PUT,-30.82,-2.7,-58.93,0.24,0.37,True,-991.07,-1470.24,-1491.07,-308.16,-99.11,-98.02,-99.4,-30.82,O:QQQ260113C00631000,O:QQQ260113P00622000,True,09:30
QQQ,2026-01-13,Mar,combined,40,09:33,09:30-10:30,382,PUT,-42.98,-27.03,-58.93,0.24,0.28,True,-991.07,-1470.24,-1491.07,-429.78,-99.11,-98.02,-99.4,-42.98,O:QQQ260113C00631000,O:QQQ260113P00622000,True,09:30
QQQ,2026-01-13,Mar,combined,50,09:55,09:30-10:30,360,PUT,-51.52,-40.54,-62.5,0.22,0.23,True,-991.07,-1468.34,-1491.07,-515.2,-99.11,-97.89,-99.4,-51.52,O:QQQ260113C00631000,O:QQQ260113P00622000,True,09:30
QQQ,2026-01-13,Mar,combined,60,10:36,10:30-12:00,319,CALL,-60.64,-83.78,-37.5,0.07,0.36,True,-991.07,-1491.07,-1477.18,-606.42,-99.11,-99.4,-98.48,-60.64,O:QQQ260113C00631000,O:QQQ260113P00622000,True,09:30
QQQ,2026-01-13,Mar,leg,20,09:30,09:30-10:30,385,PUT,-30.82,-2.7,-58.93,0.24,0.37,True,-991.07,-1470.24,-1491.07,-794.64,-99.11,-98.02,-99.4,-79.46,O:QQQ260113C00631000,O:QQQ260113P00622000,True,09:30
QQQ,2026-01-13,Mar,leg,30,09:30,09:30-10:30,385,PUT,-30.82,-2.7,-58.93,0.24,0.37,True,-991.07,-1470.24,-1491.07,-794.64,-99.11,-98.02,-99.4,-79.46,O:QQQ260113C00631000,O:QQQ260113P00622000,True,09:30
QQQ,2026-01-13,Mar,leg,40,09:30,09:30-10:30,385,PUT,-30.82,-2.7,-58.93,0.24,0.37,True,-991.07,-1470.24,-1491.07,-794.64,-99.11,-98.02,-99.4,-79.46,O:QQQ260113C00631000,O:QQQ260113P00622000,True,09:30
QQQ,2026-01-13,Mar,leg,50,09:30,09:30-10:30,385,PUT,-30.82,-2.7,-58.93,0.24,0.37,True,-991.07,-1470.24,-1491.07,-794.64,-99.11,-98.02,-99.4,-79.46,O:QQQ260113C00631000,O:QQQ260113P00622000,True,09:30
QQQ,2026-01-13,Mar,leg,60,09:34,09:30-10:30,381,PUT,-35.28,-2.7,-67.86,0.19,0.37,True,-991.07,-1464.76,-1491.07,-839.29,-99.11,-97.65,-99.4,-83.93,O:QQQ260113C00631000,O:QQQ260113P00622000,True,09:30
SPY,2026-01-13,Mar,combined,20,11:13,10:30-12:00,282,CALL,-20.58,-87.1,45.95,0.05,0.55,True,-864.86,-1364.86,-1273.96,-205.75,-86.49,-90.99,-84.93,-20.58,O:SPY260113C00698000,O:SPY260113P00693000,True,09:31
SPY,2026-01-13,Mar,combined,30,11:15,10:30-12:00,280,CALL,-30.03,-87.1,27.03,0.05,0.48,True,-864.86,-1364.86,-1260.7,-300.35,-86.49,-90.99,-84.05,-30.03,O:SPY260113C00698000,O:SPY260113P00693000,True,09:31
SPY,2026-01-13,Mar,combined,40,11:35,10:30-12:00,260,CALL,-41.37,-93.55,10.81,0.03,0.42,True,-864.86,-1364.86,-1245.82,-413.69,-86.49,-90.99,-83.05,-41.37,O:SPY260113C00698000,O:SPY260113P00693000,True,09:31
SPY,2026-01-13,Mar,combined,50,11:42,10:30-12:00,253,CALL,-57.32,-90.32,-24.32,0.04,0.29,True,-864.86,-1364.86,-1192.45,-573.23,-86.49,-90.99,-79.5,-57.32,O:SPY260113C00698000,O:SPY260113P00693000,True,09:31
SPY,2026-01-13,Mar,combined,60,11:43,10:30-12:00,252,CALL,-62.73,-90.32,-35.14,0.04,0.25,True,-864.86,-1364.86,-1164.86,-627.29,-86.49,-90.99,-77.66,-62.73,O:SPY260113C00698000,O:SPY260113P00693000,True,09:31
SPY,2026-01-13,Mar,leg,20,09:32,09:30-10:30,383,CALL,-3.18,-22.58,16.22,0.25,0.44,True,-864.86,-1364.86,-1251.23,-477.77,-86.49,-90.99,-83.42,-47.78,O:SPY260113C00698000,O:SPY260113P00693000,True,09:31
SPY,2026-01-13,Mar,leg,30,09:43,09:30-10:30,372,CALL,-3.14,-38.71,32.43,0.2,0.5,True,-864.86,-1364.86,-1264.86,-558.41,-86.49,-90.99,-84.32,-55.84,O:SPY260113C00698000,O:SPY260113P00693000,True,09:31
SPY,2026-01-13,Mar,leg,40,09:45,09:30-10:30,370,CALL,3.1,-45.16,51.35,0.18,0.57,True,-864.86,-1364.86,-1277.15,-590.67,-86.49,-90.99,-85.14,-59.07,O:SPY260113C00698000,O:SPY260113P00693000,True,09:31
SPY,2026-01-13,Mar,leg,50,09:48,09:30-10:30,367,CALL,6.1,-58.06,70.27,0.14,0.64,True,-864.86,-1364.86,-1286.74,-655.19,-86.49,-90.99,-85.78,-65.52,O:SPY260113C00698000,O:SPY260113P00693000,True,09:31
SPY,2026-01-13,Mar,leg,60,09:49,09:30-10:30,366,CALL,-3.62,-61.29,54.05,0.13,0.58,True,-864.86,-1364.86,-1278.66,-671.32,-86.49,-90.99,-85.24,-67.13,O:SPY260113C00698000,O:SPY260113P00693000,True,09:31
IWM,2026-01-13,Mar,combined,20,10:40,10:30-12:00,315,CALL,-22.04,-56.14,12.07,0.26,0.66,True,-353.45,-853.45,-285.27,-220.36,-35.34,-56.9,-19.02,-22.04,O:IWM260113C00263000,O:IWM260113P00262000,True,09:30
IWM,2026-01-13,Mar,combined,30,11:53,10:30-12:00,242,CALL,-30.07,-87.72,27.59,0.08,0.75,True,-353.45,-853.45,-353.45,-300.67,-35.34,-56.9,-23.56,-30.07,O:IWM260113C00263000,O:IWM260113P00262000,True,09:30
IWM,2026-01-13,Mar,combined,40,12:14,12:00-13:30,221,CALL,-43.84,-85.96,-1.72,0.09,0.58,True,-353.45,-853.45,-206.9,-438.45,-35.34,-56.9,-13.79,-43.84,O:IWM260113C00263000,O:IWM260113P00262000,True,09:30
IWM,2026-01-13,Mar,combined,50,12:22,12:00-13:30,213,CALL,-52.39,-77.19,-27.59,0.14,0.43,True,-353.45,-853.45,18.64,-523.9,-35.34,-56.9,1.24,-52.39,O:IWM260113C00263000,O:IWM260113P00262000,True,09:30
IWM,2026-01-13,Mar,combined,60,13:31,13:30-15:55,144,CALL,-60.19,-82.46,-37.93,0.11,0.37,True,-353.45,-853.45,160.07,-601.94,-35.34,-56.9,10.67,-60.19,O:IWM260113C00263000,O:IWM260113P00262000,True,09:30
IWM,2026-01-13,Mar,leg,20,09:36,09:30-10:30,379,CALL,3.24,-24.56,31.03,0.44,0.77,True,-353.45,-853.45,-366.44,23.74,-35.34,-56.9,-24.43,2.37,O:IWM260113C00263000,O:IWM260113P00262000,True,09:30
IWM,2026-01-13,Mar,leg,30,09:37,09:30-10:30,378,CALL,6.58,-36.84,50.0,0.37,0.88,True,-353.45,-853.45,-427.31,-37.66,-35.34,-56.9,-28.49,-3.77,O:IWM260113C00263000,O:IWM260113P00262000,True,09:30
IWM,2026-01-13,Mar,leg,40,09:38,09:30-10:30,377,CALL,12.54,-45.61,70.69,0.32,1.0,True,-353.45,-853.45,-478.45,-81.52,-35.34,-56.9,-31.9,-8.15,O:IWM260113C00263000,O:IWM260113P00262000,True,09:30
IWM,2026-01-13,Mar,leg,50,09:43,09:30-10:30,372,CALL,2.12,-54.39,58.62,0.27,0.93,True,-353.45,-853.45,-450.22,-125.38,-35.34,-56.9,-30.01,-12.54,O:IWM260113C00263000,O:IWM260113P00262000,True,09:30
IWM,2026-01-13,Mar,leg,60,09:54,09:30-10:30,361,CALL,22.73,-63.16,108.62,0.22,1.22,True,-353.45,-853.45,-546.07,-169.24,-35.34,-56.9,-36.4,-16.92,O:IWM260113C00263000,O:IWM260113P00262000,True,09:30
QQQ,2026-01-14,Mié,combined,20,10:12,09:30-10:30,343,CALL,-27.98,-64.29,8.33,0.22,0.56,True,-989.58,-1489.58,-1480.65,-279.76,-98.96,-99.31,-98.71,-27.98,O:QQQ260114C00626000,O:QQQ260114P00616000,True,09:31
QQQ,2026-01-14,Mié,combined,30,10:13,09:30-10:30,342,CALL,-33.48,-60.71,-6.25,0.23,0.47,True,-989.58,-1489.58,-1478.95,-334.82,-98.96,-99.31,-98.6,-33.48,O:QQQ260114C00626000,O:QQQ260114P00616000,True,09:31
QQQ,2026-01-14,Mié,combined,40,10:14,09:30-10:30,341,CALL,-41.22,-55.36,-27.08,0.26,0.36,True,-989.58,-1489.58,-1475.69,-412.2,-98.96,-99.31,-98.38,-41.22,O:QQQ260114C00626000,O:QQQ260114P00616000,True,09:31
QQQ,2026-01-14,Mié,combined,50,14:22,13:30-15:55,93,CALL,-51.19,-98.21,-4.17,0.02,0.47,True,-989.58,-1489.58,-1478.95,-511.9,-98.96,-99.31,-98.6,-51.19,O:QQQ260114C00626000,O:QQQ260114P00616000,True,09:31
QQQ,2026-01-14,Mié,combined,60,14:40,13:30-15:55,75,CALL,-63.69,-98.21,-29.17,0.02,0.35,True,-989.58,-1489.58,-1475.3,-636.9,-98.96,-99.31,-98.35,-63.69,O:QQQ260114C00626000,O:QQQ260114P00616000,True,09:31
QQQ,2026-01-14,Mié,leg,20,09:32,09:30-10:30,383,CALL,11.16,-21.43,43.75,0.45,0.7,True,-989.58,-1489.58,-1482.44,-596.73,-98.96,-99.31,-98.83,-59.67,O:QQQ260114C00626000,O:QQQ260114P00616000,True,09:31
QQQ,2026-01-14,Mié,leg,30,09:42,09:30-10:30,373,CALL,26.49,-30.36,83.33,0.4,0.89,True,-989.58,-1489.58,-1483.97,-641.37,-98.96,-99.31,-98.93,-64.14,O:QQQ260114C00626000,O:QQQ260114P00616000,True,09:31
QQQ,2026-01-14,Mié,leg,40,09:44,09:30-10:30,371,CALL,34.67,-41.07,110.42,0.34,1.02,True,-989.58,-1489.58,-1484.68,-694.94,-98.96,-99.31,-98.98,-69.49,O:QQQ260114C00626000,O:QQQ260114P00616000,True,09:31
QQQ,2026-01-14,Mié,leg,50,09:53,09:30-10:30,362,CALL,28.12,-50.0,106.25,0.29,1.0,True,-989.58,-1489.58,-1484.58,-739.58,-98.96,-99.31,-98.97,-73.96,O:QQQ260114C00626000,O:QQQ260114P00616000,True,09:31
QQQ,2026-01-14,Mié,leg,60,10:02,09:30-10:30,353,CALL,87.35,-60.71,235.42,0.23,1.62,True,-989.58,-1489.58,-1486.5,-793.15,-98.96,-99.31,-99.1,-79.32,O:QQQ260114C00626000,O:QQQ260114P00616000,True,09:31
SPY,2026-01-14,Mié,combined,20,10:14,09:30-10:30,341,CALL,-22.04,-59.46,15.38,0.16,0.47,True,-974.36,-1474.36,-1453.08,-220.37,-97.44,-98.29,-96.87,-22.04,O:SPY260114C00695000,O:SPY260114P00688000,True,09:30
SPY,2026-01-14,Mié,combined,30,14:30,13:30-15:55,85,CALL,-33.26,-97.3,30.77,0.02,0.52,True,-974.36,-1474.36,-1455.13,-332.64,-97.44,-98.29,-97.01,-33.26,O:SPY260114C00695000,O:SPY260114P00688000,True,09:30
SPY,2026-01-14,Mié,combined,40,14:47,13:30-15:55,68,CALL,-40.96,-97.3,15.38,0.02,0.46,True,-974.36,-1474.36,-1452.62,-409.56,-97.44,-98.29,-96.84,-40.96,O:SPY260114C00695000,O:SPY260114P00688000,True,09:30
SPY,2026-01-14,Mié,combined,50,14:50,13:30-15:55,65,CALL,-51.21,-97.3,-5.13,0.02,0.38,True,-974.36,-1474.36,-1448.04,-512.13,-97.44,-98.29,-96.54,-51.21,O:SPY260114C00695000,O:SPY260114P00688000,True,09:30
SPY,2026-01-14,Mié,combined,60,15:05,13:30-15:55,50,CALL,-60.19,-97.3,-23.08,0.02,0.31,True,-974.36,-1474.36,-1442.1,-601.87,-97.44,-98.29,-96.14,-60.19,O:SPY260114C00695000,O:SPY260114P00688000,True,09:30
SPY,2026-01-14,Mié,leg,20,09:32,09:30-10:30,383,CALL,72.38,-27.03,171.79,0.28,1.07,True,-974.36,-1474.36,-1465.01,-609.49,-97.44,-98.29,-97.67,-60.95,O:SPY260114C00695000,O:SPY260114P00688000,True,09:30
SPY,2026-01-14,Mié,leg,30,09:44,09:30-10:30,371,CALL,96.53,-35.14,228.21,0.25,1.29,True,-974.36,-1474.36,-1466.61,-650.03,-97.44,-98.29,-97.77,-65.0,O:SPY260114C00695000,O:SPY260114P00688000,True,09:30
SPY,2026-01-14,Mié,leg,40,09:45,09:30-10:30,370,CALL,106.65,-40.54,253.85,0.23,1.39,True,-974.36,-1474.36,-1467.16,-677.06,-97.44,-98.29,-97.81,-67.71,O:SPY260114C00695000,O:SPY260114P00688000,True,09:30
SPY,2026-01-14,Mié,leg,50,10:00,09:30-10:30,355,CALL,174.32,-51.35,400.0,0.19,1.99,True,-974.36,-1474.36,-1469.33,-731.12,-97.44,-98.29,-97.96,-73.11,O:SPY260114C00695000,O:SPY260114P00688000,True,09:30
SPY,2026-01-14,Mié,leg,60,10:15,09:30-10:30,340,CALL,-10.57,-62.16,41.03,0.15,0.56,True,-974.36,-1474.36,-1456.5,-785.17,-97.44,-98.29,-97.1,-78.52,O:SPY260114C00695000,O:SPY260114P00688000,True,09:30
IWM,2026-01-14,Mié,combined,20,10:11,09:30-10:30,344,CALL,-32.81,-45.28,-20.34,0.34,0.52,True,-886.79,-1210.32,-1386.79,-328.11,-88.68,-80.69,-92.45,-32.81,O:IWM260114C00263000,O:IWM260114P00260000,True,09:30
IWM,2026-01-14,Mié,combined,30,10:11,09:30-10:30,344,CALL,-32.81,-45.28,-20.34,0.34,0.52,True,-886.79,-1210.32,-1386.79,-328.11,-88.68,-80.69,-92.45,-32.81,O:IWM260114C00263000,O:IWM260114P00260000,True,09:30
IWM,2026-01-14,Mié,combined,40,10:12,09:30-10:30,343,PUT,-53.44,-50.94,-55.93,0.29,0.29,True,-886.79,-1386.79,-1179.9,-534.38,-88.68,-92.45,-78.66,-53.44,O:IWM260114C00263000,O:IWM260114P00260000,True,09:30
IWM,2026-01-14,Mié,combined,50,10:12,09:30-10:30,343,PUT,-53.44,-50.94,-55.93,0.29,0.29,True,-886.79,-1386.79,-1179.9,-534.38,-88.68,-92.45,-78.66,-53.44,O:IWM260114C00263000,O:IWM260114P00260000,True,09:30
IWM,2026-01-14,Mié,combined,60,10:26,09:30-10:30,329,PUT,-60.31,-52.83,-67.8,0.2,0.26,True,-886.79,-1386.79,-1156.02,-603.13,-88.68,-92.45,-77.07,-60.31,O:IWM260114C00263000,O:IWM260114P00260000,True,09:30
IWM,2026-01-14,Mié,leg,20,09:31,09:30-10:30,384,CALL,1.1,-28.3,30.51,0.39,0.78,True,-886.79,-1232.95,-1386.79,-641.51,-88.68,-82.2,-92.45,-64.15,O:IWM260114C00263000,O:IWM260114P00260000,True,09:30
IWM,2026-01-14,Mié,leg,30,09:32,09:30-10:30,383,CALL,9.19,-35.85,54.24,0.35,0.92,True,-886.79,-1215.36,-1386.79,-679.25,-88.68,-81.02,-92.45,-67.92,O:IWM260114C00263000,O:IWM260114P00260000,True,09:30
IWM,2026-01-14,Mié,leg,40,09:39,09:30-10:30,376,CALL,3.34,-50.94,57.63,0.27,0.94,True,-886.79,-1164.57,-1386.79,-754.72,-88.68,-77.64,-92.45,-75.47,O:IWM260114C00263000,O:IWM260114P00260000,True,09:30
IWM,2026-01-14,Mié,leg,50,09:39,09:30-10:30,376,CALL,3.34,-50.94,57.63,0.27,0.94,True,-886.79,-1164.57,-1386.79,-754.72,-88.68,-77.64,-92.45,-75.47,O:IWM260114C00263000,O:IWM260114P00260000,True,09:30
IWM,2026-01-14,Mié,leg,60,09:45,09:30-10:30,370,CALL,4.56,-60.38,69.49,0.22,1.02,True,-886.79,-1114.07,-1386.79,-801.89,-88.68,-74.27,-92.45,-80.19,O:IWM260114C00263000,O:IWM260114P00260000,True,09:30
QQQ,2026-01-15,Jue,combined,20,09:49,09:30-10:30,366,CALL,-24.33,-27.5,-21.15,0.3,0.42,True,-307.69,-807.69,49.45,-243.27,-30.77,-53.85,3.3,-24.33,O:QQQ260115C00629000,O:QQQ260115P00622000,True,09:30
QQQ,2026-01-15,Jue,combined,30,09:58,09:30-10:30,357,CALL,-30.77,-50.0,-11.54,0.21,0.47,True,-307.69,-807.69,-41.73,-307.69,-30.77,-53.85,-2.78,-30.77,O:QQQ260115C00629000,O:QQQ260115P00622000,True,09:30
QQQ,2026-01-15,Jue,combined,40,10:11,09:30-10:30,344,CALL,-40.58,-60.0,-21.15,0.17,0.42,True,-307.69,-807.69,49.45,-405.77,-30.77,-53.85,3.3,-40.58,O:QQQ260115C00629000,O:QQQ260115P00622000,True,09:30
QQQ,2026-01-15,Jue,combined,50,10:31,10:30-12:00,324,CALL,-50.1,-67.5,-32.69,0.14,0.36,True,-307.69,-807.69,192.31,-500.96,-30.77,-53.85,12.82,-50.1,O:QQQ260115C00629000,O:QQQ260115P00622000,True,09:30
QQQ,2026-01-15,Jue,combined,60,11:10,10:30-12:00,285,CALL,-60.67,-67.5,-53.85,0.14,0.25,True,-307.69,-807.69,632.31,-606.73,-30.77,-53.85,42.15,-60.67,O:QQQ260115C00629000,O:QQQ260115P00622000,True,09:30
QQQ,2026-01-15,Jue,leg,20,09:34,09:30-10:30,381,CALL,-10.29,-22.5,1.92,0.32,0.54,True,-307.69,-807.69,-141.03,79.81,-30.77,-53.85,-9.4,7.98,O:QQQ260115C00629000,O:QQQ260115P00622000,True,09:30
QQQ,2026-01-15,Jue,leg,30,09:37,09:30-10:30,378,CALL,-10.48,-32.5,11.54,0.28,0.59,True,-307.69,-807.69,-197.52,29.81,-30.77,-53.85,-13.17,2.98,O:QQQ260115C00629000,O:QQQ260115P00622000,True,09:30
QQQ,2026-01-15,Jue,leg,40,09:38,09:30-10:30,377,CALL,-7.79,-42.5,26.92,0.24,0.67,True,-307.69,-807.69,-270.38,-20.19,-30.77,-53.85,-18.03,-2.02,O:QQQ260115C00629000,O:QQQ260115P00622000,True,09:30
QQQ,2026-01-15,Jue,leg,50,09:50,09:30-10:30,365,CALL,-16.35,-50.0,17.31,0.21,0.62,True,-307.69,-807.69,-227.05,-57.69,-30.77,-53.85,-15.14,-5.77,O:QQQ260115C00629000,O:QQQ260115P00622000,True,09:30
QQQ,2026-01-15,Jue,leg,60,10:03,09:30-10:30,352,CALL,-31.92,-60.0,-3.85,0.17,0.51,True,-307.69,-807.69,-101.81,-107.69,-30.77,-53.85,-6.79,-10.77,O:QQQ260115C00629000,O:QQQ260115P00622000,True,09:30
SPY,2026-01-15,Jue,combined,20,09:54,09:30-10:30,361,CALL,-20.89,-24.39,-17.39,0.32,0.39,True,-923.91,-1423.91,-1334.17,-208.91,-92.39,-94.93,-88.94,-20.89,O:SPY260115C00696000,O:SPY260115P00691000,True,09:30
SPY,2026-01-15,Jue,combined,30,10:05,09:30-10:30,350,CALL,-30.91,-48.78,-13.04,0.22,0.41,True,-923.91,-1423.91,-1338.55,-309.12,-92.39,-94.93,-89.24,-30.91,O:SPY260115C00696000,O:SPY260115P00691000,True,09:30
SPY,2026-01-15,Jue,combined,40,10:20,09:30-10:30,335,CALL,-40.43,-43.9,-36.96,0.24,0.3,True,-923.91,-1423.91,-1307.25,-404.29,-92.39,-94.93,-87.15,-40.43,O:SPY260115C00696000,O:SPY260115P00691000,True,09:30
SPY,2026-01-15,Jue,combined,50,11:11,10:30-12:00,284,PUT,-51.03,-39.02,-63.04,0.18,0.26,True,-923.91,-1229.47,-1423.91,-510.34,-92.39,-81.96,-94.93,-51.03,O:SPY260115C00696000,O:SPY260115P00691000,True,09:30
SPY,2026-01-15,Jue,combined,60,12:15,12:00-13:30,220,PUT,-62.3,-46.34,-78.26,0.11,0.23,True,-923.91,-1105.73,-1423.91,-623.01,-92.39,-73.72,-94.93,-62.3,O:SPY260115C00696000,O:SPY260115P00691000,True,09:30
SPY,2026-01-15,Jue,leg,20,09:38,09:30-10:30,377,CALL,-10.98,-21.95,0.0,0.33,0.47,True,-923.91,-1423.91,-1349.44,-533.67,-92.39,-94.93,-89.96,-53.37,O:SPY260115C00696000,O:SPY260115P00691000,True,09:30
SPY,2026-01-15,Jue,leg,30,09:48,09:30-10:30,367,PUT,-18.88,-7.32,-30.43,0.33,0.39,True,-923.91,-1317.85,-1423.91,-652.17,-92.39,-87.86,-94.93,-65.22,O:SPY260115C00696000,O:SPY260115P00691000,True,09:30
SPY,2026-01-15,Jue,leg,40,09:51,09:30-10:30,364,CALL,-13.39,-46.34,19.57,0.23,0.56,True,-923.91,-1423.91,-1361.41,-655.62,-92.39,-94.93,-90.76,-65.56,O:SPY260115C00696000,O:SPY260115P00691000,True,09:30
SPY,2026-01-15,Jue,leg,50,10:07,09:30-10:30,348,CALL,-29.27,-58.54,0.0,0.18,0.47,True,-923.91,-1423.91,-1349.44,-716.6,-92.39,-94.93,-89.96,-71.66,O:SPY260115C00696000,O:SPY260115P00691000,True,09:30
SPY,2026-01-15,Jue,leg,60,10:36,10:30-12:00,319,PUT,-35.31,-9.76,-60.87,0.19,0.38,True,-923.91,-1239.7,-1423.91,-804.35,-92.39,-82.65,-94.93,-80.43,O:SPY260115C00696000,O:SPY260115P00691000,True,09:30
IWM,2026-01-15,Jue,combined,20,09:32,09:30-10:30,383,PUT,-23.01,25.0,-71.01,0.21,0.46,True,-416.67,-916.67,-460.14,-230.07,-41.67,-61.11,-30.68,-23.01,O:IWM260115C00265000,O:IWM260115P00262000,True,09:30
IWM,2026-01-15,Jue,combined,30,09:33,09:30-10:30,382,PUT,-30.68,11.11,-72.46,0.2,0.42,True,-416.67,-916.67,-416.67,-306.76,-41.67,-61.11,-27.78,-30.68,O:IWM260115C00265000,O:IWM260115P00262000,True,09:30
IWM,2026-01-15,Jue,combined,40,09:43,09:30-10:30,372,PUT,-40.4,-8.33,-72.46,0.2,0.34,True,-416.67,-916.67,-299.02,-403.99,-41.67,-61.11,-19.93,-40.4,O:IWM260115C00265000,O:IWM260115P00262000,True,09:30
IWM,2026-01-15,Jue,leg,20,09:30,09:30-10:30,385,PUT,1.15,80.56,-78.26,0.16,0.67,True,-416.67,-916.67,-603.23,-307.97,-41.67,-61.11,-40.22,-30.8,O:IWM260115C00265000,O:IWM260115P00262000,True,09:30
IWM,2026-01-15,Jue,leg,30,09:30,09:30-10:30,385,PUT,1.15,80.56,-78.26,0.16,0.67,True,-416.67,-916.67,-603.23,-307.97,-41.67,-61.11,-40.22,-30.8,O:IWM260115C00265000,O:IWM260115P00262000,True,09:30
IWM,2026-01-15,Jue,leg,40,09:30,09:30-10:30,385,PUT,1.15,80.56,-78.26,0.16,0.67,True,-416.67,-916.67,-603.23,-307.97,-41.67,-61.11,-40.22,-30.8,O:IWM260115C00265000,O:IWM260115P00262000,True,09:30
IWM,2026-01-15,Jue,leg,50,09:30,09:30-10:30,385,PUT,1.15,80.56,-78.26,0.16,0.67,True,-416.67,-916.67,-603.23,-307.97,-41.67,-61.11,-40.22,-30.8,O:IWM260115C00265000,O:IWM260115P00262000,True,09:30
IWM,2026-01-15,Jue,leg,60,09:30,09:30-10:30,385,PUT,1.15,80.56,-78.26,0.16,0.67,True,-416.67,-916.67,-603.23,-307.97,-41.67,-61.11,-40.22,-30.8,O:IWM260115C00265000,O:IWM260115P00262000,True,09:30
QQQ,2026-01-16,Vie,combined,20,09:37,09:30-10:30,378,CALL,-21.38,-40.68,-2.08,0.36,0.48,True,-166.67,-666.67,166.67,-213.81,-16.67,-44.44,11.11,-21.38,O:QQQ260116C00628000,O:QQQ260116P00622000,True,09:30
QQQ,2026-01-16,Vie,combined,30,13:25,12:00-13:30,150,CALL,-30.4,-98.31,37.5,0.02,0.67,True,-166.67,-666.67,-69.65,-304.03,-16.67,-44.44,-4.64,-30.4,O:QQQ260116C00628000,O:QQQ260116P00622000,True,09:30
QQQ,2026-01-16,Vie,combined,40,14:03,13:30-15:55,112,CALL,-44.79,-100.0,10.42,0.01,0.54,False,-166.67,,,-447.92,-16.67,,,-44.79,O:QQQ260116C00628000,O:QQQ260116P00622000,True,09:30
QQQ,2026-01-16,Vie,combined,50,14:04,13:30-15:55,111,CALL,-56.25,-100.0,-12.5,0.01,0.44,False,-166.67,,,-562.5,-16.67,,,-56.25,O:QQQ260116C00628000,O:QQQ260116P00622000,True,09:30
QQQ,2026-01-16,Vie,combined,60,14:05,13:30-15:55,110,CALL,-60.42,-100.0,-20.83,0.01,0.39,False,-166.67,,,-604.17,-16.67,,,-60.42,O:QQQ260116C00628000,O:QQQ260116P00622000,True,09:30
QQQ,2026-01-16,Vie,leg,20,09:31,09:30-10:30,384,CALL,-3.73,-22.03,14.58,0.47,0.56,True,-166.67,-666.67,47.62,223.16,-16.67,-44.44,3.17,22.32,O:QQQ260116C00628000,O:QQQ260116P00622000,True,09:30
QQQ,2026-01-16,Vie,leg,30,09:32,09:30-10:30,383,CALL,-8.49,-44.07,27.08,0.34,0.62,True,-166.67,-666.67,-21.51,112.99,-16.67,-44.44,-1.43,11.3,O:QQQ260116C00628000,O:QQQ260116P00622000,True,09:30
QQQ,2026-01-16,Vie,leg,40,09:32,09:30-10:30,383,CALL,-8.49,-44.07,27.08,0.34,0.62,True,-166.67,-666.67,-21.51,112.99,-16.67,-44.44,-1.43,11.3,O:QQQ260116C00628000,O:QQQ260116P00622000,True,09:30
QQQ,2026-01-16,Vie,leg,50,09:41,09:30-10:30,374,CALL,-22.76,-55.93,10.42,0.27,0.54,True,-166.67,-666.67,74.07,53.67,-16.67,-44.44,4.94,5.37,O:QQQ260116C00628000,O:QQQ260116P00622000,True,09:30
QQQ,2026-01-16,Vie,leg,60,09:42,09:30-10:30,373,CALL,-23.22,-61.02,14.58,0.24,0.56,True,-166.67,-666.67,47.62,28.25,-16.67,-44.44,3.17,2.82,O:QQQ260116C00628000,O:QQQ260116P00622000,True,09:30
SPY,2026-01-16,Vie,combined,20,09:40,09:30-10:30,375,CALL,-21.45,-23.33,-19.57,0.24,0.38,True,-956.52,-1456.52,-1403.89,-214.49,-95.65,-97.1,-93.59,-21.45,O:SPY260116C00696000,O:SPY260116P00691000,True,09:30
SPY,2026-01-16,Vie,combined,30,11:08,10:30-12:00,287,CALL,-34.06,-83.33,15.22,0.06,0.54,True,-956.52,-1456.52,-1419.48,-340.58,-95.65,-97.1,-94.63,-34.06,O:SPY260116C00696000,O:SPY260116P00691000,True,09:30
SPY,2026-01-16,Vie,combined,40,11:10,10:30-12:00,285,CALL,-41.09,-80.0,-2.17,0.07,0.46,True,-956.52,-1456.52,-1413.04,-410.87,-95.65,-97.1,-94.2,-41.09,O:SPY260116C00696000,O:SPY260116P00691000,True,09:30
SPY,2026-01-16,Vie,combined,50,11:21,10:30-12:00,274,CALL,-50.36,-83.33,-17.39,0.06,0.4,True,-956.52,-1456.52,-1406.52,-503.62,-95.65,-97.1,-93.77,-50.36,O:SPY260116C00696000,O:SPY260116P00691000,True,09:30
SPY,2026-01-16,Vie,combined,60,11:36,10:30-12:00,259,CALL,-61.23,-83.33,-39.13,0.06,0.29,True,-956.52,-1456.52,-1387.56,-612.32,-95.65,-97.1,-92.5,-61.23,O:SPY260116C00696000,O:SPY260116P00691000,True,09:30
SPY,2026-01-16,Vie,leg,20,09:33,09:30-10:30,382,PUT,-9.2,3.33,-21.74,0.37,0.32,True,-956.52,-1402.47,-1456.52,-608.7,-95.65,-93.5,-97.1,-60.87,O:SPY260116C00696000,O:SPY260116P00691000,True,09:30
SPY,2026-01-16,Vie,leg,30,09:41,09:30-10:30,374,CALL,-25.94,-36.67,-15.22,0.2,0.4,True,-956.52,-1456.52,-1406.52,-639.86,-95.65,-97.1,-93.77,-63.99,O:SPY260116C00696000,O:SPY260116P00691000,True,09:30
SPY,2026-01-16,Vie,leg,40,09:43,09:30-10:30,372,CALL,-26.52,-40.0,-13.04,0.19,0.41,True,-956.52,-1456.52,-1407.74,-656.52,-95.65,-97.1,-93.85,-65.65,O:SPY260116C00696000,O:SPY260116P00691000,True,09:30
SPY,2026-01-16,Vie,leg,50,09:44,09:30-10:30,371,CALL,-22.83,-50.0,4.35,0.16,0.49,True,-956.52,-1456.52,-1415.71,-706.52,-95.65,-97.1,-94.38,-70.65,O:SPY260116C00696000,O:SPY260116P00691000,True,09:30
SPY,2026-01-16,Vie,leg,60,09:57,09:30-10:30,358,CALL,3.7,-60.0,67.39,0.13,0.78,True,-956.52,-1456.52,-1430.88,-756.52,-95.65,-97.1,-95.39,-75.65,O:SPY260116C00696000,O:SPY260116P00691000,True,09:30
IWM,2026-01-16,Vie,combined,20,09:30,09:30-10:30,385,PUT,-33.78,-29.63,-37.93,0.38,0.4,True,-991.38,-1478.22,-1491.38,-337.8,-99.14,-98.55,-99.43,-33.78,O:IWM260116C00267000,O:IWM260116P00264000,True,09:30
IWM,2026-01-16,Vie,combined,30,09:30,09:30-10:30,385,PUT,-33.78,-29.63,-37.93,0.38,0.4,True,-991.38,-1478.22,-1491.38,-337.8,-99.14,-98.55,-99.43,-33.78,O:IWM260116C00267000,O:IWM260116P00264000,True,09:30
IWM,2026-01-16,Vie,combined,40,09:32,09:30-10:30,383,PUT,-40.87,-35.19,-46.55,0.32,0.36,True,-991.38,-1475.75,-1491.38,-408.68,-99.14,-98.38,-99.43,-40.87,O:IWM260116C00267000,O:IWM260116P00264000,True,09:30
IWM,2026-01-16,Vie,combined,50,09:39,09:30-10:30,376,CALL,-53.61,-79.63,-27.59,0.12,0.43,True,-991.38,-1491.38,-1479.75,-536.08,-99.14,-99.43,-98.65,-53.61,O:IWM260116C00267000,O:IWM260116P00264000,True,09:30
IWM,2026-01-16,Vie,combined,60,10:31,10:30-12:00,324,CALL,-60.73,-61.11,-60.34,0.23,0.24,True,-991.38,-1491.38,-1470.55,-607.28,-99.14,-99.43,-98.04,-60.73,O:IWM260116C00267000,O:IWM260116P00264000,True,09:30
IWM,2026-01-16,Vie,leg,20,09:30,09:30-10:30,385,PUT,-33.78,-29.63,-37.93,0.38,0.4,True,-991.38,-1478.22,-1491.38,-689.66,-99.14,-98.55,-99.43,-68.97,O:IWM260116C00267000,O:IWM260116P00264000,True,09:30
IWM,2026-01-16,Vie,leg,30,09:30,09:30-10:30,385,PUT,-33.78,-29.63,-37.93,0.38,0.4,True,-991.38,-1478.22,-1491.38,-689.66,-99.14,-98.55,-99.43,-68.97,O:IWM260116C00267000,O:IWM260116P00264000,True,09:30
IWM,2026-01-16,Vie,leg,40,09:31,09:30-10:30,384,PUT,-35.98,-18.52,-53.45,0.28,0.45,True,-991.38,-1473.52,-1491.38,-767.24,-99.14,-98.23,-99.43,-76.72,O:IWM260116C00267000,O:IWM260116P00264000,True,09:30
IWM,2026-01-16,Vie,leg,50,09:31,09:30-10:30,384,PUT,-35.98,-18.52,-53.45,0.28,0.45,True,-991.38,-1473.52,-1491.38,-767.24,-99.14,-98.23,-99.43,-76.72,O:IWM260116C00267000,O:IWM260116P00264000,True,09:30
IWM,2026-01-16,Vie,leg,60,09:35,09:30-10:30,380,CALL,-46.14,-62.96,-29.31,0.21,0.42,True,-991.38,-1491.38,-1479.47,-806.19,-99.14,-99.43,-98.63,-80.62,O:IWM260116C00267000,O:IWM260116P00264000,True,09:30
QQQ,2026-01-20,Mar,combined,20,09:42,09:30-10:30,373,PUT,-20.24,-2.38,-38.1,0.27,0.42,True,-988.1,-1469.58,-1488.1,-202.38,-98.81,-97.97,-99.21,-20.24,O:QQQ260120C00619000,O:QQQ260120P00602000,True,09:30
QQQ,2026-01-20,Mar,combined,30,09:49,09:30-10:30,366,PUT,-30.95,-14.29,-47.62,0.23,0.37,True,-988.1,-1466.36,-1488.1,-309.52,-98.81,-97.76,-99.21,-30.95,O:QQQ260120C00619000,O:QQQ260120P00602000,True,09:30
QQQ,2026-01-20,Mar,combined,40,10:03,09:30-10:30,352,PUT,-40.48,-38.1,-42.86,0.25,0.27,True,-988.1,-1468.1,-1488.1,-404.76,-98.81,-97.87,-99.21,-40.48,O:QQQ260120C00619000,O:QQQ260120P00602000,True,09:30
QQQ,2026-01-20,Mar,combined,50,10:07,09:30-10:30,348,PUT,-60.71,-57.14,-64.29,0.16,0.19,True,-988.1,-1456.85,-1488.1,-607.14,-98.81,-97.12,-99.21,-60.71,O:QQQ260120C00619000,O:QQQ260120P00602000,True,09:30
QQQ,2026-01-20,Mar,combined,60,10:07,09:30-10:30,348,PUT,-60.71,-57.14,-64.29,0.16,0.19,True,-988.1,-1456.85,-1488.1,-607.14,-98.81,-97.12,-99.21,-60.71,O:QQQ260120C00619000,O:QQQ260120P00602000,True,09:30
QQQ,2026-01-20,Mar,leg,20,09:33,09:30-10:30,382,PUT,-9.52,11.9,-30.95,0.3,0.48,True,-988.1,-1471.43,-1488.1,-654.76,-98.81,-98.1,-99.21,-65.48,O:QQQ260120C00619000,O:QQQ260120P00602000,True,09:30
QQQ,2026-01-20,Mar,leg,30,09:33,09:30-10:30,382,PUT,-9.52,11.9,-30.95,0.3,0.48,True,-988.1,-1471.43,-1488.1,-654.76,-98.81,-98.1,-99.21,-65.48,O:QQQ260120C00619000,O:QQQ260120P00602000,True,09:30
QQQ,2026-01-20,Mar,leg,40,09:34,09:30-10:30,381,PUT,-3.57,35.71,-42.86,0.26,0.58,True,-988.1,-1468.86,-1488.1,-714.29,-98.81,-97.92,-99.21,-71.43,O:QQQ260120C00619000,O:QQQ260120P00602000,True,09:30
QQQ,2026-01-20,Mar,leg,50,09:44,09:30-10:30,371,PUT,-21.43,7.14,-50.0,0.22,0.46,True,-988.1,-1465.37,-1488.1,-750.0,-98.81,-97.69,-99.21,-75.0,O:QQQ260120C00619000,O:QQQ260120P00602000,True,09:30
QQQ,2026-01-20,Mar,leg,60,09:51,09:30-10:30,364,PUT,-22.62,16.67,-61.9,0.17,0.5,True,-988.1,-1458.68,-1488.1,-809.52,-98.81,-97.25,-99.21,-80.95,O:QQQ260120C00619000,O:QQQ260120P00602000,True,09:30
SPY,2026-01-20,Mar,combined,20,09:42,09:30-10:30,373,PUT,-20.52,-17.78,-23.26,0.34,0.38,True,-976.74,-1447.33,-1476.74,-205.17,-97.67,-96.49,-98.45,-20.52,O:SPY260120C00688000,O:SPY260120P00675000,True,09:30
SPY,2026-01-20,Mar,combined,30,10:05,09:30-10:30,350,CALL,-32.84,-37.78,-27.91,0.29,0.32,True,-976.74,-1476.74,-1445.49,-328.42,-97.67,-98.45,-96.37,-32.84,O:SPY260120C00688000,O:SPY260120P00675000,True,09:30
SPY,2026-01-20,Mar,combined,40,10:07,09:30-10:30,348,CALL,-46.43,-53.33,-39.53,0.22,0.27,True,-976.74,-1476.74,-1439.71,-464.34,-97.67,-98.45,-95.98,-46.43,O:SPY260120C00688000,O:SPY260120P00675000,True,09:30
SPY,2026-01-20,Mar,combined,50,10:09,09:30-10:30,346,CALL,-50.67,-71.11,-30.23,0.14,0.31,True,-976.74,-1476.74,-1444.49,-506.72,-97.67,-98.45,-96.3,-50.67,O:SPY260120C00688000,O:SPY260120P00675000,True,09:30
SPY,2026-01-20,Mar,combined,60,10:13,09:30-10:30,342,CALL,-62.25,-73.33,-51.16,0.13,0.22,True,-976.74,-1476.74,-1431.29,-622.48,-97.67,-98.45,-95.42,-62.25,O:SPY260120C00688000,O:SPY260120P00675000,True,09:30
SPY,2026-01-20,Mar,leg,20,09:32,09:30-10:30,383,CALL,-1.76,-24.44,20.93,0.35,0.53,True,-976.74,-1476.74,-1457.88,-598.97,-97.67,-98.45,-97.19,-59.9,O:SPY260120C00688000,O:SPY260120P00675000,True,09:30
SPY,2026-01-20,Mar,leg,30,09:43,09:30-10:30,372,PUT,-22.89,-15.56,-30.23,0.31,0.39,True,-976.74,-1444.49,-1476.74,-651.16,-97.67,-96.3,-98.45,-65.12,O:SPY260120C00688000,O:SPY260120P00675000,True,09:30
SPY,2026-01-20,Mar,leg,40,09:44,09:30-10:30,371,PUT,-23.26,0.0,-46.51,0.24,0.46,True,-976.74,-1435.08,-1476.74,-732.56,-97.67,-95.67,-98.45,-73.26,O:SPY260120C00688000,O:SPY260120P00675000,True,09:30
SPY,2026-01-20,Mar,leg,50,10:07,09:30-10:30,348,CALL,-46.43,-53.33,-39.53,0.22,0.27,True,-976.74,-1476.74,-1439.71,-743.41,-97.67,-98.45,-95.98,-74.34,O:SPY260120C00688000,O:SPY260120P00675000,True,09:30
SPY,2026-01-20,Mar,leg,60,10:08,09:30-10:30,347,CALL,-47.29,-66.67,-27.91,0.16,0.32,True,-976.74,-1476.74,-1445.49,-810.08,-97.67,-98.45,-96.37,-81.01,O:SPY260120C00688000,O:SPY260120P00675000,True,09:30
IWM,2026-01-20,Mar,combined,20,10:07,09:30-10:30,348,PUT,-56.7,-43.4,-70.0,0.23,0.4,True,-1000.0,-1500.0,-1500.0,-566.98,-100.0,-100.0,-100.0,-56.7,O:IWM260120C00264000,O:IWM260120P00260000,True,09:30
IWM,2026-01-20,Mar,combined,30,10:07,09:30-10:30,348,PUT,-56.7,-43.4,-70.0,0.23,0.4,True,-1000.0,-1500.0,-1500.0,-566.98,-100.0,-100.0,-100.0,-56.7,O:IWM260120C00264000,O:IWM260120P00260000,True,09:30
IWM,2026-01-20,Mar,combined,40,10:07,09:30-10:30,348,PUT,-56.7,-43.4,-70.0,0.23,0.4,True,-1000.0,-1500.0,-1500.0,-566.98,-100.0,-100.0,-100.0,-56.7,O:IWM260120C00264000,O:IWM260120P00260000,True,09:30
IWM,2026-01-20,Mar,combined,50,10:07,09:30-10:30,348,PUT,-56.7,-43.4,-70.0,0.23,0.4,True,-1000.0,-1500.0,-1500.0,-566.98,-100.0,-100.0,-100.0,-56.7,O:IWM260120C00264000,O:IWM260120P00260000,True,09:30
IWM,2026-01-20,Mar,combined,60,10:09,09:30-10:30,346,CALL,-61.82,-67.92,-55.71,0.18,0.32,True,-1000.0,-1500.0,-1500.0,-618.19,-100.0,-100.0,-100.0,-61.82,O:IWM260120C00264000,O:IWM260120P00260000,True,09:30
IWM,2026-01-20,Mar,leg,20,09:34,09:30-10:30,381,PUT,-15.23,-1.89,-28.57,0.51,0.53,True,-1000.0,-1500.0,-1500.0,-642.86,-100.0,-100.0,-100.0,-64.29,O:IWM260120C00264000,O:IWM260120P00260000,True,09:30
IWM,2026-01-20,Mar,leg,30,09:36,09:30-10:30,379,PUT,-11.25,13.21,-35.71,0.46,0.61,True,-1000.0,-1500.0,-1500.0,-678.57,-100.0,-100.0,-100.0,-67.86,O:IWM260120C00264000,O:IWM260120P00260000,True,09:30
IWM,2026-01-20,Mar,leg,40,09:37,09:30-10:30,378,PUT,-7.05,30.19,-44.29,0.41,0.7,True,-1000.0,-1500.0,-1500.0,-721.43,-100.0,-100.0,-100.0,-72.14,O:IWM260120C00264000,O:IWM260120P00260000,True,09:30
IWM,2026-01-20,Mar,leg,50,09:38,09:30-10:30,377,PUT,0.7,52.83,-51.43,0.35,0.82,True,-1000.0,-1500.0,-1500.0,-757.14,-100.0,-100.0,-100.0,-75.71,O:IWM260120C00264000,O:IWM260120P00260000,True,09:30
IWM,2026-01-20,Mar,leg,60,10:07,09:30-10:30,348,PUT,-56.7,-43.4,-70.0,0.23,0.4,True,-1000.0,-1500.0,-1500.0,-850.0,-100.0,-100.0,-100.0,-85.0,O:IWM260120C00264000,O:IWM260120P00260000,True,09:30
QQQ,2026-01-21,Mié,combined,20,09:36,09:30-10:30,379,CALL,-23.18,-64.0,17.65,0.19,0.41,True,-680.0,-337.89,-1180.0,-231.76,-68.0,-22.53,-78.67,-23.18,O:QQQ260121C00616000,O:QQQ260121P00601000,True,09:30
QQQ,2026-01-21,Mié,combined,30,09:38,09:30-10:30,377,CALL,-30.94,-56.0,-5.88,0.23,0.33,True,-680.0,-484.35,-1180.0,-309.41,-68.0,-32.29,-78.67,-30.94,O:QQQ260121C00616000,O:QQQ260121P00601000,True,09:30
QQQ,2026-01-21,Mié,combined,40,09:45,09:30-10:30,370,CALL,-41.24,-56.0,-26.47,0.23,0.26,True,-680.0,-484.35,-1180.0,-412.35,-68.0,-32.29,-78.67,-41.24,O:QQQ260121C00616000,O:QQQ260121P00601000,True,09:30
QQQ,2026-01-21,Mié,combined,50,10:10,09:30-10:30,345,PUT,-53.35,-42.0,-64.71,0.13,0.3,True,-680.0,-1180.0,-646.67,-533.53,-68.0,-78.67,-43.11,-53.35,O:QQQ260121C00616000,O:QQQ260121P00601000,True,09:30
QQQ,2026-01-21,Mié,combined,60,11:41,10:30-12:00,254,PUT,-63.71,-48.0,-79.41,0.08,0.27,True,-680.0,-1180.0,-587.41,-637.06,-68.0,-78.67,-39.16,-63.71,O:QQQ260121C00616000,O:QQQ260121P00601000,True,09:30
QQQ,2026-01-21,Mié,leg,20,09:30,09:30-10:30,385,CALL,-17.47,-32.0,-2.94,0.35,0.34,True,-680.0,-722.86,-1180.0,-660.0,-68.0,-48.19,-78.67,-66.0,O:QQQ260121C00616000,O:QQQ260121P00601000,True,09:30
QQQ,2026-01-21,Mié,leg,30,09:30,09:30-10:30,385,CALL,-17.47,-32.0,-2.94,0.35,0.34,True,-680.0,-722.86,-1180.0,-660.0,-68.0,-48.19,-78.67,-66.0,O:QQQ260121C00616000,O:QQQ260121P00601000,True,09:30
QQQ,2026-01-21,Mié,leg,40,09:32,09:30-10:30,383,CALL,-6.88,-52.0,38.24,0.25,0.48,True,-680.0,-540.0,-1180.0,-760.0,-68.0,-36.0,-78.67,-76.0,O:QQQ260121C00616000,O:QQQ260121P00601000,True,09:30
QQQ,2026-01-21,Mié,leg,50,09:32,09:30-10:30,383,CALL,-6.88,-52.0,38.24,0.25,0.48,True,-680.0,-540.0,-1180.0,-760.0,-68.0,-36.0,-78.67,-76.0,O:QQQ260121C00616000,O:QQQ260121P00601000,True,09:30
QQQ,2026-01-21,Mié,leg,60,09:35,09:30-10:30,380,CALL,-19.24,-62.0,23.53,0.2,0.43,True,-680.0,-380.0,-1180.0,-810.0,-68.0,-25.33,-78.67,-81.0,O:QQQ260121C00616000,O:QQQ260121P00601000,True,09:30
SPY,2026-01-21,Mié,combined,20,09:35,09:30-10:30,380,CALL,-20.56,-50.0,8.89,0.24,0.5,True,-597.83,-326.99,-1097.83,-205.56,-59.78,-21.8,-73.19,-20.56,O:SPY260121C00685000,O:SPY260121P00674000,True,09:30
SPY,2026-01-21,Mié,combined,30,09:44,09:30-10:30,371,CALL,-30.6,-45.65,-15.56,0.26,0.39,True,-597.83,-386.29,-1097.83,-306.04,-59.78,-25.75,-73.19,-30.6,O:SPY260121C00685000,O:SPY260121P00674000,True,09:30
SPY,2026-01-21,Mié,combined,40,10:08,09:30-10:30,347,PUT,-40.97,-13.04,-68.89,0.15,0.41,True,-597.83,-1097.83,-646.61,-409.66,-59.78,-73.19,-43.11,-40.97,O:SPY260121C00685000,O:SPY260121P00674000,True,09:30
SPY,2026-01-21,Mié,combined,50,10:10,09:30-10:30,345,PUT,-53.99,-41.3,-66.67,0.16,0.28,True,-597.83,-1097.83,-437.11,-539.86,-59.78,-73.19,-29.14,-53.99,O:SPY260121C00685000,O:SPY260121P00674000,True,09:30
SPY,2026-01-21,Mié,combined,60,11:37,10:30-12:00,258,PUT,-62.83,-45.65,-80.0,0.1,0.26,True,-597.83,-1097.83,-386.29,-628.26,-59.78,-73.19,-25.75,-62.83,O:SPY260121C00685000,O:SPY260121P00674000,True,09:30
SPY,2026-01-21,Mié,leg,20,09:31,09:30-10:30,384,CALL,-1.98,-21.74,17.78,0.37,0.54,True,-597.83,-597.83,-1097.83,-608.7,-59.78,-39.86,-73.19,-60.87,O:SPY260121C00685000,O:SPY260121P00674000,True,09:30
SPY,2026-01-21,Mié,leg,30,09:32,09:30-10:30,383,CALL,-4.08,-32.61,24.44,0.32,0.57,True,-597.83,-519.7,-1097.83,-663.04,-59.78,-34.65,-73.19,-66.3,O:SPY260121C00685000,O:SPY260121P00674000,True,09:30
SPY,2026-01-21,Mié,leg,40,09:34,09:30-10:30,381,CALL,-13.99,-41.3,13.33,0.28,0.52,True,-597.83,-437.11,-1097.83,-706.52,-59.78,-29.14,-73.19,-70.65,O:SPY260121C00685000,O:SPY260121P00674000,True,09:30
SPY,2026-01-21,Mié,leg,50,09:35,09:30-10:30,380,CALL,-20.56,-50.0,8.89,0.24,0.5,True,-597.83,-326.99,-1097.83,-750.0,-59.78,-21.8,-73.19,-75.0,O:SPY260121C00685000,O:SPY260121P00674000,True,09:30
SPY,2026-01-21,Mié,leg,60,09:56,09:30-10:30,359,PUT,-36.52,-13.04,-60.0,0.19,0.41,True,-597.83,-1097.83,-646.61,-397.83,-59.78,-73.19,-43.11,-39.78,O:SPY260121C00685000,O:SPY260121P00674000,True,09:30
IWM,2026-01-21,Mié,combined,20,11:44,10:30-12:00,251,PUT,-25.3,6.9,-57.5,0.19,0.63,True,1318.97,818.97,2953.89,-253.02,131.9,54.6,196.93,-25.3,O:IWM260121C00265000,O:IWM260121P00263000,True,09:30
IWM,2026-01-21,Mié,combined,30,11:52,10:30-12:00,243,PUT,-31.98,-18.97,-45.0,0.23,0.49,True,1318.97,818.97,3563.86,-319.83,131.9,54.6,237.59,-31.98,O:IWM260121C00265000,O:IWM260121P00263000,True,09:30
IWM,2026-01-21,Mié,combined,40,12:52,12:00-13:30,183,CALL,-46.98,-68.97,-25.0,0.19,0.31,True,1318.97,7897.91,818.97,-469.83,131.9,526.53,54.6,-46.98,O:IWM260121C00265000,O:IWM260121P00263000,True,09:30
IWM,2026-01-21,Mié,combined,50,12:57,12:00-13:30,178,CALL,-50.0,-50.0,-50.0,0.3,0.21,True,1318.97,5302.3,818.97,-500.0,131.9,353.49,54.6,-50.0,O:IWM260121C00265000,O:IWM260121P00263000,True,09:30
IWM,2026-01-21,Mié,combined,60,13:29,12:00-13:30,146,CALL,-60.26,-65.52,-55.0,0.21,0.19,True,1318.97,7223.73,818.97,-602.59,131.9,481.58,54.6,-60.26,O:IWM260121C00265000,O:IWM260121P00263000,True,09:30
IWM,2026-01-21,Mié,leg,20,09:47,09:30-10:30,368,PUT,48.02,131.03,-35.0,0.27,1.35,True,1318.97,818.97,1815.26,1643.97,131.9,54.6,121.02,164.4,O:IWM260121C00265000,O:IWM260121P00263000,True,09:30
IWM,2026-01-21,Mié,leg,30,09:47,09:30-10:30,368,PUT,48.02,131.03,-35.0,0.27,1.35,True,1318.97,818.97,1815.26,1643.97,131.9,54.6,121.02,164.4,O:IWM260121C00265000,O:IWM260121P00263000,True,09:30
IWM,2026-01-21,Mié,leg,40,09:49,09:30-10:30,366,PUT,52.41,144.83,-40.0,0.25,1.43,True,1318.97,818.97,1759.52,1618.97,131.9,54.6,117.3,161.9,O:IWM260121C00265000,O:IWM260121P00263000,True,09:30
IWM,2026-01-21,Mié,leg,50,09:57,09:30-10:30,358,PUT,47.5,150.0,-55.0,0.19,1.47,True,1318.97,818.97,1733.93,1543.97,131.9,54.6,115.6,154.4,O:IWM260121C00265000,O:IWM260121P00263000,True,09:30
IWM,2026-01-21,Mié,leg,60,09:58,09:30-10:30,357,PUT,48.45,156.9,-60.0,0.17,1.5,True,1318.97,818.97,1715.63,1518.97,131.9,54.6,114.38,151.9,O:IWM260121C00265000,O:IWM260121P00263000,True,09:30
QQQ,2026-01-22,Jue,combined,20,10:33,10:30-12:00,322,CALL,-22.5,-70.0,25.0,0.13,0.56,True,-1000.0,-1500.0,-1500.0,-225.0,-100.0,-100.0,-100.0,-22.5,O:QQQ260122C00625000,O:QQQ260122P00616000,True,09:30
QQQ,2026-01-22,Jue,combined,30,10:38,10:30-12:00,317,CALL,-32.61,-67.5,2.27,0.14,0.46,True,-1000.0,-1500.0,-1500.0,-326.14,-100.0,-100.0,-100.0,-32.61,O:QQQ260122C00625000,O:QQQ260122P00616000,True,09:30
QQQ,2026-01-22,Jue,combined,40,10:42,10:30-12:00,313,CALL,-40.57,-67.5,-13.64,0.14,0.39,True,-1000.0,-1500.0,-1500.0,-405.68,-100.0,-100.0,-100.0,-40.57,O:QQQ260122C00625000,O:QQQ260122P00616000,True,09:30
QQQ,2026-01-22,Jue,combined,50,11:05,10:30-12:00,290,CALL,-50.23,-80.0,-20.45,0.09,0.36,True,-1000.0,-1500.0,-1500.0,-502.27,-100.0,-100.0,-100.0,-50.23,O:QQQ260122C00625000,O:QQQ260122P00616000,True,09:30
QQQ,2026-01-22,Jue,combined,60,11:12,10:30-12:00,283,CALL,-60.45,-80.0,-40.91,0.09,0.27,True,-1000.0,-1500.0,-1500.0,-604.55,-100.0,-100.0,-100.0,-60.45,O:QQQ260122C00625000,O:QQQ260122P00616000,True,09:30
QQQ,2026-01-22,Jue,leg,20,09:31,09:30-10:30,384,CALL,-12.27,-20.0,-4.55,0.33,0.43,True,-1000.0,-1500.0,-1500.0,-600.0,-100.0,-100.0,-100.0,-60.0,O:QQQ260122C00625000,O:QQQ260122P00616000,True,09:30
QQQ,2026-01-22,Jue,leg,30,09:35,09:30-10:30,380,CALL,-13.18,-40.0,13.64,0.25,0.51,True,-1000.0,-1500.0,-1500.0,-700.0,-100.0,-100.0,-100.0,-70.0,O:QQQ260122C00625000,O:QQQ260122P00616000,True,09:30
QQQ,2026-01-22,Jue,leg,40,09:35,09:30-10:30,380,CALL,-13.18,-40.0,13.64,0.25,0.51,True,-1000.0,-1500.0,-1500.0,-700.0,-100.0,-100.0,-100.0,-70.0,O:QQQ260122C00625000,O:QQQ260122P00616000,True,09:30
QQQ,2026-01-22,Jue,leg,50,09:46,09:30-10:30,369,CALL,12.16,-57.5,81.82,0.18,0.81,True,-1000.0,-1500.0,-1500.0,-787.5,-100.0,-100.0,-100.0,-78.75,O:QQQ260122C00625000,O:QQQ260122P00616000,True,09:30
QQQ,2026-01-22,Jue,leg,60,09:47,09:30-10:30,368,CALL,14.32,-60.0,88.64,0.17,0.84,True,-1000.0,-1500.0,-1500.0,-800.0,-100.0,-100.0,-100.0,-80.0,O:QQQ260122C00625000,O:QQQ260122P00616000,True,09:30
SPY,2026-01-22,Jue,combined,20,10:39,10:30-12:00,316,CALL,-20.02,-53.19,13.16,0.23,0.44,True,-986.84,-1486.84,-1475.48,-200.17,-98.68,-99.12,-98.37,-20.02,O:SPY260122C00692000,O:SPY260122P00686000,True,09:30
SPY,2026-01-22,Jue,combined,30,10:45,10:30-12:00,310,CALL,-30.8,-51.06,-10.53,0.24,0.35,True,-986.84,-1486.84,-1472.56,-307.95,-98.68,-99.12,-98.17,-30.8,O:SPY260122C00692000,O:SPY260122P00686000,True,09:30
SPY,2026-01-22,Jue,combined,40,11:05,10:30-12:00,290,CALL,-41.13,-63.83,-18.42,0.18,0.32,True,-986.84,-1486.84,-1471.22,-411.25,-98.68,-99.12,-98.08,-41.13,O:SPY260122C00692000,O:SPY260122P00686000,True,09:30
SPY,2026-01-22,Jue,combined,50,11:18,10:30-12:00,277,CALL,-50.34,-63.83,-36.84,0.18,0.25,True,-986.84,-1486.84,-1466.84,-503.36,-98.68,-99.12,-97.79,-50.34,O:SPY260122C00692000,O:SPY260122P00686000,True,09:30
SPY,2026-01-22,Jue,combined,60,11:55,10:30-12:00,240,CALL,-60.61,-65.96,-55.26,0.17,0.18,True,-986.84,-1486.84,-1459.06,-606.1,-98.68,-99.12,-97.27,-60.61,O:SPY260122C00692000,O:SPY260122P00686000,True,09:30
SPY,2026-01-22,Jue,leg,20,09:45,09:30-10:30,370,CALL,9.1,-21.28,39.47,0.38,0.54,True,-986.84,-1486.84,-1477.58,-593.23,-98.68,-99.12,-98.51,-59.32,O:SPY260122C00692000,O:SPY260122P00686000,True,09:30
SPY,2026-01-22,Jue,leg,30,09:46,09:30-10:30,369,CALL,22.96,-38.3,84.21,0.3,0.71,True,-986.84,-1486.84,-1479.8,-678.33,-98.68,-99.12,-98.65,-67.83,O:SPY260122C00692000,O:SPY260122P00686000,True,09:30
SPY,2026-01-22,Jue,leg,40,09:47,09:30-10:30,368,CALL,27.16,-40.43,94.74,0.29,0.75,True,-986.84,-1486.84,-1480.18,-688.97,-98.68,-99.12,-98.68,-68.9,O:SPY260122C00692000,O:SPY260122P00686000,True,09:30
SPY,2026-01-22,Jue,leg,50,09:55,09:30-10:30,360,CALL,38.94,-51.06,128.95,0.24,0.88,True,-986.84,-1486.84,-1481.16,-742.16,-98.68,-99.12,-98.74,-74.22,O:SPY260122C00692000,O:SPY260122P00686000,True,09:30
SPY,2026-01-22,Jue,leg,60,10:02,09:30-10:30,353,CALL,71.22,-68.09,210.53,0.16,1.19,True,-986.84,-1486.84,-1482.64,-827.27,-98.68,-99.12,-98.84,-82.73,O:SPY260122C00692000,O:SPY260122P00686000,True,09:30
IWM,2026-01-22,Jue,combined,20,14:38,13:30-15:55,77,PUT,-21.0,50.0,-92.0,0.05,0.63,True,-915.0,-1315.0,-1367.38,-210.0,-91.5,-87.67,-91.16,-21.0,O:IWM260122C00270000,O:IWM260122P00269000,True,09:30
IWM,2026-01-22,Jue,combined,30,14:45,13:30-15:55,70,PUT,-33.75,22.5,-90.0,0.06,0.51,True,-915.0,-1331.67,-1356.18,-337.5,-91.5,-88.78,-90.41,-33.75,O:IWM260122C00270000,O:IWM260122P00269000,True,09:30
IWM,2026-01-22,Jue,combined,40,14:55,13:30-15:55,60,PUT,-40.0,10.0,-90.0,0.06,0.46,True,-915.0,-1331.67,-1349.78,-400.0,-91.5,-88.78,-89.99,-40.0,O:IWM260122C00270000,O:IWM260122P00269000,True,09:30
IWM,2026-01-22,Jue,combined,50,14:56,13:30-15:55,59,PUT,-53.25,-22.5,-84.0,0.09,0.33,True,-915.0,-1359.44,-1324.09,-532.5,-91.5,-90.63,-88.27,-53.25,O:IWM260122C00270000,O:IWM260122P00269000,True,09:30
IWM,2026-01-22,Jue,combined,60,15:29,13:30-15:55,26,PUT,-62.25,-32.5,-92.0,0.05,0.28,True,-915.0,-1315.0,-1307.86,-622.5,-91.5,-87.67,-87.19,-62.25,O:IWM260122C00270000,O:IWM260122P00269000,True,09:30
IWM,2026-01-22,Jue,leg,20,09:38,09:30-10:30,377,PUT,77.5,185.0,-30.0,0.36,1.16,True,-915.0,-1401.11,-1389.14,-575.0,-91.5,-93.41,-92.61,-57.5,O:IWM260122C00270000,O:IWM260122P00269000,True,09:30
IWM,2026-01-22,Jue,leg,30,09:38,09:30-10:30,377,PUT,77.5,185.0,-30.0,0.36,1.16,True,-915.0,-1401.11,-1389.14,-575.0,-91.5,-93.41,-92.61,-57.5,O:IWM260122C00270000,O:IWM260122P00269000,True,09:30
IWM,2026-01-22,Jue,leg,40,09:39,09:30-10:30,376,PUT,92.75,227.5,-42.0,0.3,1.33,True,-915.0,-1398.33,-1392.44,-635.0,-91.5,-93.22,-92.83,-63.5,O:IWM260122C00270000,O:IWM260122P00269000,True,09:30
IWM,2026-01-22,Jue,leg,50,10:32,10:30-12:00,323,PUT,103.5,265.0,-58.0,0.22,1.48,True,-915.0,-1392.27,-1394.73,-715.0,-91.5,-92.82,-92.98,-71.5,O:IWM260122C00270000,O:IWM260122P00269000,True,09:30
IWM,2026-01-22,Jue,leg,60,10:33,10:30-12:00,322,PUT,107.75,277.5,-62.0,0.2,1.54,True,-915.0,-1390.0,-1395.52,-735.0,-91.5,-92.67,-93.03,-73.5,O:IWM260122C00270000,O:IWM260122P00269000,True,09:30
QQQ,2026-01-23,Vie,combined,20,09:36,09:30-10:30,379,CALL,-21.3,-29.27,-13.33,0.3,0.27,True,-987.8,-1471.14,-1487.8,-213.01,-98.78,-98.08,-99.19,-21.3,O:QQQ260123C00624000,O:QQQ260123P00613000,True,09:31
QQQ,2026-01-23,Vie,combined,30,09:44,09:30-10:30,371,CALL,-32.07,-34.15,-30.0,0.28,0.25,True,-987.8,-1469.95,-1487.8,-320.73,-98.78,-98.0,-99.19,-32.07,O:QQQ260123C00624000,O:QQQ260123P00613000,True,09:31
QQQ,2026-01-23,Vie,combined,40,12:43,12:00-13:30,192,PUT,-42.89,-2.44,-83.33,0.06,0.41,True,-987.8,-1487.8,-1475.61,-428.86,-98.78,-99.19,-98.37,-42.89,O:QQQ260123C00624000,O:QQQ260123P00613000,True,09:31
QQQ,2026-01-23,Vie,combined,50,12:46,12:00-13:30,189,PUT,-50.98,-21.95,-80.0,0.07,0.33,True,-987.8,-1487.8,-1472.65,-509.76,-98.78,-99.19,-98.18,-50.98,O:QQQ260123C00624000,O:QQQ260123P00613000,True,09:31
QQQ,2026-01-23,Vie,combined,60,12:52,12:00-13:30,183,PUT,-60.73,-41.46,-80.0,0.07,0.25,True,-987.8,-1487.8,-1467.8,-607.32,-98.78,-99.19,-97.85,-60.73,O:QQQ260123C00624000,O:QQQ260123P00613000,True,09:31
QQQ,2026-01-23,Vie,leg,20,09:31,09:30-10:30,384,PUT,-2.36,21.95,-26.67,0.23,0.52,True,-987.8,-1487.8,-1478.19,-621.14,-98.78,-99.19,-98.55,-62.11,O:QQQ260123C00624000,O:QQQ260123P00613000,True,09:31
QQQ,2026-01-23,Vie,leg,30,09:34,09:30-10:30,381,CALL,-12.07,-34.15,10.0,0.28,0.34,True,-987.8,-1469.95,-1487.8,-670.73,-98.78,-98.0,-99.19,-67.07,O:QQQ260123C00624000,O:QQQ260123P00613000,True,09:31
QQQ,2026-01-23,Vie,leg,40,09:35,09:30-10:30,380,CALL,-17.4,-41.46,6.67,0.25,0.33,True,-987.8,-1467.8,-1487.8,-707.32,-98.78,-97.85,-99.19,-70.73,O:QQQ260123C00624000,O:QQQ260123P00613000,True,09:31
QQQ,2026-01-23,Vie,leg,50,09:39,09:30-10:30,376,CALL,-22.28,-51.22,6.67,0.21,0.33,True,-987.8,-1464.0,-1487.8,-756.1,-98.78,-97.6,-99.19,-75.61,O:QQQ260123C00624000,O:QQQ260123P00613000,True,09:31
QQQ,2026-01-23,Vie,leg,60,10:00,09:30-10:30,355,PUT,-27.56,4.88,-60.0,0.13,0.44,True,-987.8,-1487.8,-1476.44,-787.8,-98.78,-99.19,-98.43,-78.78,O:QQQ260123C00624000,O:QQQ260123P00613000,True,09:31
SPY,2026-01-23,Vie,combined,20,09:45,09:30-10:30,370,CALL,-21.52,-26.83,-16.22,0.31,0.32,True,-986.49,-1486.49,-1470.86,-215.23,-98.65,-99.1,-98.06,-21.52,O:SPY260123C00691000,O:SPY260123P00684000,True,09:31
SPY,2026-01-23,Vie,combined,30,09:59,09:30-10:30,356,PUT,-31.51,-17.07,-45.95,0.23,0.36,True,-986.49,-1464.75,-1486.49,-315.1,-98.65,-97.65,-99.1,-31.51,O:SPY260123C00691000,O:SPY260123P00684000,True,09:31
SPY,2026-01-23,Vie,combined,40,10:19,09:30-10:30,336,CALL,-41.0,-41.46,-40.54,0.25,0.23,True,-986.49,-1486.49,-1464.75,-410.02,-98.65,-99.1,-97.65,-41.0,O:SPY260123C00691000,O:SPY260123P00684000,True,09:31
SPY,2026-01-23,Vie,combined,50,12:20,12:00-13:30,215,PUT,-51.65,-19.51,-83.78,0.07,0.34,True,-986.49,-1415.06,-1486.49,-516.48,-98.65,-94.34,-99.1,-51.65,O:SPY260123C00691000,O:SPY260123P00684000,True,09:31
SPY,2026-01-23,Vie,combined,60,12:40,12:00-13:30,195,PUT,-61.27,-41.46,-81.08,0.08,0.25,True,-986.49,-1423.99,-1486.49,-612.72,-98.65,-94.93,-99.1,-61.27,O:SPY260123C00691000,O:SPY260123P00684000,True,09:31
SPY,2026-01-23,Vie,leg,20,09:32,09:30-10:30,383,CALL,-6.92,-21.95,8.11,0.33,0.41,True,-986.49,-1486.49,-1474.29,-596.24,-98.65,-99.1,-98.29,-59.62,O:SPY260123C00691000,O:SPY260123P00684000,True,09:31
SPY,2026-01-23,Vie,leg,30,09:37,09:30-10:30,378,CALL,-9.66,-46.34,27.03,0.23,0.48,True,-986.49,-1486.49,-1476.07,-718.19,-98.65,-99.1,-98.4,-71.82,O:SPY260123C00691000,O:SPY260123P00684000,True,09:31
SPY,2026-01-23,Vie,leg,40,09:37,09:30-10:30,378,CALL,-9.66,-46.34,27.03,0.23,0.48,True,-986.49,-1486.49,-1476.07,-718.19,-98.65,-99.1,-98.4,-71.82,O:SPY260123C00691000,O:SPY260123P00684000,True,09:31
SPY,2026-01-23,Vie,leg,50,10:04,09:30-10:30,351,PUT,-24.59,4.88,-54.05,0.18,0.44,True,-986.49,-1458.71,-1486.49,-770.27,-98.65,-97.25,-99.1,-77.03,O:SPY260123C00691000,O:SPY260123P00684000,True,09:31
SPY,2026-01-23,Vie,leg,60,10:22,09:30-10:30,333,PUT,-23.9,17.07,-64.86,0.14,0.49,True,-986.49,-1450.77,-1486.49,-824.32,-98.65,-96.72,-99.1,-82.43,O:SPY260123C00691000,O:SPY260123P00684000,True,09:31
IWM,2026-01-23,Vie,combined,20,09:59,09:30-10:30,356,CALL,-22.14,-60.0,15.71,0.17,1.32,True,1828.57,1328.57,2828.57,-221.43,182.86,88.57,188.57,-22.14,O:IWM260123C00270000,O:IWM260123P00269000,True,09:30
IWM,2026-01-23,Vie,leg,20,09:31,09:30-10:30,384,CALL,27.32,-22.5,77.14,0.32,1.26,True,1828.57,1328.57,2900.0,2216.07,182.86,88.57,193.33,221.61,O:IWM260123C00270000,O:IWM260123P00269000,True,09:30
IWM,2026-01-23,Vie,leg,30,09:32,09:30-10:30,383,CALL,30.54,-37.5,98.57,0.26,1.41,True,1828.57,1328.57,2732.83,2141.07,182.86,88.57,182.19,214.11,O:IWM260123C00270000,O:IWM260123P00269000,True,09:30
IWM,2026-01-23,Vie,leg,40,09:33,09:30-10:30,382,CALL,25.71,-40.0,91.43,0.25,1.36,True,1828.57,1328.57,2784.45,2128.57,182.86,88.57,185.63,212.86,O:IWM260123C00270000,O:IWM260123P00269000,True,09:30
IWM,2026-01-23,Vie,leg,50,09:35,09:30-10:30,380,CALL,28.57,-50.0,107.14,0.21,1.48,True,1828.57,1328.57,2666.41,2078.57,182.86,88.57,177.76,207.86,O:IWM260123C00270000,O:IWM260123P00269000,True,09:30
IWM,2026-01-23,Vie,leg,60,09:48,09:30-10:30,367,CALL,22.14,-60.0,104.29,0.17,1.46,True,1828.57,1328.57,2684.74,2028.57,182.86,88.57,178.98,202.86,O:IWM260123C00270000,O:IWM260123P00269000,True,09:30
QQQ,2026-01-26,Lun,combined,20,09:30,09:30-10:30,385,CALL,-34.41,-66.04,-2.78,0.2,0.36,True,-990.57,-1465.57,-1490.57,-344.08,-99.06,-97.7,-99.37,-34.41,O:QQQ260126C00627000,O:QQQ260126P00616000,True,09:30
QQQ,2026-01-26,Lun,combined,30,09:30,09:30-10:30,385,CALL,-34.41,-66.04,-2.78,0.2,0.36,True,-990.57,-1465.57,-1490.57,-344.08,-99.06,-97.7,-99.37,-34.41,O:QQQ260126C00627000,O:QQQ260126P00616000,True,09:30
QQQ,2026-01-26,Lun,combined,40,09:31,09:30-10:30,384,CALL,-40.25,-47.17,-33.33,0.29,0.25,True,-990.57,-1473.32,-1490.57,-402.52,-99.06,-98.22,-99.37,-40.25,O:QQQ260126C00627000,O:QQQ260126P00616000,True,09:30
QQQ,2026-01-26,Lun,combined,50,10:10,09:30-10:30,345,PUT,-51.76,-39.62,-63.89,0.14,0.33,True,-990.57,-1490.57,-1475.41,-517.56,-99.06,-99.37,-98.36,-51.76,O:QQQ260126C00627000,O:QQQ260126P00616000,True,09:30
QQQ,2026-01-26,Lun,combined,60,13:09,12:00-13:30,166,PUT,-62.81,-33.96,-91.67,0.04,0.36,True,-990.57,-1490.57,-1476.68,-628.14,-99.06,-99.37,-98.45,-62.81,O:QQQ260126C00627000,O:QQQ260126P00616000,True,09:30
QQQ,2026-01-26,Lun,leg,20,09:30,09:30-10:30,385,CALL,-34.41,-66.04,-2.78,0.2,0.36,True,-990.57,-1465.57,-1490.57,-830.19,-99.06,-97.7,-99.37,-83.02,O:QQQ260126C00627000,O:QQQ260126P00616000,True,09:30
QQQ,2026-01-26,Lun,leg,30,09:30,09:30-10:30,385,CALL,-34.41,-66.04,-2.78,0.2,0.36,True,-990.57,-1465.57,-1490.57,-830.19,-99.06,-97.7,-99.37,-83.02,O:QQQ260126C00627000,O:QQQ260126P00616000,True,09:30
QQQ,2026-01-26,Lun,leg,40,09:30,09:30-10:30,385,CALL,-34.41,-66.04,-2.78,0.2,0.36,True,-990.57,-1465.57,-1490.57,-830.19,-99.06,-97.7,-99.37,-83.02,O:QQQ260126C00627000,O:QQQ260126P00616000,True,09:30
QQQ,2026-01-26,Lun,leg,50,09:30,09:30-10:30,385,CALL,-34.41,-66.04,-2.78,0.2,0.36,True,-990.57,-1465.57,-1490.57,-830.19,-99.06,-97.7,-99.37,-83.02,O:QQQ260126C00627000,O:QQQ260126P00616000,True,09:30
QQQ,2026-01-26,Lun,leg,60,09:30,09:30-10:30,385,CALL,-34.41,-66.04,-2.78,0.2,0.36,True,-990.57,-1465.57,-1490.57,-830.19,-99.06,-97.7,-99.37,-83.02,O:QQQ260126C00627000,O:QQQ260126P00616000,True,09:30
SPY,2026-01-26,Lun,combined,20,15:50,13:30-15:55,5,PUT,-40.62,18.75,-100.0,0.01,0.4,False,-796.88,,,-406.25,-79.69,,,-40.62,O:SPY260126C00693000,O:SPY260126P00687000,True,09:30
SPY,2026-01-26,Lun,combined,30,15:50,13:30-15:55,5,PUT,-40.62,18.75,-100.0,0.01,0.4,False,-796.88,,,-406.25,-79.69,,,-40.62,O:SPY260126C00693000,O:SPY260126P00687000,True,09:30
SPY,2026-01-26,Lun,combined,40,15:50,13:30-15:55,5,PUT,-40.62,18.75,-100.0,0.01,0.4,False,-796.88,,,-406.25,-79.69,,,-40.62,O:SPY260126C00693000,O:SPY260126P00687000,True,09:30
SPY,2026-01-26,Lun,combined,50,15:53,13:30-15:55,2,PUT,-53.12,-6.25,-100.0,0.01,0.32,False,-796.88,,,-531.25,-79.69,,,-53.12,O:SPY260126C00693000,O:SPY260126P00687000,True,09:30
SPY,2026-01-26,Lun,combined,60,15:54,13:30-15:55,1,PUT,-62.5,-25.0,-100.0,0.01,0.26,False,-796.88,,,-625.0,-79.69,,,-62.5,O:SPY260126C00693000,O:SPY260126P00687000,True,09:30
SPY,2026-01-26,Lun,leg,20,09:30,09:30-10:30,385,CALL,-11.96,-21.88,-2.04,0.26,0.49,True,-796.88,-1046.88,-1296.88,-609.38,-79.69,-69.79,-86.46,-60.94,O:SPY260126C00693000,O:SPY260126P00687000,True,09:30
SPY,2026-01-26,Lun,leg,30,09:33,09:30-10:30,382,PUT,-3.28,28.12,-34.69,0.33,0.42,True,-796.88,-1296.88,-1142.11,-470.34,-79.69,-86.46,-76.14,-47.03,O:SPY260126C00693000,O:SPY260126P00687000,True,09:30
SPY,2026-01-26,Lun,leg,40,09:36,09:30-10:30,379,PUT,34.28,109.38,-40.82,0.3,0.68,True,-796.88,-1296.88,-1201.29,-500.96,-79.69,-86.46,-80.09,-50.1,O:SPY260126C00693000,O:SPY260126P00687000,True,09:30
SPY,2026-01-26,Lun,leg,50,09:41,09:30-10:30,374,PUT,35.43,121.88,-51.02,0.25,0.72,True,-796.88,-1296.88,-1206.6,-551.98,-79.69,-86.46,-80.44,-55.2,O:SPY260126C00693000,O:SPY260126P00687000,True,09:30
SPY,2026-01-26,Lun,leg,60,09:52,09:30-10:30,363,PUT,42.83,146.88,-61.22,0.2,0.8,True,-796.88,-1296.88,-1215.62,-603.0,-79.69,-86.46,-81.04,-60.3,O:SPY260126C00693000,O:SPY260126P00687000,True,09:30
IWM,2026-01-26,Lun,combined,20,09:34,09:30-10:30,381,CALL,-28.24,-38.98,-17.5,0.37,0.34,True,-987.5,-1487.5,-1472.79,-282.42,-98.75,-99.17,-98.19,-28.24,O:IWM260126C00266000,O:IWM260126P00263000,True,09:30
IWM,2026-01-26,Lun,combined,30,09:57,09:30-10:30,358,PUT,-32.86,6.78,-72.5,0.12,0.64,True,-987.5,-1445.83,-1487.5,-328.6,-98.75,-96.39,-99.17,-32.86,O:IWM260126C00266000,O:IWM260126P00263000,True,09:30
IWM,2026-01-26,Lun,combined,40,10:03,09:30-10:30,352,PUT,-40.57,-18.64,-62.5,0.16,0.49,True,-987.5,-1456.25,-1487.5,-405.72,-98.75,-97.08,-99.17,-40.57,O:IWM260126C00266000,O:IWM260126P00263000,True,09:30
IWM,2026-01-26,Lun,combined,50,10:25,09:30-10:30,330,PUT,-52.75,-30.51,-75.0,0.11,0.42,True,-987.5,-1442.05,-1487.5,-527.54,-98.75,-96.14,-99.17,-52.75,O:IWM260126C00266000,O:IWM260126P00263000,True,09:30
IWM,2026-01-26,Lun,combined,60,10:35,10:30-12:00,320,PUT,-60.06,-57.63,-62.5,0.16,0.26,True,-987.5,-1456.25,-1487.5,-600.64,-98.75,-97.08,-99.17,-60.06,O:IWM260126C00266000,O:IWM260126P00263000,True,09:30
IWM,2026-01-26,Lun,leg,20,09:31,09:30-10:30,384,CALL,-12.67,-20.34,-5.0,0.48,0.39,True,-987.5,-1487.5,-1474.68,-589.19,-98.75,-99.17,-98.31,-58.92,O:IWM260126C00266000,O:IWM260126P00263000,True,09:30
IWM,2026-01-26,Lun,leg,30,09:32,09:30-10:30,383,CALL,-11.55,-35.59,12.5,0.39,0.46,True,-987.5,-1487.5,-1476.63,-665.47,-98.75,-99.17,-98.44,-66.55,O:IWM260126C00266000,O:IWM260126P00263000,True,09:30
IWM,2026-01-26,Lun,leg,40,09:33,09:30-10:30,382,CALL,-19.13,-45.76,7.5,0.33,0.44,True,-987.5,-1487.5,-1476.14,-716.31,-98.75,-99.17,-98.41,-71.63,O:IWM260126C00266000,O:IWM260126P00263000,True,09:30
IWM,2026-01-26,Lun,leg,50,09:41,09:30-10:30,374,PUT,-28.79,-5.08,-52.5,0.21,0.57,True,-987.5,-1463.69,-1487.5,-762.5,-98.75,-97.58,-99.17,-76.25,O:IWM260126C00266000,O:IWM260126P00263000,True,09:30
IWM,2026-01-26,Lun,leg,60,09:44,09:30-10:30,371,PUT,-26.17,10.17,-62.5,0.16,0.67,True,-987.5,-1456.25,-1487.5,-812.5,-98.75,-97.08,-99.17,-81.25,O:IWM260126C00266000,O:IWM260126P00263000,True,09:30
QQQ,2026-01-27,Mar,combined,20,09:43,09:30-10:30,372,CALL,-22.04,-42.0,-2.08,0.3,0.48,True,-670.0,-620.0,-1170.0,-220.42,-67.0,-41.33,-78.0,-22.04,O:QQQ260127C00631000,O:QQQ260127P00625000,True,09:30
QQQ,2026-01-27,Mar,combined,30,12:18,12:00-13:30,217,PUT,-31.71,22.0,-85.42,0.08,0.62,True,-670.0,-1170.0,-903.87,-317.08,-67.0,-78.0,-60.26,-31.71,O:QQQ260127C00631000,O:QQQ260127P00625000,True,09:30
QQQ,2026-01-27,Mar,combined,40,12:58,12:00-13:30,177,PUT,-40.79,8.0,-89.58,0.06,0.55,True,-670.0,-1170.0,-870.0,-407.92,-67.0,-78.0,-58.0,-40.79,O:QQQ260127C00631000,O:QQQ260127P00625000,True,09:30
QQQ,2026-01-27,Mar,combined,50,13:05,12:00-13:30,170,PUT,-50.75,-14.0,-87.5,0.07,0.44,True,-670.0,-1170.0,-795.0,-507.5,-67.0,-78.0,-53.0,-50.75,O:QQQ260127C00631000,O:QQQ260127P00625000,True,09:30
QQQ,2026-01-27,Mar,combined,60,15:51,13:30-15:55,4,PUT,-61.0,-22.0,-100.0,0.01,0.41,False,-670.0,,,-610.0,-67.0,,,-61.0,O:QQQ260127C00631000,O:QQQ260127P00625000,True,09:30
QQQ,2026-01-27,Mar,leg,20,09:34,09:30-10:30,381,CALL,-15.0,-30.0,0.0,0.36,0.49,True,-670.0,-711.67,-1170.0,-650.0,-67.0,-47.44,-78.0,-65.0,O:QQQ260127C00631000,O:QQQ260127P00625000,True,09:30
QQQ,2026-01-27,Mar,leg,30,09:34,09:30-10:30,381,CALL,-15.0,-30.0,0.0,0.36,0.49,True,-670.0,-711.67,-1170.0,-650.0,-67.0,-47.44,-78.0,-65.0,O:QQQ260127C00631000,O:QQQ260127P00625000,True,09:30
QQQ,2026-01-27,Mar,leg,40,09:36,09:30-10:30,379,CALL,-8.42,-46.0,29.17,0.28,0.63,True,-670.0,-580.71,-1170.0,-730.0,-67.0,-38.71,-78.0,-73.0,O:QQQ260127C00631000,O:QQQ260127P00625000,True,09:30
QQQ,2026-01-27,Mar,leg,50,09:37,09:30-10:30,378,CALL,-8.17,-58.0,41.67,0.22,0.69,True,-670.0,-420.0,-1170.0,-790.0,-67.0,-28.0,-78.0,-79.0,O:QQQ260127C00631000,O:QQQ260127P00625000,True,09:30
QQQ,2026-01-27,Mar,leg,60,10:09,09:30-10:30,346,PUT,23.71,112.0,-64.58,0.18,1.07,True,-670.0,-1170.0,-1015.79,-492.92,-67.0,-78.0,-67.72,-49.29,O:QQQ260127C00631000,O:QQQ260127P00625000,True,09:30
SPY,2026-01-27,Mar,leg,20,09:49,09:30-10:30,366,PUT,19.21,63.41,-25.0,0.25,0.68,True,-73.17,-573.17,-14.35,301.83,-7.32,-38.21,-0.96,30.18,O:SPY260127C00695000,O:SPY260127P00691000,True,09:30
SPY,2026-01-27,Mar,leg,30,09:50,09:30-10:30,365,PUT,27.59,92.68,-37.5,0.21,0.8,True,-73.17,-573.17,-98.17,239.33,-7.32,-38.21,-6.54,23.93,O:SPY260127C00695000,O:SPY260127P00691000,True,09:30
SPY,2026-01-27,Mar,leg,40,09:52,09:30-10:30,363,PUT,40.66,121.95,-40.62,0.2,0.92,True,-73.17,-573.17,-160.13,223.7,-7.32,-38.21,-10.68,22.37,O:SPY260127C00695000,O:SPY260127P00691000,True,09:30
SPY,2026-01-27,Mar,leg,50,09:55,09:30-10:30,360,PUT,61.59,173.17,-50.0,0.17,1.13,True,-73.17,-573.17,-236.89,176.83,-7.32,-38.21,-15.79,17.68,O:SPY260127C00695000,O:SPY260127P00691000,True,09:30
SPY,2026-01-27,Mar,leg,60,10:36,10:30-12:00,319,PUT,50.46,163.41,-62.5,0.13,1.09,True,-73.17,-573.17,-224.55,114.33,-7.32,-38.21,-14.97,11.43,O:SPY260127C00695000,O:SPY260127P00691000,True,09:30
IWM,2026-01-27,Mar,combined,20,09:30,09:30-10:30,385,PUT,-30.91,-21.82,-40.0,0.22,0.44,True,-1000.0,-1500.0,-1500.0,-309.09,-100.0,-100.0,-100.0,-30.91,O:IWM260127C00265000,O:IWM260127P00262000,True,09:30
IWM,2026-01-27,Mar,combined,30,09:30,09:30-10:30,385,PUT,-30.91,-21.82,-40.0,0.22,0.44,True,-1000.0,-1500.0,-1500.0,-309.09,-100.0,-100.0,-100.0,-30.91,O:IWM260127C00265000,O:IWM260127P00262000,True,09:30
IWM,2026-01-27,Mar,combined,40,09:43,09:30-10:30,372,CALL,-40.26,-49.09,-31.43,0.29,0.25,True,-1000.0,-1500.0,-1500.0,-402.6,-100.0,-100.0,-100.0,-40.26,O:IWM260127C00265000,O:IWM260127P00262000,True,09:30
IWM,2026-01-27,Mar,combined,50,10:03,09:30-10:30,352,CALL,-50.52,-78.18,-22.86,0.13,0.28,True,-1000.0,-1500.0,-1500.0,-505.19,-100.0,-100.0,-100.0,-50.52,O:IWM260127C00265000,O:IWM260127P00262000,True,09:30
IWM,2026-01-27,Mar,combined,60,10:09,09:30-10:30,346,CALL,-60.13,-74.55,-45.71,0.15,0.2,True,-1000.0,-1500.0,-1500.0,-601.3,-100.0,-100.0,-100.0,-60.13,O:IWM260127C00265000,O:IWM260127P00262000,True,09:30
IWM,2026-01-27,Mar,leg,20,09:30,09:30-10:30,385,PUT,-30.91,-21.82,-40.0,0.22,0.44,True,-1000.0,-1500.0,-1500.0,-700.0,-100.0,-100.0,-100.0,-70.0,O:IWM260127C00265000,O:IWM260127P00262000,True,09:30
IWM,2026-01-27,Mar,leg,30,09:30,09:30-10:30,385,PUT,-30.91,-21.82,-40.0,0.22,0.44,True,-1000.0,-1500.0,-1500.0,-700.0,-100.0,-100.0,-100.0,-70.0,O:IWM260127C00265000,O:IWM260127P00262000,True,09:30
IWM,2026-01-27,Mar,leg,40,09:30,09:30-10:30,385,PUT,-30.91,-21.82,-40.0,0.22,0.44,True,-1000.0,-1500.0,-1500.0,-700.0,-100.0,-100.0,-100.0,-70.0,O:IWM260127C00265000,O:IWM260127P00262000,True,09:30
IWM,2026-01-27,Mar,leg,50,09:31,09:30-10:30,384,CALL,-21.95,-58.18,14.29,0.24,0.41,True,-1000.0,-1500.0,-1500.0,-790.91,-100.0,-100.0,-100.0,-79.09,O:IWM260127C00265000,O:IWM260127P00262000,True,09:30
IWM,2026-01-27,Mar,leg,60,09:38,09:30-10:30,377,CALL,-23.25,-63.64,17.14,0.21,0.42,True,-1000.0,-1500.0,-1500.0,-818.18,-100.0,-100.0,-100.0,-81.82,O:IWM260127C00265000,O:IWM260127P00262000,True,09:30
QQQ,2026-01-28,Mié,combined,20,10:33,10:30-12:00,322,CALL,-20.66,-28.81,-12.5,0.43,0.5,True,-876.82,-1330.3,-1276.82,-206.57,-87.68,-88.69,-85.12,-20.66,O:QQQ260128C00640000,O:QQQ260128P00627000,True,09:30
QQQ,2026-01-28,Mié,combined,30,12:14,12:00-13:30,221,CALL,-30.55,-59.32,-1.79,0.25,0.56,True,-876.82,-1296.82,-1287.53,-305.54,-87.68,-86.45,-85.84,-30.55,O:QQQ260128C00640000,O:QQQ260128P00627000,True,09:30
QQQ,2026-01-28,Mié,combined,40,13:16,12:00-13:30,159,CALL,-40.33,-61.02,-19.64,0.24,0.46,True,-876.82,-1293.48,-1268.12,-403.3,-87.68,-86.23,-84.54,-40.33,O:QQQ260128C00640000,O:QQQ260128P00627000,True,09:30
QQQ,2026-01-28,Mié,combined,50,14:45,13:30-15:55,70,CALL,-50.86,-67.8,-33.93,0.2,0.38,True,-876.82,-1276.82,-1245.24,-508.63,-87.68,-85.12,-83.02,-50.86,O:QQQ260128C00640000,O:QQQ260128P00627000,True,09:30
QQQ,2026-01-28,Mié,combined,60,14:52,13:30-15:55,63,PUT,-61.76,-61.02,-62.5,0.22,0.24,True,-876.82,-1149.54,-1293.48,-617.58,-87.68,-76.64,-86.23,-61.76,O:QQQ260128C00640000,O:QQQ260128P00627000,True,09:30
QQQ,2026-01-28,Mié,leg,20,09:42,09:30-10:30,373,PUT,1.95,27.12,-23.21,0.44,0.76,True,-876.82,-1263.18,-1350.5,-582.17,-87.68,-84.21,-90.03,-58.22,O:QQQ260128C00640000,O:QQQ260128P00627000,True,09:30
QQQ,2026-01-28,Mié,leg,30,09:52,09:30-10:30,363,PUT,-1.62,27.12,-30.36,0.4,0.76,True,-876.82,-1251.82,-1350.5,-617.89,-87.68,-83.45,-90.03,-61.79,O:QQQ260128C00640000,O:QQQ260128P00627000,True,09:30
QQQ,2026-01-28,Mié,leg,40,10:34,10:30-12:00,321,CALL,-19.45,-40.68,1.79,0.36,0.58,True,-876.82,-1321.26,-1290.61,-614.1,-87.68,-88.08,-86.04,-61.41,O:QQQ260128C00640000,O:QQQ260128P00627000,True,09:30
QQQ,2026-01-28,Mié,leg,50,10:47,10:30-12:00,308,CALL,-19.17,-50.85,12.5,0.3,0.64,True,-876.82,-1310.15,-1298.69,-664.95,-87.68,-87.34,-86.58,-66.5,O:QQQ260128C00640000,O:QQQ260128P00627000,True,09:30
QQQ,2026-01-28,Mié,leg,60,11:42,10:30-12:00,253,CALL,-9.03,-62.71,44.64,0.23,0.82,True,-876.82,-1289.86,-1315.84,-724.27,-87.68,-85.99,-87.72,-72.43,O:QQQ260128C00640000,O:QQQ260128P00627000,True,09:30
SPY,2026-01-28,Mié,combined,20,10:24,09:30-10:30,331,CALL,-20.18,-35.71,-4.65,0.28,0.42,True,-953.49,-1453.49,-1405.87,-201.83,-95.35,-96.9,-93.72,-20.18,O:SPY260128C00701000,O:SPY260128P00692000,True,09:31
SPY,2026-01-28,Mié,combined,30,14:00,13:30-15:55,115,CALL,-31.04,-69.05,6.98,0.14,0.48,True,-953.49,-1453.49,-1411.82,-310.35,-95.35,-96.9,-94.12,-31.04,O:SPY260128C00701000,O:SPY260128P00692000,True,09:31
SPY,2026-01-28,Mié,combined,40,14:37,13:30-15:55,78,CALL,-40.48,-80.95,0.0,0.09,0.44,True,-953.49,-1453.49,-1408.03,-404.76,-95.35,-96.9,-93.87,-40.48,O:SPY260128C00701000,O:SPY260128P00692000,True,09:31
SPY,2026-01-28,Mié,combined,50,14:47,13:30-15:55,68,CALL,-52.16,-85.71,-18.6,0.07,0.36,True,-953.49,-1453.49,-1397.93,-521.59,-95.35,-96.9,-93.2,-52.16,O:SPY260128C00701000,O:SPY260128P00692000,True,09:31
SPY,2026-01-28,Mié,combined,60,14:48,13:30-15:55,67,CALL,-62.6,-83.33,-41.86,0.08,0.26,True,-953.49,-1453.49,-1376.57,-625.97,-95.35,-96.9,-91.77,-62.6,O:SPY260128C00701000,O:SPY260128P00692000,True,09:31
SPY,2026-01-28,Mié,leg,20,09:59,09:30-10:30,356,CALL,-9.58,-23.81,4.65,0.33,0.46,True,-953.49,-1453.49,-1410.01,-572.54,-95.35,-96.9,-94.0,-57.25,O:SPY260128C00701000,O:SPY260128P00692000,True,09:31
SPY,2026-01-28,Mié,leg,30,10:07,09:30-10:30,348,CALL,-9.66,-30.95,11.63,0.3,0.49,True,-953.49,-1453.49,-1412.67,-608.25,-95.35,-96.9,-94.18,-60.83,O:SPY260128C00701000,O:SPY260128P00692000,True,09:31
SPY,2026-01-28,Mié,leg,40,10:10,09:30-10:30,345,CALL,-5.12,-40.48,30.23,0.26,0.57,True,-953.49,-1453.49,-1418.4,-655.87,-95.35,-96.9,-94.56,-65.59,O:SPY260128C00701000,O:SPY260128P00692000,True,09:31
SPY,2026-01-28,Mié,leg,50,10:34,10:30-12:00,321,CALL,-13.4,-52.38,25.58,0.21,0.55,True,-953.49,-1453.49,-1417.12,-715.39,-95.35,-96.9,-94.47,-71.54,O:SPY260128C00701000,O:SPY260128P00692000,True,09:31
SPY,2026-01-28,Mié,leg,60,11:22,10:30-12:00,273,CALL,-7.7,-61.9,46.51,0.17,0.64,True,-953.49,-1453.49,-1422.24,-763.01,-95.35,-96.9,-94.82,-76.3,O:SPY260128C00701000,O:SPY260128P00692000,True,09:31
IWM,2026-01-28,Mié,combined,20,14:48,13:30-15:55,67,CALL,-23.66,-89.19,41.86,0.05,0.63,True,-186.05,-686.05,-130.49,-236.64,-18.6,-45.74,-8.7,-23.66,O:IWM260128C00267000,O:IWM260128P00264000,True,09:30
IWM,2026-01-28,Mié,combined,30,14:52,13:30-15:55,63,CALL,-41.11,-89.19,6.98,0.05,0.47,True,-186.05,-686.05,58.63,-411.06,-18.6,-45.74,3.91,-41.11,O:IWM260128C00267000,O:IWM260128P00264000,True,09:30
IWM,2026-01-28,Mié,combined,40,14:52,13:30-15:55,63,CALL,-41.11,-89.19,6.98,0.05,0.47,True,-186.05,-686.05,58.63,-411.06,-18.6,-45.74,3.91,-41.11,O:IWM260128C00267000,O:IWM260128P00264000,True,09:30
IWM,2026-01-28,Mié,combined,50,15:09,13:30-15:55,46,CALL,-54.46,-97.3,-11.63,0.02,0.4,True,-186.05,-686.05,188.95,-544.63,-18.6,-45.74,12.6,-54.46,O:IWM260128C00267000,O:IWM260128P00264000,True,09:30
IWM,2026-01-28,Mié,leg,20,10:00,09:30-10:30,355,CALL,57.61,-24.32,139.53,0.29,1.04,True,-186.05,-686.05,-349.51,192.33,-18.6,-45.74,-23.3,19.23,O:IWM260128C00267000,O:IWM260128P00264000,True,09:30
IWM,2026-01-28,Mié,leg,30,10:05,09:30-10:30,350,CALL,66.34,-32.43,165.12,0.26,1.15,True,-186.05,-686.05,-381.7,151.79,-18.6,-45.74,-25.45,15.18,O:IWM260128C00267000,O:IWM260128P00264000,True,09:30
IWM,2026-01-28,Mié,leg,40,10:09,09:30-10:30,346,CALL,78.57,-40.54,197.67,0.23,1.29,True,-186.05,-686.05,-414.73,111.25,-18.6,-45.74,-27.65,11.13,O:IWM260128C00267000,O:IWM260128P00264000,True,09:30
IWM,2026-01-28,Mié,leg,50,10:12,09:30-10:30,343,CALL,101.07,-51.35,253.49,0.19,1.53,True,-186.05,-686.05,-457.29,57.2,-18.6,-45.74,-30.49,5.72,O:IWM260128C00267000,O:IWM260128P00264000,True,09:30
IWM,2026-01-28,Mié,leg,60,10:17,09:30-10:30,338,CALL,115.43,-62.16,293.02,0.15,1.7,True,-186.05,-686.05,-480.16,3.14,-18.6,-45.74,-32.01,0.31,O:IWM260128C00267000,O:IWM260128P00264000,True,09:30
QQQ,2026-01-29,Jue,combined,20,09:30,09:30-10:30,385,PUT,-30.1,-4.88,-55.32,0.22,0.41,True,-978.72,-1433.27,-1478.72,-300.99,-97.87,-95.55,-98.58,-30.1,O:QQQ260129C00638000,O:QQQ260129P00622000,True,09:30
QQQ,2026-01-29,Jue,combined,30,09:30,09:30-10:30,385,PUT,-30.1,-4.88,-55.32,0.22,0.41,True,-978.72,-1433.27,-1478.72,-300.99,-97.87,-95.55,-98.58,-30.1,O:QQQ260129C00638000,O:QQQ260129P00622000,True,09:30
QQQ,2026-01-29,Jue,combined,40,12:23,12:00-13:30,212,CALL,-46.65,-97.56,4.26,0.02,0.5,True,-978.72,-1478.72,-1458.72,-466.53,-97.87,-98.58,-97.25,-46.65,O:QQQ260129C00638000,O:QQQ260129P00622000,True,09:30
QQQ,2026-01-29,Jue,combined,50,12:36,12:00-13:30,199,CALL,-55.16,-97.56,-12.77,0.02,0.42,True,-978.72,-1478.72,-1454.91,-551.63,-97.87,-98.58,-96.99,-55.16,O:QQQ260129C00638000,O:QQQ260129P00622000,True,09:30
QQQ,2026-01-29,Jue,combined,60,13:14,12:00-13:30,161,CALL,-61.55,-97.56,-25.53,0.02,0.36,True,-978.72,-1478.72,-1450.95,-615.46,-97.87,-98.58,-96.73,-61.55,O:QQQ260129C00638000,O:QQQ260129P00622000,True,09:30
QQQ,2026-01-29,Jue,leg,20,09:30,09:30-10:30,385,PUT,-30.1,-4.88,-55.32,0.22,0.41,True,-978.72,-1433.27,-1478.72,-776.6,-97.87,-95.55,-98.58,-77.66,O:QQQ260129C00638000,O:QQQ260129P00622000,True,09:30
QQQ,2026-01-29,Jue,leg,30,09:30,09:30-10:30,385,PUT,-30.1,-4.88,-55.32,0.22,0.41,True,-978.72,-1433.27,-1478.72,-776.6,-97.87,-95.55,-98.58,-77.66,O:QQQ260129C00638000,O:QQQ260129P00622000,True,09:30
QQQ,2026-01-29,Jue,leg,40,09:30,09:30-10:30,385,PUT,-30.1,-4.88,-55.32,0.22,0.41,True,-978.72,-1433.27,-1478.72,-776.6,-97.87,-95.55,-98.58,-77.66,O:QQQ260129C00638000,O:QQQ260129P00622000,True,09:30
QQQ,2026-01-29,Jue,leg,50,09:30,09:30-10:30,385,PUT,-30.1,-4.88,-55.32,0.22,0.41,True,-978.72,-1433.27,-1478.72,-776.6,-97.87,-95.55,-98.58,-77.66,O:QQQ260129C00638000,O:QQQ260129P00622000,True,09:30
QQQ,2026-01-29,Jue,leg,60,09:36,09:30-10:30,379,CALL,-24.26,-63.41,14.89,0.16,0.56,True,-978.72,-1478.72,-1460.87,-795.8,-97.87,-98.58,-97.39,-79.58,O:QQQ260129C00638000,O:QQQ260129P00622000,True,09:30
SPY,2026-01-29,Jue,combined,20,14:24,13:30-15:55,91,CALL,-21.05,-97.37,55.26,0.02,0.6,True,-947.37,-1447.37,-1414.04,-210.53,-94.74,-96.49,-94.27,-21.05,O:SPY260129C00700000,O:SPY260129P00691000,True,09:31
SPY,2026-01-29,Jue,combined,30,15:09,13:30-15:55,46,CALL,-32.89,-100.0,34.21,0.01,0.52,False,-947.37,,,-328.95,-94.74,,,-32.89,O:SPY260129C00700000,O:SPY260129P00691000,True,09:31
SPY,2026-01-29,Jue,combined,40,15:25,13:30-15:55,30,CALL,-43.42,-100.0,13.16,0.01,0.44,False,-947.37,,,-434.21,-94.74,,,-43.42,O:SPY260129C00700000,O:SPY260129P00691000,True,09:31
SPY,2026-01-29,Jue,combined,50,15:36,13:30-15:55,19,CALL,-52.63,-100.0,-5.26,0.01,0.37,False,-947.37,,,-526.32,-94.74,,,-52.63,O:SPY260129C00700000,O:SPY260129P00691000,True,09:31
SPY,2026-01-29,Jue,combined,60,15:37,13:30-15:55,18,CALL,-61.84,-100.0,-23.68,0.01,0.3,False,-947.37,,,-618.42,-94.74,,,-61.84,O:SPY260129C00700000,O:SPY260129P00691000,True,09:31
SPY,2026-01-29,Jue,leg,20,09:32,09:30-10:30,383,CALL,-3.95,-21.05,13.16,0.31,0.44,True,-947.37,-1447.37,-1401.91,-552.63,-94.74,-96.49,-93.46,-55.26,O:SPY260129C00700000,O:SPY260129P00691000,True,09:31
SPY,2026-01-29,Jue,leg,30,09:33,09:30-10:30,382,CALL,3.95,-31.58,39.47,0.27,0.54,True,-947.37,-1447.37,-1410.33,-605.26,-94.74,-96.49,-94.02,-60.53,O:SPY260129C00700000,O:SPY260129P00691000,True,09:31
SPY,2026-01-29,Jue,leg,40,09:38,09:30-10:30,377,CALL,17.11,-44.74,78.95,0.22,0.69,True,-947.37,-1447.37,-1418.38,-671.05,-94.74,-96.49,-94.56,-67.11,O:SPY260129C00700000,O:SPY260129P00691000,True,09:31
SPY,2026-01-29,Jue,leg,50,09:41,09:30-10:30,374,CALL,15.79,-50.0,81.58,0.2,0.7,True,-947.37,-1447.37,-1418.8,-697.37,-94.74,-96.49,-94.59,-69.74,O:SPY260129C00700000,O:SPY260129P00691000,True,09:31
SPY,2026-01-29,Jue,leg,60,09:42,09:30-10:30,373,CALL,35.53,-60.53,131.58,0.16,0.89,True,-947.37,-1447.37,-1424.9,-750.0,-94.74,-96.49,-94.99,-75.0,O:SPY260129C00700000,O:SPY260129P00691000,True,09:31
IWM,2026-01-29,Jue,combined,20,09:32,09:30-10:30,383,PUT,-22.36,-15.69,-29.03,0.45,0.44,True,-991.94,-1480.82,-1491.94,-223.59,-99.19,-98.72,-99.46,-22.36,O:IWM260129C00265000,O:IWM260129P00262000,True,09:30
IWM,2026-01-29,Jue,combined,30,10:25,09:30-10:30,330,CALL,-30.28,-68.63,8.06,0.17,0.68,True,-991.94,-1491.94,-1484.58,-302.81,-99.19,-99.46,-98.97,-30.28,O:IWM260129C00265000,O:IWM260129P00262000,True,09:30
IWM,2026-01-29,Jue,combined,40,12:02,12:00-13:30,233,CALL,-42.85,-92.16,6.45,0.05,0.67,True,-991.94,-1491.94,-1484.47,-428.53,-99.19,-99.46,-98.96,-42.85,O:IWM260129C00265000,O:IWM260129P00262000,True,09:30
IWM,2026-01-29,Jue,combined,50,12:04,12:00-13:30,231,CALL,-50.92,-92.16,-9.68,0.05,0.57,True,-991.94,-1491.94,-1483.16,-509.17,-99.19,-99.46,-98.88,-50.92,O:IWM260129C00265000,O:IWM260129P00262000,True,09:30
IWM,2026-01-29,Jue,combined,60,12:18,12:00-13:30,217,CALL,-62.67,-88.24,-37.1,0.07,0.41,True,-991.94,-1491.94,-1479.74,-626.66,-99.19,-99.46,-98.65,-62.67,O:IWM260129C00265000,O:IWM260129P00262000,True,09:30
IWM,2026-01-29,Jue,leg,20,09:30,09:30-10:30,385,PUT,-13.35,31.37,-58.06,0.28,0.69,True,-991.94,-1474.08,-1491.94,-790.32,-99.19,-98.27,-99.46,-79.03,O:IWM260129C00265000,O:IWM260129P00262000,True,09:30
IWM,2026-01-29,Jue,leg,30,09:30,09:30-10:30,385,PUT,-13.35,31.37,-58.06,0.28,0.69,True,-991.94,-1474.08,-1491.94,-790.32,-99.19,-98.27,-99.46,-79.03,O:IWM260129C00265000,O:IWM260129P00262000,True,09:30
IWM,2026-01-29,Jue,leg,40,09:30,09:30-10:30,385,PUT,-13.35,31.37,-58.06,0.28,0.69,True,-991.94,-1474.08,-1491.94,-790.32,-99.19,-98.27,-99.46,-79.03,O:IWM260129C00265000,O:IWM260129P00262000,True,09:30
IWM,2026-01-29,Jue,leg,50,09:30,09:30-10:30,385,PUT,-13.35,31.37,-58.06,0.28,0.69,True,-991.94,-1474.08,-1491.94,-790.32,-99.19,-98.27,-99.46,-79.03,O:IWM260129C00265000,O:IWM260129P00262000,True,09:30
IWM,2026-01-29,Jue,leg,60,09:38,09:30-10:30,377,PUT,-9.36,49.02,-67.74,0.21,0.78,True,-991.94,-1468.13,-1491.94,-838.71,-99.19,-97.88,-99.46,-83.87,O:IWM260129C00265000,O:IWM260129P00262000,True,09:30
QQQ,2026-01-30,Vie,combined,20,09:49,09:30-10:30,366,CALL,-20.67,-30.23,-11.11,0.31,0.41,True,-977.78,-1477.78,-1453.39,-206.72,-97.78,-98.52,-96.89,-20.67,O:QQQ260130C00633000,O:QQQ260130P00619000,True,09:30
QQQ,2026-01-30,Vie,combined,30,09:57,09:30-10:30,358,CALL,-31.09,-48.84,-13.33,0.23,0.4,True,-977.78,-1477.78,-1452.78,-310.85,-97.78,-98.52,-96.85,-31.09,O:QQQ260130C00633000,O:QQQ260130P00619000,True,09:30
QQQ,2026-01-30,Vie,combined,40,10:10,09:30-10:30,345,CALL,-40.13,-55.81,-24.44,0.2,0.35,True,-977.78,-1477.78,-1449.21,-401.29,-97.78,-98.52,-96.61,-40.13,O:QQQ260130C00633000,O:QQQ260130P00619000,True,09:30
QQQ,2026-01-30,Vie,combined,50,10:18,09:30-10:30,337,CALL,-50.08,-53.49,-46.67,0.21,0.25,True,-977.78,-1477.78,-1437.78,-500.78,-97.78,-98.52,-95.85,-50.08,O:QQQ260130C00633000,O:QQQ260130P00619000,True,09:30
QQQ,2026-01-30,Vie,combined,60,11:06,10:30-12:00,289,CALL,-63.93,-76.74,-51.11,0.11,0.23,True,-977.78,-1477.78,-1434.3,-639.28,-97.78,-98.52,-95.62,-63.93,O:QQQ260130C00633000,O:QQQ260130P00619000,True,09:30
QQQ,2026-01-30,Vie,leg,20,09:31,09:30-10:30,384,CALL,17.0,-34.88,68.89,0.29,0.78,True,-977.78,-1477.78,-1464.96,-652.2,-97.78,-98.52,-97.66,-65.22,O:QQQ260130C00633000,O:QQQ260130P00619000,True,09:30
QQQ,2026-01-30,Vie,leg,30,09:31,09:30-10:30,384,CALL,17.0,-34.88,68.89,0.29,0.78,True,-977.78,-1477.78,-1464.96,-652.2,-97.78,-98.52,-97.66,-65.22,O:QQQ260130C00633000,O:QQQ260130P00619000,True,09:30
QQQ,2026-01-30,Vie,leg,40,09:45,09:30-10:30,370,CALL,-13.2,-44.19,17.78,0.25,0.54,True,-977.78,-1477.78,-1459.26,-698.71,-97.78,-98.52,-97.28,-69.87,O:QQQ260130C00633000,O:QQQ260130P00619000,True,09:30
QQQ,2026-01-30,Vie,leg,50,09:58,09:30-10:30,357,CALL,-28.01,-60.47,4.44,0.18,0.48,True,-977.78,-1477.78,-1456.94,-780.1,-97.78,-98.52,-97.13,-78.01,O:QQQ260130C00633000,O:QQQ260130P00619000,True,09:30
QQQ,2026-01-30,Vie,leg,60,09:58,09:30-10:30,357,CALL,-28.01,-60.47,4.44,0.18,0.48,True,-977.78,-1477.78,-1456.94,-780.1,-97.78,-98.52,-97.13,-78.01,O:QQQ260130C00633000,O:QQQ260130P00619000,True,09:30
SPY,2026-01-30,Vie,combined,20,09:47,09:30-10:30,368,CALL,-20.33,-34.0,-6.67,0.34,0.43,True,-1000.0,-1500.0,-1500.0,-203.33,-100.0,-100.0,-100.0,-20.33,O:SPY260130C00697000,O:SPY260130P00686000,True,09:30
SPY,2026-01-30,Vie,combined,30,09:55,09:30-10:30,360,CALL,-31.0,-42.0,-20.0,0.3,0.37,True,-1000.0,-1500.0,-1500.0,-310.0,-100.0,-100.0,-100.0,-31.0,O:SPY260130C00697000,O:SPY260130P00686000,True,09:30
SPY,2026-01-30,Vie,combined,40,10:06,09:30-10:30,349,CALL,-40.0,-40.0,-40.0,0.31,0.28,True,-1000.0,-1500.0,-1500.0,-400.0,-100.0,-100.0,-100.0,-40.0,O:SPY260130C00697000,O:SPY260130P00686000,True,09:30
SPY,2026-01-30,Vie,combined,50,10:24,09:30-10:30,331,CALL,-50.22,-56.0,-44.44,0.23,0.26,True,-1000.0,-1500.0,-1500.0,-502.22,-100.0,-100.0,-100.0,-50.22,O:SPY260130C00697000,O:SPY260130P00686000,True,09:30
SPY,2026-01-30,Vie,combined,60,11:03,10:30-12:00,292,CALL,-60.44,-72.0,-48.89,0.15,0.24,True,-1000.0,-1500.0,-1500.0,-604.44,-100.0,-100.0,-100.0,-60.44,O:SPY260130C00697000,O:SPY260130P00686000,True,09:30
SPY,2026-01-30,Vie,leg,20,09:31,09:30-10:30,384,CALL,5.22,-34.0,44.44,0.34,0.66,True,-1000.0,-1500.0,-1500.0,-670.0,-100.0,-100.0,-100.0,-67.0,O:SPY260130C00697000,O:SPY260130P00686000,True,09:30
SPY,2026-01-30,Vie,leg,30,09:31,09:30-10:30,384,CALL,5.22,-34.0,44.44,0.34,0.66,True,-1000.0,-1500.0,-1500.0,-670.0,-100.0,-100.0,-100.0,-67.0,O:SPY260130C00697000,O:SPY260130P00686000,True,09:30
SPY,2026-01-30,Vie,leg,40,09:45,09:30-10:30,370,CALL,-18.89,-40.0,2.22,0.31,0.47,True,-1000.0,-1500.0,-1500.0,-700.0,-100.0,-100.0,-100.0,-70.0,O:SPY260130C00697000,O:SPY260130P00686000,True,09:30
SPY,2026-01-30,Vie,leg,50,09:58,09:30-10:30,357,CALL,-32.22,-60.0,-4.44,0.21,0.44,True,-1000.0,-1500.0,-1500.0,-800.0,-100.0,-100.0,-100.0,-80.0,O:SPY260130C00697000,O:SPY260130P00686000,True,09:30
SPY,2026-01-30,Vie,leg,60,09:58,09:30-10:30,357,CALL,-32.22,-60.0,-4.44,0.21,0.44,True,-1000.0,-1500.0,-1500.0,-800.0,-100.0,-100.0,-100.0,-80.0,O:SPY260130C00697000,O:SPY260130P00686000,True,09:30
IWM,2026-01-30,Vie,combined,20,10:06,09:30-10:30,349,CALL,-28.77,-54.1,-3.45,0.29,0.57,True,-689.66,-1189.66,-873.87,-287.73,-68.97,-79.31,-58.26,-28.77,O:IWM260130C00263000,O:IWM260130P00260000,True,09:30
IWM,2026-01-30,Vie,combined,30,10:07,09:30-10:30,348,CALL,-32.39,-47.54,-17.24,0.33,0.5,True,-689.66,-1189.66,-829.66,-323.91,-68.97,-79.31,-55.31,-32.39,O:IWM260130C00263000,O:IWM260130P00260000,True,09:30
IWM,2026-01-30,Vie,combined,40,10:40,10:30-12:00,315,CALL,-40.33,-73.77,-6.9,0.17,0.55,True,-689.66,-1189.66,-862.38,-403.34,-68.97,-79.31,-57.49,-40.33,O:IWM260130C00263000,O:IWM260130P00260000,True,09:30
IWM,2026-01-30,Vie,combined,50,13:58,13:30-15:55,117,CALL,-52.76,-93.44,-12.07,0.05,0.53,True,-689.66,-1189.66,-850.03,-527.56,-68.97,-79.31,-56.67,-52.76,O:IWM260130C00263000,O:IWM260130P00260000,True,09:30
IWM,2026-01-30,Vie,combined,60,14:00,13:30-15:55,115,CALL,-61.38,-93.44,-29.31,0.05,0.43,True,-689.66,-1189.66,-771.05,-613.76,-68.97,-79.31,-51.4,-61.38,O:IWM260130C00263000,O:IWM260130P00260000,True,09:30
IWM,2026-01-30,Vie,leg,20,09:32,09:30-10:30,383,PUT,1.87,27.87,-24.14,0.45,0.8,True,-689.66,-789.66,-1189.66,-620.69,-68.97,-52.64,-79.31,-62.07,O:IWM260130C00263000,O:IWM260130P00260000,True,09:30
IWM,2026-01-30,Vie,leg,30,09:33,09:30-10:30,382,PUT,12.01,68.85,-44.83,0.33,1.05,True,-689.66,-644.2,-1189.66,-724.14,-68.97,-42.95,-79.31,-72.41,O:IWM260130C00263000,O:IWM260130P00260000,True,09:30
IWM,2026-01-30,Vie,leg,40,09:33,09:30-10:30,382,PUT,12.01,68.85,-44.83,0.33,1.05,True,-689.66,-644.2,-1189.66,-724.14,-68.97,-42.95,-79.31,-72.41,O:IWM260130C00263000,O:IWM260130P00260000,True,09:30
IWM,2026-01-30,Vie,leg,50,09:57,09:30-10:30,358,CALL,-16.7,-54.1,20.69,0.29,0.71,True,-689.66,-1189.66,-936.13,-460.15,-68.97,-79.31,-62.41,-46.01,O:IWM260130C00263000,O:IWM260130P00260000,True,09:30
IWM,2026-01-30,Vie,leg,60,09:58,09:30-10:30,357,CALL,-12.96,-65.57,39.66,0.22,0.82,True,-689.66,-1189.66,-970.14,-517.52,-68.97,-79.31,-64.68,-51.75,O:IWM260130C00263000,O:IWM260130P00260000,True,09:30
QQQ,2026-02-02,Lun,combined,20,09:30,09:30-10:30,385,PUT,-32.2,-2.86,-61.54,0.21,0.35,True,-842.86,-1342.86,-1185.71,-321.98,-84.29,-89.52,-79.05,-32.2,O:QQQ260202C00627000,O:QQQ260202P00608000,True,09:30
QQQ,2026-02-02,Lun,combined,30,09:30,09:30-10:30,385,PUT,-32.2,-2.86,-61.54,0.21,0.35,True,-842.86,-1342.86,-1185.71,-321.98,-84.29,-89.52,-79.05,-32.2,O:QQQ260202C00627000,O:QQQ260202P00608000,True,09:30
QQQ,2026-02-02,Lun,combined,40,09:33,09:30-10:30,382,PUT,-43.65,-20.0,-67.31,0.18,0.29,True,-842.86,-1342.86,-1153.2,-436.54,-84.29,-89.52,-76.88,-43.65,O:QQQ260202C00627000,O:QQQ260202P00608000,True,09:30
QQQ,2026-02-02,Lun,combined,50,14:59,13:30-15:55,56,PUT,-53.32,-8.57,-98.08,0.02,0.33,True,-842.86,-1342.86,-1176.19,-533.24,-84.29,-89.52,-78.41,-53.32,O:QQQ260202C00627000,O:QQQ260202P00608000,True,09:30
QQQ,2026-02-02,Lun,combined,60,15:32,13:30-15:55,23,PUT,-63.32,-28.57,-98.08,0.02,0.26,True,-842.86,-1342.86,-1131.32,-633.24,-84.29,-89.52,-75.42,-63.32,O:QQQ260202C00627000,O:QQQ260202P00608000,True,09:30
QQQ,2026-02-02,Lun,leg,20,09:30,09:30-10:30,385,PUT,-32.2,-2.86,-61.54,0.21,0.35,True,-842.86,-1342.86,-1185.71,-650.55,-84.29,-89.52,-79.05,-65.05,O:QQQ260202C00627000,O:QQQ260202P00608000,True,09:30
QQQ,2026-02-02,Lun,leg,30,09:30,09:30-10:30,385,PUT,-32.2,-2.86,-61.54,0.21,0.35,True,-842.86,-1342.86,-1185.71,-650.55,-84.29,-89.52,-79.05,-65.05,O:QQQ260202C00627000,O:QQQ260202P00608000,True,09:30
QQQ,2026-02-02,Lun,leg,40,09:30,09:30-10:30,385,PUT,-32.2,-2.86,-61.54,0.21,0.35,True,-842.86,-1342.86,-1185.71,-650.55,-84.29,-89.52,-79.05,-65.05,O:QQQ260202C00627000,O:QQQ260202P00608000,True,09:30
QQQ,2026-02-02,Lun,leg,50,09:30,09:30-10:30,385,PUT,-32.2,-2.86,-61.54,0.21,0.35,True,-842.86,-1342.86,-1185.71,-650.55,-84.29,-89.52,-79.05,-65.05,O:QQQ260202C00627000,O:QQQ260202P00608000,True,09:30
QQQ,2026-02-02,Lun,leg,60,09:30,09:30-10:30,385,PUT,-32.2,-2.86,-61.54,0.21,0.35,True,-842.86,-1342.86,-1185.71,-650.55,-84.29,-89.52,-79.05,-65.05,O:QQQ260202C00627000,O:QQQ260202P00608000,True,09:30
SPY,2026-02-02,Lun,combined,20,09:30,09:30-10:30,385,PUT,-31.23,-2.04,-60.42,0.2,0.49,True,591.84,91.84,1683.67,-312.29,59.18,6.12,112.24,-31.23,O:SPY260202C00694000,O:SPY260202P00681000,True,09:30
SPY,2026-02-02,Lun,combined,30,09:30,09:30-10:30,385,PUT,-31.23,-2.04,-60.42,0.2,0.49,True,591.84,91.84,1683.67,-312.29,59.18,6.12,112.24,-31.23,O:SPY260202C00694000,O:SPY260202P00681000,True,09:30
SPY,2026-02-02,Lun,leg,20,09:30,09:30-10:30,385,PUT,-31.23,-2.04,-60.42,0.2,0.49,True,591.84,91.84,1683.67,789.75,59.18,6.12,112.24,78.98,O:SPY260202C00694000,O:SPY260202P00681000,True,09:30
SPY,2026-02-02,Lun,leg,30,09:30,09:30-10:30,385,PUT,-31.23,-2.04,-60.42,0.2,0.49,True,591.84,91.84,1683.67,789.75,59.18,6.12,112.24,78.98,O:SPY260202C00694000,O:SPY260202P00681000,True,09:30
SPY,2026-02-02,Lun,leg,40,09:30,09:30-10:30,385,PUT,-31.23,-2.04,-60.42,0.2,0.49,True,591.84,91.84,1683.67,789.75,59.18,6.12,112.24,78.98,O:SPY260202C00694000,O:SPY260202P00681000,True,09:30
SPY,2026-02-02,Lun,leg,50,09:30,09:30-10:30,385,PUT,-31.23,-2.04,-60.42,0.2,0.49,True,591.84,91.84,1683.67,789.75,59.18,6.12,112.24,78.98,O:SPY260202C00694000,O:SPY260202P00681000,True,09:30
SPY,2026-02-02,Lun,leg,60,09:30,09:30-10:30,385,PUT,-31.23,-2.04,-60.42,0.2,0.49,True,591.84,91.84,1683.67,789.75,59.18,6.12,112.24,78.98,O:SPY260202C00694000,O:SPY260202P00681000,True,09:30
IWM,2026-02-02,Lun,combined,20,09:31,09:30-10:30,384,PUT,-20.81,-13.04,-28.57,0.31,0.41,True,76.09,-423.91,783.4,-208.07,7.61,-28.26,52.23,-20.81,O:IWM260202C00261000,O:IWM260202P00256000,True,09:30
IWM,2026-02-02,Lun,combined,30,09:58,09:30-10:30,357,PUT,-31.37,8.7,-71.43,0.13,0.51,True,76.09,-423.91,546.68,-313.66,7.61,-28.26,36.45,-31.37,O:IWM260202C00261000,O:IWM260202P00256000,True,09:30
IWM,2026-02-02,Lun,leg,20,09:30,09:30-10:30,385,PUT,-16.46,-4.35,-28.57,0.31,0.46,True,76.09,-423.91,652.17,433.23,7.61,-28.26,43.48,43.32,O:IWM260202C00261000,O:IWM260202P00256000,True,09:30
IWM,2026-02-02,Lun,leg,30,09:32,09:30-10:30,383,PUT,-9.99,34.78,-54.76,0.2,0.64,True,76.09,-423.91,349.52,302.28,7.61,-28.26,23.3,30.23,O:IWM260202C00261000,O:IWM260202P00256000,True,09:30
IWM,2026-02-02,Lun,leg,40,09:32,09:30-10:30,383,PUT,-9.99,34.78,-54.76,0.2,0.64,True,76.09,-423.91,349.52,302.28,7.61,-28.26,23.3,30.23,O:IWM260202C00261000,O:IWM260202P00256000,True,09:30
IWM,2026-02-02,Lun,leg,50,09:32,09:30-10:30,383,PUT,-9.99,34.78,-54.76,0.2,0.64,True,76.09,-423.91,349.52,302.28,7.61,-28.26,23.3,30.23,O:IWM260202C00261000,O:IWM260202P00256000,True,09:30
IWM,2026-02-02,Lun,leg,60,09:34,09:30-10:30,381,PUT,-5.95,50.0,-61.9,0.17,0.7,True,76.09,-423.91,283.23,266.56,7.61,-28.26,18.88,26.66,O:IWM260202C00261000,O:IWM260202P00256000,True,09:30
QQQ,2026-02-03,Mar,leg,20,09:31,09:30-10:30,384,CALL,11.39,-22.22,45.0,0.36,0.59,True,7262.5,6762.5,12364.19,7651.39,726.25,450.83,824.28,765.14,O:QQQ260203C00631000,O:QQQ260203P00623000,True,09:30
QQQ,2026-02-03,Mar,leg,30,09:33,09:30-10:30,382,CALL,23.89,-42.22,90.0,0.27,0.78,True,7262.5,6762.5,10999.68,7551.39,726.25,450.83,733.31,755.14,O:QQQ260203C00631000,O:QQQ260203P00623000,True,09:30
QQQ,2026-02-03,Mar,leg,40,09:33,09:30-10:30,382,CALL,23.89,-42.22,90.0,0.27,0.78,True,7262.5,6762.5,10999.68,7551.39,726.25,450.83,733.31,755.14,O:QQQ260203C00631000,O:QQQ260203P00623000,True,09:30
QQQ,2026-02-03,Mar,leg,50,09:37,09:30-10:30,378,CALL,35.69,-51.11,122.5,0.23,0.9,True,7262.5,6762.5,10434.72,7506.94,726.25,450.83,695.65,750.69,O:QQQ260203C00631000,O:QQQ260203P00623000,True,09:30
QQQ,2026-02-03,Mar,leg,60,09:39,09:30-10:30,376,CALL,45.14,-62.22,152.5,0.18,1.02,True,7262.5,6762.5,10002.7,7451.39,726.25,450.83,666.85,745.14,O:QQQ260203C00631000,O:QQQ260203P00623000,True,09:30
SPY,2026-02-03,Mar,combined,20,09:30,09:30-10:30,385,PUT,-20.5,18.37,-59.38,0.14,0.59,True,140.62,2247.77,-359.38,-205.04,14.06,149.85,-23.96,-20.5,O:SPY260203C00698000,O:SPY260203P00690000,True,09:30
SPY,2026-02-03,Mar,combined,30,09:44,09:30-10:30,371,CALL,-31.82,-44.9,-18.75,0.28,0.27,True,140.62,-359.38,992.48,-318.24,14.06,-23.96,66.17,-31.82,O:SPY260203C00698000,O:SPY260203P00690000,True,09:30
SPY,2026-02-03,Mar,combined,40,09:50,09:30-10:30,365,PUT,-42.83,-38.78,-46.88,0.18,0.31,True,140.62,1668.4,-359.38,-428.25,14.06,111.23,-23.96,-42.83,O:SPY260203C00698000,O:SPY260203P00690000,True,09:30
SPY,2026-02-03,Mar,leg,20,09:30,09:30-10:30,385,PUT,-20.5,18.37,-59.38,0.14,0.59,True,140.62,2247.77,-359.38,-796.88,14.06,149.85,-23.96,-79.69,O:SPY260203C00698000,O:SPY260203P00690000,True,09:30
SPY,2026-02-03,Mar,leg,30,09:30,09:30-10:30,385,PUT,-20.5,18.37,-59.38,0.14,0.59,True,140.62,2247.77,-359.38,-796.88,14.06,149.85,-23.96,-79.69,O:SPY260203C00698000,O:SPY260203P00690000,True,09:30
SPY,2026-02-03,Mar,leg,40,09:30,09:30-10:30,385,PUT,-20.5,18.37,-59.38,0.14,0.59,True,140.62,2247.77,-359.38,-796.88,14.06,149.85,-23.96,-79.69,O:SPY260203C00698000,O:SPY260203P00690000,True,09:30
SPY,2026-02-03,Mar,leg,50,09:30,09:30-10:30,385,PUT,-20.5,18.37,-59.38,0.14,0.59,True,140.62,2247.77,-359.38,-796.88,14.06,149.85,-23.96,-79.69,O:SPY260203C00698000,O:SPY260203P00690000,True,09:30
SPY,2026-02-03,Mar,leg,60,09:55,09:30-10:30,360,CALL,-38.42,-61.22,-15.62,0.2,0.28,True,140.62,-359.38,944.2,334.5,14.06,-23.96,62.95,33.45,O:SPY260203C00698000,O:SPY260203P00690000,True,09:30
IWM,2026-02-03,Mar,combined,20,15:36,13:30-15:55,19,CALL,-22.0,-96.77,52.78,0.03,0.57,True,-883.51,449.82,-1365.97,-219.98,-88.35,29.99,-91.06,-22.0,O:IWM260203C00263000,O:IWM260203P00262000,True,09:30
IWM,2026-02-03,Mar,combined,30,15:38,13:30-15:55,17,CALL,-33.11,-96.77,30.56,0.03,0.49,True,-883.51,449.82,-1363.1,-331.09,-88.35,29.99,-90.87,-33.11,O:IWM260203C00263000,O:IWM260203P00262000,True,09:30
IWM,2026-02-03,Mar,combined,40,15:45,13:30-15:55,10,CALL,-44.22,-96.77,8.33,0.03,0.41,True,-883.51,449.82,-1359.12,-442.2,-88.35,29.99,-90.61,-44.22,O:IWM260203C00263000,O:IWM260203P00262000,True,09:30
IWM,2026-02-03,Mar,combined,50,15:49,13:30-15:55,6,CALL,-60.89,-96.77,-25.0,0.03,0.31,True,-883.51,449.82,-1351.25,-608.87,-88.35,29.99,-90.08,-60.89,O:IWM260203C00263000,O:IWM260203P00262000,True,09:30
IWM,2026-02-03,Mar,combined,60,15:49,13:30-15:55,6,CALL,-60.89,-96.77,-25.0,0.03,0.31,True,-883.51,449.82,-1351.25,-608.87,-88.35,29.99,-90.08,-60.89,O:IWM260203C00263000,O:IWM260203P00262000,True,09:30
IWM,2026-02-03,Mar,leg,20,09:31,09:30-10:30,384,PUT,74.37,170.97,-22.22,0.29,1.7,True,-883.51,-1349.03,-1351.16,-522.4,-88.35,-89.94,-90.08,-52.24,O:IWM260203C00263000,O:IWM260203P00262000,True,09:30
IWM,2026-02-03,Mar,leg,30,09:42,09:30-10:30,373,PUT,65.59,164.52,-33.33,0.25,1.67,True,-883.51,-1343.51,-1350.58,-577.96,-88.35,-89.57,-90.04,-57.8,O:IWM260203C00263000,O:IWM260203P00262000,True,09:30
IWM,2026-02-03,Mar,leg,40,09:47,09:30-10:30,368,PUT,69.13,185.48,-47.22,0.2,1.81,True,-883.51,-1333.51,-1353.13,-647.4,-88.35,-88.9,-90.21,-64.74,O:IWM260203C00263000,O:IWM260203P00262000,True,09:30
IWM,2026-02-03,Mar,leg,50,09:48,09:30-10:30,367,PUT,87.54,230.65,-55.56,0.17,2.08,True,-883.51,-1324.69,-1357.07,-689.07,-88.35,-88.31,-90.47,-68.91,O:IWM260203C00263000,O:IWM260203P00262000,True,09:30
IWM,2026-02-03,Mar,leg,60,09:49,09:30-10:30,366,PUT,95.47,254.84,-63.89,0.14,2.22,True,-883.51,-1312.08,-1358.74,-730.73,-88.35,-87.47,-90.58,-73.07,O:IWM260203C00263000,O:IWM260203P00262000,True,09:30
QQQ,2026-02-04,Mié,combined,20,14:46,13:30-15:55,69,CALL,-29.4,-97.14,38.33,0.02,0.85,True,-83.33,-583.33,63.73,-294.05,-8.33,-38.89,4.25,-29.4,O:QQQ260204C00622000,O:QQQ260204P00605000,True,09:30
QQQ,2026-02-04,Mié,combined,30,14:48,13:30-15:55,67,CALL,-46.9,-97.14,3.33,0.02,0.65,True,-83.33,-583.33,262.82,-469.05,-8.33,-38.89,17.52,-46.9,O:QQQ260204C00622000,O:QQQ260204P00605000,True,09:30
QQQ,2026-02-04,Mié,combined,40,14:48,13:30-15:55,67,CALL,-46.9,-97.14,3.33,0.02,0.65,True,-83.33,-583.33,262.82,-469.05,-8.33,-38.89,17.52,-46.9,O:QQQ260204C00622000,O:QQQ260204P00605000,True,09:30
QQQ,2026-02-04,Mié,combined,50,14:52,13:30-15:55,63,CALL,-51.9,-97.14,-6.67,0.02,0.57,True,-83.33,-583.33,381.58,-519.05,-8.33,-38.89,25.44,-51.9,O:QQQ260204C00622000,O:QQQ260204P00605000,True,09:30
QQQ,2026-02-04,Mié,combined,60,15:38,13:30-15:55,17,CALL,-63.33,-100.0,-26.67,0.01,0.45,False,-83.33,,,-633.33,-8.33,,,-63.33,O:QQQ260204C00622000,O:QQQ260204P00605000,True,09:30
QQQ,2026-02-04,Mié,leg,20,09:31,09:30-10:30,384,CALL,39.4,-22.86,101.67,0.28,1.23,True,-83.33,-583.33,-136.18,302.38,-8.33,-38.89,-9.08,30.24,O:QQQ260204C00622000,O:QQQ260204P00605000,True,09:30
QQQ,2026-02-04,Mié,leg,30,09:52,09:30-10:30,363,CALL,8.69,-34.29,51.67,0.24,0.92,True,-83.33,-583.33,14.49,245.24,-8.33,-38.89,0.97,24.52,O:QQQ260204C00622000,O:QQQ260204P00605000,True,09:30
QQQ,2026-02-04,Mié,leg,40,09:53,09:30-10:30,362,CALL,16.31,-45.71,78.33,0.2,1.09,True,-83.33,-583.33,-78.75,188.1,-8.33,-38.89,-5.25,18.81,O:QQQ260204C00622000,O:QQQ260204P00605000,True,09:30
QQQ,2026-02-04,Mié,leg,50,09:57,09:30-10:30,358,CALL,17.62,-51.43,86.67,0.18,1.14,True,-83.33,-583.33,-100.88,159.52,-8.33,-38.89,-6.73,15.95,O:QQQ260204C00622000,O:QQQ260204P00605000,True,09:30
QQQ,2026-02-04,Mié,leg,60,09:59,09:30-10:30,356,CALL,26.07,-62.86,115.0,0.14,1.33,True,-83.33,-583.33,-169.8,102.38,-8.33,-38.89,-11.32,10.24,O:QQQ260204C00622000,O:QQQ260204P00605000,True,09:30
SPY,2026-02-04,Mié,combined,20,09:30,09:30-10:30,385,PUT,-35.13,-21.88,-48.39,0.17,0.26,True,-1000.0,-1500.0,-1500.0,-351.31,-100.0,-100.0,-100.0,-35.13,O:SPY260204C00696000,O:SPY260204P00678000,True,09:30
SPY,2026-02-04,Mié,combined,30,09:30,09:30-10:30,385,PUT,-35.13,-21.88,-48.39,0.17,0.26,True,-1000.0,-1500.0,-1500.0,-351.31,-100.0,-100.0,-100.0,-35.13,O:SPY260204C00696000,O:SPY260204P00678000,True,09:30
SPY,2026-02-04,Mié,combined,40,10:07,09:30-10:30,348,CALL,-45.87,-56.25,-35.48,0.15,0.21,True,-1000.0,-1500.0,-1500.0,-458.67,-100.0,-100.0,-100.0,-45.87,O:SPY260204C00696000,O:SPY260204P00678000,True,09:30
SPY,2026-02-04,Mié,combined,50,10:31,10:30-12:00,324,PUT,-50.96,-40.62,-61.29,0.13,0.2,True,-1000.0,-1500.0,-1500.0,-509.58,-100.0,-100.0,-100.0,-50.96,O:SPY260204C00696000,O:SPY260204P00678000,True,09:30
SPY,2026-02-04,Mié,combined,60,10:56,10:30-12:00,299,PUT,-61.95,-59.38,-64.52,0.12,0.14,True,-1000.0,-1500.0,-1500.0,-619.46,-100.0,-100.0,-100.0,-61.95,O:SPY260204C00696000,O:SPY260204P00678000,True,09:30
SPY,2026-02-04,Mié,leg,20,09:30,09:30-10:30,385,PUT,-35.13,-21.88,-48.39,0.17,0.26,True,-1000.0,-1500.0,-1500.0,-741.94,-100.0,-100.0,-100.0,-74.19,O:SPY260204C00696000,O:SPY260204P00678000,True,09:30
SPY,2026-02-04,Mié,leg,30,09:30,09:30-10:30,385,PUT,-35.13,-21.88,-48.39,0.17,0.26,True,-1000.0,-1500.0,-1500.0,-741.94,-100.0,-100.0,-100.0,-74.19,O:SPY260204C00696000,O:SPY260204P00678000,True,09:30
SPY,2026-02-04,Mié,leg,40,09:30,09:30-10:30,385,PUT,-35.13,-21.88,-48.39,0.17,0.26,True,-1000.0,-1500.0,-1500.0,-741.94,-100.0,-100.0,-100.0,-74.19,O:SPY260204C00696000,O:SPY260204P00678000,True,09:30
SPY,2026-02-04,Mié,leg,50,09:44,09:30-10:30,371,PUT,-29.13,6.25,-64.52,0.17,0.35,True,-1000.0,-1500.0,-1500.0,-822.58,-100.0,-100.0,-100.0,-82.26,O:SPY260204C00696000,O:SPY260204P00678000,True,09:30
SPY,2026-02-04,Mié,leg,60,09:44,09:30-10:30,371,PUT,-29.13,6.25,-64.52,0.17,0.35,True,-1000.0,-1500.0,-1500.0,-822.58,-100.0,-100.0,-100.0,-82.26,O:SPY260204C00696000,O:SPY260204P00678000,True,09:30
IWM,2026-02-04,Mié,leg,20,09:52,09:30-10:30,363,CALL,17.76,-32.65,68.18,0.34,0.75,True,420.45,-79.55,753.79,757.19,42.05,-5.3,50.25,75.72,O:IWM260204C00265000,O:IWM260204P00262000,True,09:30
IWM,2026-02-04,Mié,leg,30,09:52,09:30-10:30,363,CALL,17.76,-32.65,68.18,0.34,0.75,True,420.45,-79.55,753.79,757.19,42.05,-5.3,50.25,75.72,O:IWM260204C00265000,O:IWM260204P00262000,True,09:30
IWM,2026-02-04,Mié,leg,40,09:53,09:30-10:30,362,CALL,31.08,-46.94,109.09,0.27,0.93,True,420.45,-79.55,592.5,685.76,42.05,-5.3,39.5,68.58,O:IWM260204C00265000,O:IWM260204P00262000,True,09:30
IWM,2026-02-04,Mié,leg,50,09:57,09:30-10:30,358,CALL,35.97,-53.06,125.0,0.24,1.0,True,420.45,-79.55,545.45,655.15,42.05,-5.3,36.36,65.51,O:IWM260204C00265000,O:IWM260204P00262000,True,09:30
IWM,2026-02-04,Mié,leg,60,10:00,09:30-10:30,355,CALL,51.55,-67.35,170.45,0.17,1.2,True,420.45,-79.55,441.29,583.72,42.05,-5.3,29.42,58.37,O:IWM260204C00265000,O:IWM260204P00262000,True,09:30
SPY,2026-02-05,Jue,combined,20,09:51,09:30-10:30,364,PUT,-21.58,7.89,-51.06,0.24,0.42,True,-1000.0,-1500.0,-1500.0,-215.85,-100.0,-100.0,-100.0,-21.58,O:SPY260205C00690000,O:SPY260205P00669000,True,09:30
SPY,2026-02-05,Jue,combined,30,09:59,09:30-10:30,356,PUT,-32.56,-28.95,-36.17,0.35,0.35,True,-1000.0,-1500.0,-1500.0,-325.59,-100.0,-100.0,-100.0,-32.56,O:SPY260205C00690000,O:SPY260205P00669000,True,09:30
SPY,2026-02-05,Jue,combined,40,10:38,10:30-12:00,317,CALL,-42.92,-81.58,-4.26,0.08,0.46,True,-1000.0,-1500.0,-1500.0,-429.17,-100.0,-100.0,-100.0,-42.92,O:SPY260205C00690000,O:SPY260205P00669000,True,09:30
SPY,2026-02-05,Jue,combined,50,10:42,10:30-12:00,313,CALL,-53.56,-81.58,-25.53,0.08,0.36,True,-1000.0,-1500.0,-1500.0,-535.55,-100.0,-100.0,-100.0,-53.56,O:SPY260205C00690000,O:SPY260205P00669000,True,09:30
SPY,2026-02-05,Jue,combined,60,11:15,10:30-12:00,280,CALL,-60.44,-86.84,-34.04,0.06,0.32,True,-1000.0,-1500.0,-1500.0,-604.42,-100.0,-100.0,-100.0,-60.44,O:SPY260205C00690000,O:SPY260205P00669000,True,09:30
SPY,2026-02-05,Jue,leg,20,09:37,09:30-10:30,378,PUT,-4.37,21.05,-29.79,0.34,0.47,True,-1000.0,-1500.0,-1500.0,-648.94,-100.0,-100.0,-100.0,-64.89,O:SPY260205C00690000,O:SPY260205P00669000,True,09:30
SPY,2026-02-05,Jue,leg,30,09:38,09:30-10:30,377,PUT,0.08,34.21,-34.04,0.32,0.52,True,-1000.0,-1500.0,-1500.0,-670.21,-100.0,-100.0,-100.0,-67.02,O:SPY260205C00690000,O:SPY260205P00669000,True,09:30
SPY,2026-02-05,Jue,leg,40,09:39,09:30-10:30,376,PUT,-0.48,39.47,-40.43,0.29,0.54,True,-1000.0,-1500.0,-1500.0,-702.13,-100.0,-100.0,-100.0,-70.21,O:SPY260205C00690000,O:SPY260205P00669000,True,09:30
SPY,2026-02-05,Jue,leg,50,09:44,09:30-10:30,371,PUT,-2.91,47.37,-53.19,0.23,0.57,True,-1000.0,-1500.0,-1500.0,-765.96,-100.0,-100.0,-100.0,-76.6,O:SPY260205C00690000,O:SPY260205P00669000,True,09:30
SPY,2026-02-05,Jue,leg,60,10:10,09:30-10:30,345,CALL,-30.52,-63.16,2.13,0.15,0.49,True,-1000.0,-1500.0,-1500.0,-815.79,-100.0,-100.0,-100.0,-81.58,O:SPY260205C00690000,O:SPY260205P00669000,True,09:30
IWM,2026-02-05,Jue,combined,20,10:10,09:30-10:30,345,CALL,-20.31,-36.21,-4.41,0.38,0.66,True,-73.53,-573.53,381.02,-203.09,-7.35,-38.24,25.4,-20.31,O:IWM260205C00262000,O:IWM260205P00257000,True,09:30
IWM,2026-02-05,Jue,combined,30,10:59,10:30-12:00,296,CALL,-32.78,-75.86,10.29,0.15,0.77,True,-73.53,-573.53,244.65,-327.84,-7.35,-38.24,16.31,-32.78,O:IWM260205C00262000,O:IWM260205P00257000,True,09:30
IWM,2026-02-05,Jue,combined,40,11:22,10:30-12:00,273,CALL,-41.73,-77.59,-5.88,0.14,0.65,True,-73.53,-573.53,395.7,-417.34,-7.35,-38.24,26.38,-41.73,O:IWM260205C00262000,O:IWM260205P00257000,True,09:30
IWM,2026-02-05,Jue,combined,50,11:33,10:30-12:00,262,CALL,-51.17,-75.86,-26.47,0.15,0.51,True,-73.53,-573.53,661.76,-511.66,-7.35,-38.24,44.12,-51.17,O:IWM260205C00262000,O:IWM260205P00257000,True,09:30
IWM,2026-02-05,Jue,combined,60,11:52,10:30-12:00,243,CALL,-60.47,-72.41,-48.53,0.17,0.36,True,-73.53,-573.53,1176.47,-604.72,-7.35,-38.24,78.43,-60.47,O:IWM260205C00262000,O:IWM260205P00257000,True,09:30
IWM,2026-02-05,Jue,leg,20,09:34,09:30-10:30,381,CALL,-5.2,-20.69,10.29,0.48,0.78,True,-73.53,-573.53,234.16,323.02,-7.35,-38.24,15.61,32.3,O:IWM260205C00262000,O:IWM260205P00257000,True,09:30
IWM,2026-02-05,Jue,leg,30,09:43,09:30-10:30,372,PUT,14.4,75.86,-47.06,0.37,1.03,True,-73.53,1129.17,-573.53,-735.29,-7.35,75.28,-38.24,-73.53,O:IWM260205C00262000,O:IWM260205P00257000,True,09:30
IWM,2026-02-05,Jue,leg,40,09:43,09:30-10:30,372,PUT,14.4,75.86,-47.06,0.37,1.03,True,-73.53,1129.17,-573.53,-735.29,-7.35,75.28,-38.24,-73.53,O:IWM260205C00262000,O:IWM260205P00257000,True,09:30
IWM,2026-02-05,Jue,leg,50,09:46,09:30-10:30,369,PUT,13.31,81.03,-54.41,0.32,1.07,True,-73.53,1395.22,-573.53,-772.06,-7.35,93.01,-38.24,-77.21,O:IWM260205C00262000,O:IWM260205P00257000,True,09:30
IWM,2026-02-05,Jue,leg,60,10:14,09:30-10:30,341,CALL,-14.86,-62.07,32.35,0.23,0.92,True,-73.53,-573.53,111.25,116.13,-7.35,-38.24,7.42,11.61,O:IWM260205C00262000,O:IWM260205P00257000,True,09:30
QQQ,2026-02-06,Vie,combined,20,09:56,09:30-10:30,359,PUT,-20.14,13.04,-53.33,0.29,0.53,True,521.74,21.74,1342.49,-201.45,52.17,1.45,89.5,-20.14,O:QQQ260206C00609000,O:QQQ260206P00588000,True,09:32
QQQ,2026-02-06,Vie,combined,30,09:59,09:30-10:30,356,PUT,-31.67,0.0,-63.33,0.34,0.48,True,521.74,21.74,1480.07,-316.67,52.17,1.45,98.67,-31.67,O:QQQ260206C00609000,O:QQQ260206P00588000,True,09:32
QQQ,2026-02-06,Vie,combined,40,10:10,09:30-10:30,345,PUT,-41.96,-23.91,-60.0,0.25,0.36,True,521.74,21.74,1966.18,-419.57,52.17,1.45,131.08,-41.96,O:QQQ260206C00609000,O:QQQ260206P00588000,True,09:32
QQQ,2026-02-06,Vie,combined,50,10:48,10:30-12:00,307,PUT,-53.88,-26.09,-81.67,0.12,0.35,True,521.74,21.74,2021.74,-538.77,52.17,1.45,134.78,-53.88,O:QQQ260206C00609000,O:QQQ260206P00588000,True,09:32
QQQ,2026-02-06,Vie,combined,60,10:53,10:30-12:00,302,PUT,-62.75,-52.17,-73.33,0.17,0.23,True,521.74,21.74,3065.22,-627.54,52.17,1.45,204.35,-62.75,O:QQQ260206C00609000,O:QQQ260206P00588000,True,09:32
QQQ,2026-02-06,Vie,leg,20,09:32,09:30-10:30,383,PUT,6.99,45.65,-31.67,0.43,0.69,True,521.74,21.74,1036.23,863.41,52.17,1.45,69.08,86.34,O:QQQ260206C00609000,O:QQQ260206P00588000,True,09:32
QQQ,2026-02-06,Vie,leg,30,09:32,09:30-10:30,383,PUT,6.99,45.65,-31.67,0.43,0.69,True,521.74,21.74,1036.23,863.41,52.17,1.45,69.08,86.34,O:QQQ260206C00609000,O:QQQ260206P00588000,True,09:32
QQQ,2026-02-06,Vie,leg,40,09:37,09:30-10:30,378,PUT,21.56,84.78,-41.67,0.36,0.87,True,521.74,21.74,826.34,813.41,52.17,1.45,55.09,81.34,O:QQQ260206C00609000,O:QQQ260206P00588000,True,09:32
QQQ,2026-02-06,Vie,leg,50,09:38,09:30-10:30,377,PUT,30.94,115.22,-53.33,0.29,1.0,True,521.74,21.74,721.74,755.07,52.17,1.45,48.12,75.51,O:QQQ260206C00609000,O:QQQ260206P00588000,True,09:32
QQQ,2026-02-06,Vie,leg,60,09:40,09:30-10:30,375,PUT,23.26,106.52,-60.0,0.25,0.96,True,521.74,21.74,750.91,721.74,52.17,1.45,50.06,72.17,O:QQQ260206C00609000,O:QQQ260206P00588000,True,09:32
SPY,2026-02-06,Vie,leg,20,09:32,09:30-10:30,383,PUT,24.72,91.67,-42.22,0.27,0.94,True,3718.75,3218.75,5628.32,4007.64,371.88,214.58,375.22,400.76,O:SPY260206C00687000,O:SPY260206P00672000,True,09:30
SPY,2026-02-06,Vie,leg,30,09:32,09:30-10:30,383,PUT,24.72,91.67,-42.22,0.27,0.94,True,3718.75,3218.75,5628.32,4007.64,371.88,214.58,375.22,400.76,O:SPY260206C00687000,O:SPY260206P00672000,True,09:30
SPY,2026-02-06,Vie,leg,40,09:32,09:30-10:30,383,PUT,24.72,91.67,-42.22,0.27,0.94,True,3718.75,3218.75,5628.32,4007.64,371.88,214.58,375.22,400.76,O:SPY260206C00687000,O:SPY260206P00672000,True,09:30
SPY,2026-02-06,Vie,leg,50,09:37,09:30-10:30,378,PUT,48.4,147.92,-51.11,0.23,1.2,True,3718.75,3218.75,5106.25,3963.19,371.88,214.58,340.42,396.32,O:SPY260206C00687000,O:SPY260206P00672000,True,09:30
SPY,2026-02-06,Vie,leg,60,09:40,09:30-10:30,375,PUT,57.36,179.17,-64.44,0.17,1.36,True,3718.75,3218.75,4884.19,3896.53,371.88,214.58,325.61,389.65,O:SPY260206C00687000,O:SPY260206P00672000,True,09:30
IWM,2026-02-06,Vie,combined,20,10:15,09:30-10:30,340,PUT,-21.5,12.82,-55.81,0.2,0.46,True,2076.92,1576.92,4185.62,-214.97,207.69,105.13,279.04,-21.5,O:IWM260206C00263000,O:IWM260206P00257000,True,09:30
IWM,2026-02-06,Vie,combined,30,10:49,10:30-12:00,306,PUT,-30.2,25.64,-86.05,0.07,0.51,True,2076.92,1576.92,3929.86,-302.03,207.69,105.13,261.99,-30.2,O:IWM260206C00263000,O:IWM260206P00257000,True,09:30
IWM,2026-02-06,Vie,combined,40,10:50,10:30-12:00,305,PUT,-41.98,-2.56,-81.4,0.09,0.39,True,2076.92,1576.92,4653.85,-419.8,207.69,105.13,310.26,-41.98,O:IWM260206C00263000,O:IWM260206P00257000,True,09:30
IWM,2026-02-06,Vie,leg,20,09:31,09:30-10:30,384,PUT,0.03,25.64,-25.58,0.34,0.5,True,2076.92,1576.92,3976.92,2449.02,207.69,105.13,265.13,244.9,O:IWM260206C00263000,O:IWM260206P00257000,True,09:30
IWM,2026-02-06,Vie,leg,30,09:32,09:30-10:30,383,PUT,8.2,51.28,-34.88,0.29,0.6,True,2076.92,1576.92,3576.92,2402.5,207.69,105.13,238.46,240.25,O:IWM260206C00263000,O:IWM260206P00257000,True,09:30
IWM,2026-02-06,Vie,leg,40,09:35,09:30-10:30,380,PUT,20.33,87.18,-46.51,0.24,0.74,True,2076.92,1576.92,3198.54,2344.36,207.69,105.13,213.24,234.44,O:IWM260206C00263000,O:IWM260206P00257000,True,09:30
IWM,2026-02-06,Vie,leg,50,09:42,09:30-10:30,373,PUT,7.87,69.23,-53.49,0.22,0.67,True,2076.92,1576.92,3367.97,2309.48,207.69,105.13,224.53,230.95,O:IWM260206C00263000,O:IWM260206P00257000,True,09:30
IWM,2026-02-06,Vie,leg,60,09:44,09:30-10:30,371,PUT,16.04,94.87,-62.79,0.17,0.77,True,2076.92,1576.92,3135.36,2262.97,207.69,105.13,209.02,226.3,O:IWM260206C00263000,O:IWM260206P00257000,True,09:30
QQQ,2026-02-09,Lun,combined,20,09:52,09:30-10:30,363,PUT,-22.38,23.33,-68.09,0.16,0.38,True,316.67,-183.33,856.14,-223.76,31.67,-12.22,57.08,-22.38,O:QQQ260209C00614000,O:QQQ260209P00596000,True,09:30
QQQ,2026-02-09,Lun,combined,30,09:57,09:30-10:30,358,PUT,-32.23,10.0,-74.47,0.13,0.34,True,316.67,-183.33,978.43,-322.34,31.67,-12.22,65.23,-32.23,O:QQQ260209C00614000,O:QQQ260209P00596000,True,09:30
QQQ,2026-02-09,Lun,combined,40,10:02,09:30-10:30,353,PUT,-41.63,-6.67,-76.6,0.12,0.29,True,316.67,-183.33,1178.74,-416.31,31.67,-12.22,78.58,-41.63,O:QQQ260209C00614000,O:QQQ260209P00596000,True,09:30
QQQ,2026-02-09,Lun,leg,20,09:32,09:30-10:30,383,PUT,-11.56,6.67,-29.79,0.34,0.33,True,316.67,-183.33,1013.64,667.73,31.67,-12.22,67.58,66.77,O:QQQ260209C00614000,O:QQQ260209P00596000,True,09:30
QQQ,2026-02-09,Lun,leg,30,09:33,09:30-10:30,382,PUT,-10.96,10.0,-31.91,0.33,0.34,True,316.67,-183.33,978.43,657.09,31.67,-12.22,65.23,65.71,O:QQQ260209C00614000,O:QQQ260209P00596000,True,09:30
QQQ,2026-02-09,Lun,leg,40,09:37,09:30-10:30,378,PUT,-13.26,26.67,-53.19,0.23,0.39,True,316.67,-183.33,829.49,550.71,31.67,-12.22,55.3,55.07,O:QQQ260209C00614000,O:QQQ260209P00596000,True,09:30
QQQ,2026-02-09,Lun,leg,50,09:37,09:30-10:30,378,PUT,-13.26,26.67,-53.19,0.23,0.39,True,316.67,-183.33,829.49,550.71,31.67,-12.22,55.3,55.07,O:QQQ260209C00614000,O:QQQ260209P00596000,True,09:30
QQQ,2026-02-09,Lun,leg,60,09:39,09:30-10:30,376,PUT,-7.98,50.0,-65.96,0.17,0.46,True,316.67,-183.33,675.36,486.88,31.67,-12.22,45.02,48.69,O:QQQ260209C00614000,O:QQQ260209P00596000,True,09:30
SPY,2026-02-09,Lun,combined,20,09:53,09:30-10:30,362,PUT,-20.76,24.39,-65.91,0.16,0.52,True,719.51,219.51,1575.28,-207.59,71.95,14.63,105.02,-20.76,O:SPY260209C00693000,O:SPY260209P00681000,True,09:30
SPY,2026-02-09,Lun,combined,30,10:02,09:30-10:30,353,PUT,-32.54,12.2,-77.27,0.11,0.47,True,719.51,219.51,1719.51,-325.39,71.95,14.63,114.63,-32.54,O:SPY260209C00693000,O:SPY260209P00681000,True,09:30
SPY,2026-02-09,Lun,leg,20,09:31,09:30-10:30,384,PUT,-13.55,2.44,-29.55,0.32,0.43,True,719.51,219.51,1859.05,1071.78,71.95,14.63,123.94,107.18,O:SPY260209C00693000,O:SPY260209P00681000,True,09:30
SPY,2026-02-09,Lun,leg,30,09:32,09:30-10:30,383,PUT,-12.97,19.51,-45.45,0.25,0.5,True,719.51,219.51,1629.51,992.24,71.95,14.63,108.63,99.22,O:SPY260209C00693000,O:SPY260209P00681000,True,09:30
SPY,2026-02-09,Lun,leg,40,09:32,09:30-10:30,383,PUT,-12.97,19.51,-45.45,0.25,0.5,True,719.51,219.51,1629.51,992.24,71.95,14.63,108.63,99.22,O:SPY260209C00693000,O:SPY260209P00681000,True,09:30
SPY,2026-02-09,Lun,leg,50,09:37,09:30-10:30,378,PUT,0.78,56.1,-54.55,0.21,0.65,True,719.51,219.51,1304.13,946.78,71.95,14.63,86.94,94.68,O:SPY260209C00693000,O:SPY260209P00681000,True,09:30
SPY,2026-02-09,Lun,leg,60,09:39,09:30-10:30,376,PUT,16.96,97.56,-63.64,0.17,0.82,True,719.51,219.51,1079.27,901.33,71.95,14.63,71.95,90.13,O:SPY260209C00693000,O:SPY260209P00681000,True,09:30
IWM,2026-02-09,Lun,combined,20,09:30,09:30-10:30,385,CALL,-32.45,-52.83,-12.07,0.26,0.52,True,-952.83,-1356.68,-1452.83,-324.5,-95.28,-90.45,-96.86,-32.45,O:IWM260209C00267000,O:IWM260209P00262000,True,09:30
IWM,2026-02-09,Lun,combined,30,09:30,09:30-10:30,385,CALL,-32.45,-52.83,-12.07,0.26,0.52,True,-952.83,-1356.68,-1452.83,-324.5,-95.28,-90.45,-96.86,-32.45,O:IWM260209C00267000,O:IWM260209P00262000,True,09:30
IWM,2026-02-09,Lun,combined,40,09:33,09:30-10:30,382,CALL,-40.08,-69.81,-10.34,0.17,0.53,True,-952.83,-1305.77,-1452.83,-400.78,-95.28,-87.05,-96.86,-40.08,O:IWM260209C00267000,O:IWM260209P00262000,True,09:30
IWM,2026-02-09,Lun,combined,50,09:38,09:30-10:30,377,CALL,-52.31,-73.58,-31.03,0.15,0.41,True,-952.83,-1286.16,-1452.83,-523.1,-95.28,-85.74,-96.86,-52.31,O:IWM260209C00267000,O:IWM260209P00262000,True,09:30
IWM,2026-02-09,Lun,combined,60,09:42,09:30-10:30,373,CALL,-64.22,-69.81,-58.62,0.17,0.25,True,-952.83,-1305.77,-1452.83,-642.16,-95.28,-87.05,-96.86,-64.22,O:IWM260209C00267000,O:IWM260209P00262000,True,09:30
IWM,2026-02-09,Lun,leg,20,09:30,09:30-10:30,385,CALL,-32.45,-52.83,-12.07,0.26,0.52,True,-952.83,-1356.68,-1452.83,-764.15,-95.28,-90.45,-96.86,-76.42,O:IWM260209C00267000,O:IWM260209P00262000,True,09:30
IWM,2026-02-09,Lun,leg,30,09:30,09:30-10:30,385,CALL,-32.45,-52.83,-12.07,0.26,0.52,True,-952.83,-1356.68,-1452.83,-764.15,-95.28,-90.45,-96.86,-76.42,O:IWM260209C00267000,O:IWM260209P00262000,True,09:30
IWM,2026-02-09,Lun,leg,40,09:30,09:30-10:30,385,CALL,-32.45,-52.83,-12.07,0.26,0.52,True,-952.83,-1356.68,-1452.83,-764.15,-95.28,-90.45,-96.86,-76.42,O:IWM260209C00267000,O:IWM260209P00262000,True,09:30
IWM,2026-02-09,Lun,leg,50,09:30,09:30-10:30,385,CALL,-32.45,-52.83,-12.07,0.26,0.52,True,-952.83,-1356.68,-1452.83,-764.15,-95.28,-90.45,-96.86,-76.42,O:IWM260209C00267000,O:IWM260209P00262000,True,09:30
IWM,2026-02-09,Lun,leg,60,09:32,09:30-10:30,383,CALL,-38.03,-62.26,-13.79,0.21,0.51,True,-952.83,-1333.78,-1452.83,-811.32,-95.28,-88.92,-96.86,-81.13,O:IWM260209C00267000,O:IWM260209P00262000,True,09:30
QQQ,2026-02-10,Mar,combined,20,09:30,09:30-10:30,385,PUT,-33.41,-18.33,-48.48,0.18,0.5,True,-1000.0,-1500.0,-1500.0,-334.09,-100.0,-100.0,-100.0,-33.41,O:QQQ260210C00619000,O:QQQ260210P00605000,True,09:30
QQQ,2026-02-10,Mar,combined,30,09:30,09:30-10:30,385,PUT,-33.41,-18.33,-48.48,0.18,0.5,True,-1000.0,-1500.0,-1500.0,-334.09,-100.0,-100.0,-100.0,-33.41,O:QQQ260210C00619000,O:QQQ260210P00605000,True,09:30
QQQ,2026-02-10,Mar,combined,40,09:33,09:30-10:30,382,PUT,-43.94,-33.33,-54.55,0.16,0.41,True,-1000.0,-1500.0,-1500.0,-439.39,-100.0,-100.0,-100.0,-43.94,O:QQQ260210C00619000,O:QQQ260210P00605000,True,09:30
QQQ,2026-02-10,Mar,combined,50,09:50,09:30-10:30,365,CALL,-50.83,-68.33,-33.33,0.2,0.23,True,-1000.0,-1500.0,-1500.0,-508.33,-100.0,-100.0,-100.0,-50.83,O:QQQ260210C00619000,O:QQQ260210P00605000,True,09:30
QQQ,2026-02-10,Mar,combined,60,09:59,09:30-10:30,356,PUT,-60.23,-41.67,-78.79,0.08,0.36,True,-1000.0,-1500.0,-1500.0,-602.27,-100.0,-100.0,-100.0,-60.23,O:QQQ260210C00619000,O:QQQ260210P00605000,True,09:30
QQQ,2026-02-10,Mar,leg,20,09:30,09:30-10:30,385,PUT,-33.41,-18.33,-48.48,0.18,0.5,True,-1000.0,-1500.0,-1500.0,-742.42,-100.0,-100.0,-100.0,-74.24,O:QQQ260210C00619000,O:QQQ260210P00605000,True,09:30
QQQ,2026-02-10,Mar,leg,30,09:30,09:30-10:30,385,PUT,-33.41,-18.33,-48.48,0.18,0.5,True,-1000.0,-1500.0,-1500.0,-742.42,-100.0,-100.0,-100.0,-74.24,O:QQQ260210C00619000,O:QQQ260210P00605000,True,09:30
QQQ,2026-02-10,Mar,leg,40,09:30,09:30-10:30,385,PUT,-33.41,-18.33,-48.48,0.18,0.5,True,-1000.0,-1500.0,-1500.0,-742.42,-100.0,-100.0,-100.0,-74.24,O:QQQ260210C00619000,O:QQQ260210P00605000,True,09:30
QQQ,2026-02-10,Mar,leg,50,09:31,09:30-10:30,384,PUT,-38.11,-21.67,-54.55,0.16,0.48,True,-1000.0,-1500.0,-1500.0,-772.73,-100.0,-100.0,-100.0,-77.27,O:QQQ260210C00619000,O:QQQ260210P00605000,True,09:30
QQQ,2026-02-10,Mar,leg,60,09:32,09:30-10:30,383,PUT,-37.8,-15.0,-60.61,0.14,0.52,True,-1000.0,-1500.0,-1500.0,-803.03,-100.0,-100.0,-100.0,-80.3,O:QQQ260210C00619000,O:QQQ260210P00605000,True,09:30
SPY,2026-02-10,Mar,combined,20,09:30,09:30-10:30,385,PUT,-23.08,3.85,-50.0,0.24,0.28,True,-989.13,-1468.3,-1489.13,-230.77,-98.91,-97.89,-99.28,-23.08,O:SPY260210C00698000,O:SPY260210P00689000,True,09:30
SPY,2026-02-10,Mar,combined,30,09:40,09:30-10:30,375,CALL,-32.53,-34.62,-30.43,0.18,0.33,True,-989.13,-1489.13,-1473.98,-325.25,-98.91,-99.28,-98.27,-32.53,O:SPY260210C00698000,O:SPY260210P00689000,True,09:30
SPY,2026-02-10,Mar,combined,40,10:13,09:30-10:30,342,PUT,-42.81,-26.92,-58.7,0.2,0.2,True,-989.13,-1464.13,-1489.13,-428.09,-98.91,-97.61,-99.28,-42.81,O:SPY260210C00698000,O:SPY260210P00689000,True,09:30
SPY,2026-02-10,Mar,combined,50,10:51,10:30-12:00,304,PUT,-52.59,-26.92,-78.26,0.11,0.2,True,-989.13,-1443.68,-1489.13,-525.92,-98.91,-96.25,-99.28,-52.59,O:SPY260210C00698000,O:SPY260210P00689000,True,09:30
SPY,2026-02-10,Mar,combined,60,11:01,10:30-12:00,294,PUT,-62.21,-46.15,-78.26,0.11,0.15,True,-989.13,-1443.68,-1489.13,-622.07,-98.91,-96.25,-99.28,-62.21,O:SPY260210C00698000,O:SPY260210P00689000,True,09:30
SPY,2026-02-10,Mar,leg,20,09:30,09:30-10:30,385,PUT,-23.08,3.85,-50.0,0.24,0.28,True,-989.13,-1468.3,-1489.13,-750.0,-98.91,-97.89,-99.28,-75.0,O:SPY260210C00698000,O:SPY260210P00689000,True,09:30
SPY,2026-02-10,Mar,leg,30,09:30,09:30-10:30,385,PUT,-23.08,3.85,-50.0,0.24,0.28,True,-989.13,-1468.3,-1489.13,-750.0,-98.91,-97.89,-99.28,-75.0,O:SPY260210C00698000,O:SPY260210P00689000,True,09:30
SPY,2026-02-10,Mar,leg,40,09:30,09:30-10:30,385,PUT,-23.08,3.85,-50.0,0.24,0.28,True,-989.13,-1468.3,-1489.13,-750.0,-98.91,-97.89,-99.28,-75.0,O:SPY260210C00698000,O:SPY260210P00689000,True,09:30
SPY,2026-02-10,Mar,leg,50,09:30,09:30-10:30,385,PUT,-23.08,3.85,-50.0,0.24,0.28,True,-989.13,-1468.3,-1489.13,-750.0,-98.91,-97.89,-99.28,-75.0,O:SPY260210C00698000,O:SPY260210P00689000,True,09:30
SPY,2026-02-10,Mar,leg,60,09:55,09:30-10:30,360,PUT,-18.06,26.92,-63.04,0.18,0.34,True,-989.13,-1461.35,-1489.13,-815.22,-98.91,-97.42,-99.28,-81.52,O:SPY260210C00698000,O:SPY260210P00689000,True,09:30
IWM,2026-02-10,Mar,combined,20,09:30,09:30-10:30,385,PUT,-24.09,-3.08,-45.1,0.29,0.65,True,-1000.0,-1500.0,-1500.0,-240.87,-100.0,-100.0,-100.0,-24.09,O:IWM260210C00268000,O:IWM260210P00265000,True,09:30
IWM,2026-02-10,Mar,combined,30,09:44,09:30-10:30,371,CALL,-31.21,-36.92,-25.49,0.42,0.39,True,-1000.0,-1500.0,-1500.0,-312.07,-100.0,-100.0,-100.0,-31.21,O:IWM260210C00268000,O:IWM260210P00265000,True,09:30
IWM,2026-02-10,Mar,combined,40,09:57,09:30-10:30,358,PUT,-42.28,-27.69,-56.86,0.23,0.48,True,-1000.0,-1500.0,-1500.0,-422.78,-100.0,-100.0,-100.0,-42.28,O:IWM260210C00268000,O:IWM260210P00265000,True,09:30
IWM,2026-02-10,Mar,combined,50,10:13,09:30-10:30,342,CALL,-52.76,-58.46,-47.06,0.28,0.28,True,-1000.0,-1500.0,-1500.0,-527.6,-100.0,-100.0,-100.0,-52.76,O:IWM260210C00268000,O:IWM260210P00265000,True,09:30
IWM,2026-02-10,Mar,combined,60,10:56,10:30-12:00,299,PUT,-61.31,-46.15,-76.47,0.13,0.36,True,-1000.0,-1500.0,-1500.0,-613.12,-100.0,-100.0,-100.0,-61.31,O:IWM260210C00268000,O:IWM260210P00265000,True,09:30
IWM,2026-02-10,Mar,leg,20,09:30,09:30-10:30,385,PUT,-24.09,-3.08,-45.1,0.29,0.65,True,-1000.0,-1500.0,-1500.0,-725.49,-100.0,-100.0,-100.0,-72.55,O:IWM260210C00268000,O:IWM260210P00265000,True,09:30
IWM,2026-02-10,Mar,leg,30,09:30,09:30-10:30,385,PUT,-24.09,-3.08,-45.1,0.29,0.65,True,-1000.0,-1500.0,-1500.0,-725.49,-100.0,-100.0,-100.0,-72.55,O:IWM260210C00268000,O:IWM260210P00265000,True,09:30
IWM,2026-02-10,Mar,leg,40,09:30,09:30-10:30,385,PUT,-24.09,-3.08,-45.1,0.29,0.65,True,-1000.0,-1500.0,-1500.0,-725.49,-100.0,-100.0,-100.0,-72.55,O:IWM260210C00268000,O:IWM260210P00265000,True,09:30
IWM,2026-02-10,Mar,leg,50,09:34,09:30-10:30,381,PUT,-22.84,9.23,-54.9,0.24,0.72,True,-1000.0,-1500.0,-1500.0,-774.51,-100.0,-100.0,-100.0,-77.45,O:IWM260210C00268000,O:IWM260210P00265000,True,09:30
IWM,2026-02-10,Mar,leg,60,09:35,09:30-10:30,380,PUT,-20.39,20.0,-60.78,0.21,0.8,True,-1000.0,-1500.0,-1500.0,-803.92,-100.0,-100.0,-100.0,-80.39,O:IWM260210C00268000,O:IWM260210P00265000,True,09:30
QQQ,2026-02-11,Mié,combined,20,09:45,09:30-10:30,370,CALL,-27.15,-48.89,-5.41,0.24,0.36,True,-986.49,-1486.49,-1472.6,-271.47,-98.65,-99.1,-98.17,-27.15,O:QQQ260211C00621000,O:QQQ260211P00610000,True,09:30
QQQ,2026-02-11,Mié,combined,30,09:48,09:30-10:30,367,CALL,-30.0,-60.0,0.0,0.19,0.38,True,-986.49,-1486.49,-1473.33,-300.0,-98.65,-99.1,-98.22,-30.0,O:QQQ260211C00621000,O:QQQ260211P00610000,True,09:30
QQQ,2026-02-11,Mié,combined,40,12:25,12:00-13:30,210,CALL,-43.48,-97.78,10.81,0.02,0.42,True,-986.49,-1486.49,-1474.58,-434.83,-98.65,-99.1,-98.31,-43.48,O:QQQ260211C00621000,O:QQQ260211P00610000,True,09:30
QQQ,2026-02-11,Mié,combined,50,12:33,12:00-13:30,202,CALL,-50.24,-97.78,-2.7,0.02,0.37,True,-986.49,-1486.49,-1472.97,-502.4,-98.65,-99.1,-98.2,-50.24,O:QQQ260211C00621000,O:QQQ260211P00610000,True,09:30
QQQ,2026-02-11,Mié,combined,60,12:43,12:00-13:30,192,CALL,-62.4,-97.78,-27.03,0.02,0.28,True,-986.49,-1486.49,-1468.63,-624.02,-98.65,-99.1,-97.91,-62.4,O:QQQ260211C00621000,O:QQQ260211P00610000,True,09:30
QQQ,2026-02-11,Mié,leg,20,09:32,09:30-10:30,383,CALL,-12.61,-33.33,8.11,0.31,0.41,True,-986.49,-1486.49,-1474.29,-653.15,-98.65,-99.1,-98.29,-65.32,O:QQQ260211C00621000,O:QQQ260211P00610000,True,09:30
QQQ,2026-02-11,Mié,leg,30,09:32,09:30-10:30,383,CALL,-12.61,-33.33,8.11,0.31,0.41,True,-986.49,-1486.49,-1474.29,-653.15,-98.65,-99.1,-98.29,-65.32,O:QQQ260211C00621000,O:QQQ260211P00610000,True,09:30
QQQ,2026-02-11,Mié,leg,40,09:33,09:30-10:30,382,CALL,-14.59,-40.0,10.81,0.28,0.42,True,-986.49,-1486.49,-1474.58,-686.49,-98.65,-99.1,-98.31,-68.65,O:QQQ260211C00621000,O:QQQ260211P00610000,True,09:30
QQQ,2026-02-11,Mié,leg,50,09:34,09:30-10:30,381,CALL,-7.03,-60.0,45.95,0.19,0.55,True,-986.49,-1486.49,-1477.4,-786.49,-98.65,-99.1,-98.49,-78.65,O:QQQ260211C00621000,O:QQQ260211P00610000,True,09:30
QQQ,2026-02-11,Mié,leg,60,09:34,09:30-10:30,381,CALL,-7.03,-60.0,45.95,0.19,0.55,True,-986.49,-1486.49,-1477.4,-786.49,-98.65,-99.1,-98.49,-78.65,O:QQQ260211C00621000,O:QQQ260211P00610000,True,09:30
SPY,2026-02-11,Mié,combined,20,12:26,12:00-13:30,209,CALL,-22.96,-98.0,52.08,0.02,0.74,True,-364.58,-864.58,-452.42,-229.58,-36.46,-57.64,-30.16,-22.96,O:SPY260211C00699000,O:SPY260211P00693000,True,09:30
SPY,2026-02-11,Mié,combined,30,12:43,12:00-13:30,192,CALL,-30.25,-98.0,37.5,0.02,0.67,True,-364.58,-864.58,-409.36,-302.5,-36.46,-57.64,-27.29,-30.25,O:SPY260211C00699000,O:SPY260211P00693000,True,09:30
SPY,2026-02-11,Mié,combined,40,14:13,13:30-15:55,102,CALL,-45.88,-98.0,6.25,0.02,0.52,True,-364.58,-864.58,-278.04,-458.75,-36.46,-57.64,-18.54,-45.88,O:SPY260211C00699000,O:SPY260211P00693000,True,09:30
SPY,2026-02-11,Mié,combined,50,14:20,13:30-15:55,95,CALL,-53.17,-98.0,-8.33,0.02,0.45,True,-364.58,-864.58,-186.81,-531.67,-36.46,-57.64,-12.45,-53.17,O:SPY260211C00699000,O:SPY260211P00693000,True,09:30
SPY,2026-02-11,Mié,combined,60,14:23,13:30-15:55,92,CALL,-60.46,-98.0,-22.92,0.02,0.38,True,-364.58,-864.58,-61.95,-604.58,-36.46,-57.64,-4.13,-60.46,O:SPY260211C00699000,O:SPY260211P00693000,True,09:30
SPY,2026-02-11,Mié,leg,20,09:34,09:30-10:30,381,CALL,-5.46,-38.0,27.08,0.32,0.62,True,-364.58,-864.58,-372.65,-54.58,-36.46,-57.64,-24.84,-5.46,O:SPY260211C00699000,O:SPY260211P00693000,True,09:30
SPY,2026-02-11,Mié,leg,30,09:34,09:30-10:30,381,CALL,-5.46,-38.0,27.08,0.32,0.62,True,-364.58,-864.58,-372.65,-54.58,-36.46,-57.64,-24.84,-5.46,O:SPY260211C00699000,O:SPY260211P00693000,True,09:30
SPY,2026-02-11,Mié,leg,40,09:36,09:30-10:30,379,CALL,5.21,-50.0,60.42,0.26,0.78,True,-364.58,-864.58,-473.56,-114.58,-36.46,-57.64,-31.57,-11.46,O:SPY260211C00699000,O:SPY260211P00693000,True,09:30
SPY,2026-02-11,Mié,leg,50,09:36,09:30-10:30,379,CALL,5.21,-50.0,60.42,0.26,0.78,True,-364.58,-864.58,-473.56,-114.58,-36.46,-57.64,-31.57,-11.46,O:SPY260211C00699000,O:SPY260211P00693000,True,09:30
SPY,2026-02-11,Mié,leg,60,09:42,09:30-10:30,373,CALL,0.25,-62.0,62.5,0.2,0.79,True,-364.58,-864.58,-478.51,-174.58,-36.46,-57.64,-31.9,-17.46,O:SPY260211C00699000,O:SPY260211P00693000,True,09:30
IWM,2026-02-11,Mié,leg,20,09:32,09:30-10:30,383,PUT,8.23,43.55,-27.08,0.37,0.92,True,927.08,2927.08,427.08,-635.42,92.71,195.14,28.47,-63.54,O:IWM260211C00269000,O:IWM260211P00267000,True,09:30
IWM,2026-02-11,Mié,leg,30,09:37,09:30-10:30,378,CALL,-0.74,-30.65,29.17,0.44,0.63,True,927.08,427.08,1895.34,1273.86,92.71,28.47,126.36,127.39,O:IWM260211C00269000,O:IWM260211P00267000,True,09:30
IWM,2026-02-11,Mié,leg,40,09:38,09:30-10:30,377,CALL,-0.13,-41.94,41.67,0.37,0.69,True,927.08,427.08,1767.66,1217.41,92.71,28.47,117.84,121.74,O:IWM260211C00269000,O:IWM260211P00267000,True,09:30
IWM,2026-02-11,Mié,leg,50,09:44,09:30-10:30,371,CALL,-1.04,-50.0,47.92,0.32,0.72,True,927.08,427.08,1711.81,1177.08,92.71,28.47,114.12,117.71,O:IWM260211C00269000,O:IWM260211P00267000,True,09:30
IWM,2026-02-11,Mié,leg,60,09:47,09:30-10:30,368,CALL,6.85,-61.29,75.0,0.25,0.85,True,927.08,427.08,1515.32,1120.63,92.71,28.47,101.02,112.06,O:IWM260211C00269000,O:IWM260211P00267000,True,09:30
QQQ,2026-02-12,Jue,combined,20,09:43,09:30-10:30,372,CALL,-24.24,-30.3,-18.18,0.24,0.46,True,6245.45,5745.45,14408.5,-242.42,624.55,383.03,960.57,-24.24,O:QQQ260212C00619000,O:QQQ260212P00609000,True,09:30
QQQ,2026-02-12,Jue,combined,30,10:28,09:30-10:30,327,CALL,-33.94,-87.88,20.0,0.05,0.67,True,6245.45,5745.45,11693.22,-339.39,624.55,383.03,779.55,-33.94,O:QQQ260212C00619000,O:QQQ260212P00609000,True,09:30
QQQ,2026-02-12,Jue,leg,20,09:32,09:30-10:30,383,PUT,0.61,21.21,-20.0,0.45,0.41,True,6245.45,14601.01,5745.45,-600.0,624.55,973.4,383.03,-60.0,O:QQQ260212C00619000,O:QQQ260212P00609000,True,09:30
QQQ,2026-02-12,Jue,leg,30,09:43,09:30-10:30,372,CALL,-24.24,-30.3,-18.18,0.24,0.46,True,6245.45,5745.45,14408.5,6593.94,624.55,383.03,960.57,659.39,O:QQQ260212C00619000,O:QQQ260212P00609000,True,09:30
QQQ,2026-02-12,Jue,leg,40,09:44,09:30-10:30,371,CALL,-17.27,-45.45,10.91,0.19,0.62,True,6245.45,5745.45,12172.87,6518.18,624.55,383.03,811.52,651.82,O:QQQ260212C00619000,O:QQQ260212P00609000,True,09:30
QQQ,2026-02-12,Jue,leg,50,09:45,09:30-10:30,370,CALL,-4.85,-60.61,50.91,0.14,0.84,True,6245.45,5745.45,10489.5,6442.42,624.55,383.03,699.3,644.24,O:QQQ260212C00619000,O:QQQ260212P00609000,True,09:30
QQQ,2026-02-12,Jue,leg,60,09:45,09:30-10:30,370,CALL,-4.85,-60.61,50.91,0.14,0.84,True,6245.45,5745.45,10489.5,6442.42,624.55,383.03,699.3,644.24,O:QQQ260212C00619000,O:QQQ260212P00609000,True,09:30
SPY,2026-02-12,Jue,combined,20,10:22,09:30-10:30,333,CALL,-20.16,-33.33,-6.98,0.31,0.41,True,8581.4,8081.4,18130.18,-201.55,858.14,538.76,1208.68,-20.16,O:SPY260212C00696000,O:SPY260212P00690000,True,09:30
SPY,2026-02-12,Jue,leg,20,09:40,09:30-10:30,375,PUT,28.42,77.78,-20.93,0.35,0.81,True,8581.4,19852.82,8081.4,-604.65,858.14,1323.52,538.76,-60.47,O:SPY260212C00696000,O:SPY260212P00690000,True,09:30
SPY,2026-02-12,Jue,leg,30,09:56,09:30-10:30,359,CALL,8.91,-33.33,51.16,0.31,0.66,True,8581.4,8081.4,14323.82,8914.73,858.14,538.76,954.92,891.47,O:SPY260212C00696000,O:SPY260212P00690000,True,09:30
SPY,2026-02-12,Jue,leg,40,09:58,09:30-10:30,357,CALL,13.88,-46.67,74.42,0.25,0.76,True,8581.4,8081.4,13502.45,8848.06,858.14,538.76,900.16,884.81,O:SPY260212C00696000,O:SPY260212P00690000,True,09:30
SPY,2026-02-12,Jue,leg,50,10:00,09:30-10:30,355,CALL,12.82,-51.11,76.74,0.23,0.77,True,8581.4,8081.4,13432.04,8825.84,858.14,538.76,895.47,882.58,O:SPY260212C00696000,O:SPY260212P00690000,True,09:30
SPY,2026-02-12,Jue,leg,60,10:08,09:30-10:30,347,CALL,9.59,-62.22,81.4,0.18,0.79,True,8581.4,8081.4,13296.59,8770.28,858.14,538.76,886.44,877.03,O:SPY260212C00696000,O:SPY260212P00690000,True,09:30
IWM,2026-02-12,Jue,leg,20,09:33,09:30-10:30,382,PUT,21.05,62.86,-20.75,0.44,0.59,True,4000.0,9522.73,3500.0,-603.77,400.0,634.85,233.33,-60.38,O:IWM260212C00268000,O:IWM260212P00265000,True,09:30
IWM,2026-02-12,Jue,leg,30,09:39,09:30-10:30,376,PUT,27.3,88.57,-33.96,0.36,0.68,True,4000.0,10861.11,3500.0,-669.81,400.0,724.07,233.33,-66.98,O:IWM260212C00268000,O:IWM260212P00265000,True,09:30
IWM,2026-02-12,Jue,leg,40,09:48,09:30-10:30,367,CALL,13.48,-42.86,69.81,0.21,0.91,True,4000.0,3500.0,6412.09,4285.71,400.0,233.33,427.47,428.57,O:IWM260212C00268000,O:IWM260212P00265000,True,09:30
IWM,2026-02-12,Jue,leg,50,09:49,09:30-10:30,366,CALL,17.68,-51.43,86.79,0.18,1.01,True,4000.0,3500.0,6123.76,4242.86,400.0,233.33,408.25,424.29,O:IWM260212C00268000,O:IWM260212P00265000,True,09:30
IWM,2026-02-12,Jue,leg,60,09:52,09:30-10:30,363,CALL,22.35,-62.86,107.55,0.14,1.11,True,4000.0,3500.0,5887.39,4185.71,400.0,233.33,392.49,418.57,O:IWM260212C00268000,O:IWM260212P00265000,True,09:30
QQQ,2026-02-13,Vie,combined,20,10:03,09:30-10:30,352,CALL,-20.59,-30.3,-10.87,0.24,0.42,True,-989.13,-1489.13,-1477.23,-205.86,-98.91,-99.28,-98.48,-20.59,O:QQQ260213C00610000,O:QQQ260213P00588000,True,09:31
QQQ,2026-02-13,Vie,combined,30,10:18,09:30-10:30,337,PUT,-30.17,-21.21,-39.13,0.29,0.27,True,-989.13,-1471.89,-1489.13,-301.71,-98.91,-98.13,-99.28,-30.17,O:QQQ260213C00610000,O:QQQ260213P00588000,True,09:31
QQQ,2026-02-13,Vie,combined,40,10:43,10:30-12:00,312,PUT,-42.56,-24.24,-60.87,0.19,0.26,True,-989.13,-1462.81,-1489.13,-425.56,-98.91,-97.52,-99.28,-42.56,O:QQQ260213C00610000,O:QQQ260213P00588000,True,09:31
QQQ,2026-02-13,Vie,combined,50,10:56,10:30-12:00,299,PUT,-53.39,-39.39,-67.39,0.16,0.21,True,-989.13,-1457.88,-1489.13,-533.93,-98.91,-97.19,-99.28,-53.39,O:QQQ260213C00610000,O:QQQ260213P00588000,True,09:31
QQQ,2026-02-13,Vie,combined,60,11:11,10:30-12:00,284,PUT,-60.77,-45.45,-76.09,0.12,0.19,True,-989.13,-1447.46,-1489.13,-607.71,-98.91,-96.5,-99.28,-60.77,O:QQQ260213C00610000,O:QQQ260213P00588000,True,09:31
QQQ,2026-02-13,Vie,leg,20,09:32,09:30-10:30,383,PUT,0.59,27.27,-26.09,0.36,0.43,True,-989.13,-1475.24,-1489.13,-630.43,-98.91,-98.35,-99.28,-63.04,O:QQQ260213C00610000,O:QQQ260213P00588000,True,09:31
QQQ,2026-02-13,Vie,leg,30,09:39,09:30-10:30,376,CALL,-0.36,-33.33,32.61,0.23,0.62,True,-989.13,-1489.13,-1481.07,-655.8,-98.91,-99.28,-98.74,-65.58,O:QQQ260213C00610000,O:QQQ260213P00588000,True,09:31
QQQ,2026-02-13,Vie,leg,40,09:40,09:30-10:30,375,CALL,24.01,-45.45,93.48,0.19,0.9,True,-989.13,-1489.13,-1483.57,-716.4,-98.91,-99.28,-98.9,-71.64,O:QQQ260213C00610000,O:QQQ260213P00588000,True,09:31
QQQ,2026-02-13,Vie,leg,50,09:42,09:30-10:30,373,CALL,29.68,-51.52,110.87,0.17,0.98,True,-989.13,-1489.13,-1484.03,-746.71,-98.91,-99.28,-98.94,-74.67,O:QQQ260213C00610000,O:QQQ260213P00588000,True,09:31
QQQ,2026-02-13,Vie,leg,60,10:27,09:30-10:30,328,PUT,-25.89,9.09,-60.87,0.19,0.37,True,-989.13,-1462.81,-1489.13,-804.35,-98.91,-97.52,-99.28,-80.43,O:QQQ260213C00610000,O:QQQ260213P00588000,True,09:31
SPY,2026-02-13,Vie,combined,20,10:13,09:30-10:30,342,PUT,-20.52,-13.95,-27.08,0.36,0.38,True,-989.58,-1475.69,-1489.58,-205.18,-98.96,-98.38,-99.31,-20.52,O:SPY260213C00689000,O:SPY260213P00672000,True,09:31
SPY,2026-02-13,Vie,combined,30,10:38,10:30-12:00,317,PUT,-33.82,-9.3,-58.33,0.21,0.4,True,-989.58,-1465.77,-1489.58,-338.18,-98.96,-97.72,-99.31,-33.82,O:SPY260213C00689000,O:SPY260213P00672000,True,09:31
SPY,2026-02-13,Vie,combined,40,10:43,10:30-12:00,312,PUT,-43.6,-37.21,-50.0,0.25,0.28,True,-989.58,-1469.58,-1489.58,-436.05,-98.96,-97.97,-99.31,-43.6,O:SPY260213C00689000,O:SPY260213P00672000,True,09:31
SPY,2026-02-13,Vie,combined,50,10:56,10:30-12:00,299,PUT,-52.42,-46.51,-58.33,0.21,0.24,True,-989.58,-1465.77,-1489.58,-524.22,-98.96,-97.72,-99.31,-52.42,O:SPY260213C00689000,O:SPY260213P00672000,True,09:31
SPY,2026-02-13,Vie,combined,60,11:19,10:30-12:00,276,PUT,-60.88,-48.84,-72.92,0.14,0.23,True,-989.58,-1453.87,-1489.58,-608.77,-98.96,-96.92,-99.31,-60.88,O:SPY260213C00689000,O:SPY260213P00672000,True,09:31
SPY,2026-02-13,Vie,leg,20,09:37,09:30-10:30,378,CALL,6.76,-30.23,43.75,0.31,0.7,True,-989.58,-1489.58,-1482.44,-640.75,-98.96,-99.31,-98.83,-64.07,O:SPY260213C00689000,O:SPY260213P00672000,True,09:31
SPY,2026-02-13,Vie,leg,30,09:37,09:30-10:30,378,CALL,6.76,-30.23,43.75,0.31,0.7,True,-989.58,-1489.58,-1482.44,-640.75,-98.96,-99.31,-98.83,-64.07,O:SPY260213C00689000,O:SPY260213P00672000,True,09:31
SPY,2026-02-13,Vie,leg,40,09:40,09:30-10:30,375,CALL,41.45,-44.19,127.08,0.25,1.1,True,-989.58,-1489.58,-1485.04,-710.51,-98.96,-99.31,-99.0,-71.05,O:SPY260213C00689000,O:SPY260213P00672000,True,09:31
SPY,2026-02-13,Vie,leg,50,09:41,09:30-10:30,374,CALL,52.54,-51.16,156.25,0.22,1.25,True,-989.58,-1489.58,-1485.58,-745.4,-98.96,-99.31,-99.04,-74.54,O:SPY260213C00689000,O:SPY260213P00672000,True,09:31
SPY,2026-02-13,Vie,leg,60,10:32,10:30-12:00,323,PUT,-19.62,23.26,-62.5,0.19,0.54,True,-989.58,-1463.27,-1489.58,-812.5,-98.96,-97.55,-99.31,-81.25,O:SPY260213C00689000,O:SPY260213P00672000,True,09:31
IWM,2026-02-13,Vie,combined,20,09:30,09:30-10:30,385,PUT,-28.56,8.96,-66.07,0.2,0.75,True,-910.45,-1410.45,-1330.45,-285.58,-91.04,-94.03,-88.7,-28.56,O:IWM260213C00263000,O:IWM260213P00255000,True,09:30
IWM,2026-02-13,Vie,combined,30,09:34,09:30-10:30,381,PUT,-32.44,2.99,-67.86,0.19,0.7,True,-910.45,-1410.45,-1324.73,-324.36,-91.04,-94.03,-88.32,-32.44,O:IWM260213C00263000,O:IWM260213P00255000,True,09:30
IWM,2026-02-13,Vie,combined,40,09:37,09:30-10:30,378,PUT,-40.5,-14.93,-66.07,0.2,0.58,True,-910.45,-1410.45,-1307.0,-404.98,-91.04,-94.03,-87.13,-40.5,O:IWM260213C00263000,O:IWM260213P00255000,True,09:30
IWM,2026-02-13,Vie,combined,50,14:41,13:30-15:55,74,PUT,-53.73,-7.46,-100.0,0.01,0.65,False,-910.45,,,-537.31,-91.04,,,-53.73,O:IWM260213C00263000,O:IWM260213P00255000,True,09:30
IWM,2026-02-13,Vie,combined,60,14:53,13:30-15:55,62,PUT,-61.19,-22.39,-100.0,0.01,0.54,False,-910.45,,,-611.94,-91.04,,,-61.19,O:IWM260213C00263000,O:IWM260213P00255000,True,09:30
IWM,2026-02-13,Vie,leg,20,09:30,09:30-10:30,385,PUT,-28.56,8.96,-66.07,0.2,0.75,True,-910.45,-1410.45,-1330.45,-740.8,-91.04,-94.03,-88.7,-74.08,O:IWM260213C00263000,O:IWM260213P00255000,True,09:30
IWM,2026-02-13,Vie,leg,30,09:30,09:30-10:30,385,PUT,-28.56,8.96,-66.07,0.2,0.75,True,-910.45,-1410.45,-1330.45,-740.8,-91.04,-94.03,-88.7,-74.08,O:IWM260213C00263000,O:IWM260213P00255000,True,09:30
IWM,2026-02-13,Vie,leg,40,09:30,09:30-10:30,385,PUT,-28.56,8.96,-66.07,0.2,0.75,True,-910.45,-1410.45,-1330.45,-740.8,-91.04,-94.03,-88.7,-74.08,O:IWM260213C00263000,O:IWM260213P00255000,True,09:30
IWM,2026-02-13,Vie,leg,50,09:30,09:30-10:30,385,PUT,-28.56,8.96,-66.07,0.2,0.75,True,-910.45,-1410.45,-1330.45,-740.8,-91.04,-94.03,-88.7,-74.08,O:IWM260213C00263000,O:IWM260213P00255000,True,09:30
IWM,2026-02-13,Vie,leg,60,09:30,09:30-10:30,385,PUT,-28.56,8.96,-66.07,0.2,0.75,True,-910.45,-1410.45,-1330.45,-740.8,-91.04,-94.03,-88.7,-74.08,O:IWM260213C00263000,O:IWM260213P00255000,True,09:30
QQQ,2026-02-17,Mar,combined,20,09:48,09:30-10:30,367,PUT,-21.53,-4.08,-38.98,0.37,0.48,True,-989.8,-1489.8,-1479.38,-215.32,-98.98,-99.32,-98.63,-21.53,O:QQQ260217C00605000,O:QQQ260217P00587000,True,09:31
QQQ,2026-02-17,Mar,combined,30,10:01,09:30-10:30,354,CALL,-34.85,-61.22,-8.47,0.2,0.55,True,-989.8,-1464.8,-1489.8,-348.5,-98.98,-97.65,-99.32,-34.85,O:QQQ260217C00605000,O:QQQ260217P00587000,True,09:31
QQQ,2026-02-17,Mar,combined,40,10:04,09:30-10:30,351,CALL,-43.15,-59.18,-27.12,0.21,0.44,True,-989.8,-1465.99,-1489.8,-431.51,-98.98,-97.73,-99.32,-43.15,O:QQQ260217C00605000,O:QQQ260217P00587000,True,09:31
QQQ,2026-02-17,Mar,combined,50,10:17,09:30-10:30,338,CALL,-52.32,-67.35,-37.29,0.17,0.38,True,-989.8,-1460.38,-1489.8,-523.18,-98.98,-97.36,-99.32,-52.32,O:QQQ260217C00605000,O:QQQ260217P00587000,True,09:31
QQQ,2026-02-17,Mar,combined,60,10:45,10:30-12:00,310,CALL,-65.22,-79.59,-50.85,0.11,0.3,True,-989.8,-1444.34,-1489.8,-652.2,-98.98,-96.29,-99.32,-65.22,O:QQQ260217C00605000,O:QQQ260217P00587000,True,09:31
QQQ,2026-02-17,Mar,leg,20,09:31,09:30-10:30,384,PUT,14.68,63.27,-33.9,0.4,0.82,True,-989.8,-1489.8,-1483.7,-659.29,-98.98,-99.32,-98.91,-65.93,O:QQQ260217C00605000,O:QQQ260217P00587000,True,09:31
QQQ,2026-02-17,Mar,leg,30,09:31,09:30-10:30,384,PUT,14.68,63.27,-33.9,0.4,0.82,True,-989.8,-1489.8,-1483.7,-659.29,-98.98,-99.32,-98.91,-65.93,O:QQQ260217C00605000,O:QQQ260217P00587000,True,09:31
QQQ,2026-02-17,Mar,leg,40,09:33,09:30-10:30,382,PUT,5.52,55.1,-44.07,0.35,0.77,True,-989.8,-1489.8,-1483.3,-710.13,-98.98,-99.32,-98.89,-71.01,O:QQQ260217C00605000,O:QQQ260217P00587000,True,09:31
QQQ,2026-02-17,Mar,leg,50,09:34,09:30-10:30,381,PUT,26.29,110.2,-57.63,0.26,1.04,True,-989.8,-1489.8,-1484.99,-777.93,-98.98,-99.32,-99.0,-77.79,O:QQQ260217C00605000,O:QQQ260217P00587000,True,09:31
QQQ,2026-02-17,Mar,leg,60,09:36,09:30-10:30,379,PUT,35.14,134.69,-64.41,0.22,1.17,True,-989.8,-1489.8,-1485.52,-811.83,-98.98,-99.32,-99.03,-81.18,O:QQQ260217C00605000,O:QQQ260217P00587000,True,09:31
SPY,2026-02-17,Mar,combined,20,09:48,09:30-10:30,367,CALL,-21.52,-22.45,-20.59,0.39,0.28,True,-1000.0,-1500.0,-1500.0,-215.19,-100.0,-100.0,-100.0,-21.52,O:SPY260217C00686000,O:SPY260217P00670000,True,09:30
SPY,2026-02-17,Mar,combined,30,10:03,09:30-10:30,352,CALL,-31.75,-69.39,5.88,0.16,0.37,True,-1000.0,-1500.0,-1500.0,-317.53,-100.0,-100.0,-100.0,-31.75,O:SPY260217C00686000,O:SPY260217P00670000,True,09:30
SPY,2026-02-17,Mar,combined,40,10:18,09:30-10:30,337,CALL,-45.77,-59.18,-32.35,0.21,0.24,True,-1000.0,-1500.0,-1500.0,-457.68,-100.0,-100.0,-100.0,-45.77,O:SPY260217C00686000,O:SPY260217P00670000,True,09:30
SPY,2026-02-17,Mar,combined,50,10:47,10:30-12:00,308,CALL,-60.5,-85.71,-35.29,0.08,0.23,True,-1000.0,-1500.0,-1500.0,-605.04,-100.0,-100.0,-100.0,-60.5,O:SPY260217C00686000,O:SPY260217P00670000,True,09:30
SPY,2026-02-17,Mar,combined,60,10:47,10:30-12:00,308,CALL,-60.5,-85.71,-35.29,0.08,0.23,True,-1000.0,-1500.0,-1500.0,-605.04,-100.0,-100.0,-100.0,-60.5,O:SPY260217C00686000,O:SPY260217P00670000,True,09:30
SPY,2026-02-17,Mar,leg,20,09:33,09:30-10:30,382,PUT,-10.29,0.0,-20.59,0.28,0.5,True,-1000.0,-1500.0,-1500.0,-602.94,-100.0,-100.0,-100.0,-60.29,O:SPY260217C00686000,O:SPY260217P00670000,True,09:30
SPY,2026-02-17,Mar,leg,30,09:34,09:30-10:30,381,PUT,-4.38,26.53,-35.29,0.23,0.63,True,-1000.0,-1500.0,-1500.0,-676.47,-100.0,-100.0,-100.0,-67.65,O:SPY260217C00686000,O:SPY260217P00670000,True,09:30
SPY,2026-02-17,Mar,leg,40,09:37,09:30-10:30,378,PUT,6.51,57.14,-44.12,0.2,0.78,True,-1000.0,-1500.0,-1500.0,-720.59,-100.0,-100.0,-100.0,-72.06,O:SPY260217C00686000,O:SPY260217P00670000,True,09:30
SPY,2026-02-17,Mar,leg,50,09:39,09:30-10:30,376,PUT,-0.96,51.02,-52.94,0.17,0.75,True,-1000.0,-1500.0,-1500.0,-764.71,-100.0,-100.0,-100.0,-76.47,O:SPY260217C00686000,O:SPY260217P00670000,True,09:30
SPY,2026-02-17,Mar,leg,60,09:53,09:30-10:30,362,CALL,-0.75,-63.27,61.76,0.19,0.56,True,-1000.0,-1500.0,-1500.0,-816.33,-100.0,-100.0,-100.0,-81.63,O:SPY260217C00686000,O:SPY260217P00670000,True,09:30
IWM,2026-02-17,Mar,combined,20,09:30,09:30-10:30,385,PUT,-45.2,-35.71,-54.69,0.3,0.37,True,-1000.0,-1500.0,-1500.0,-452.01,-100.0,-100.0,-100.0,-45.2,O:IWM260217C00266000,O:IWM260217P00259000,True,09:30
IWM,2026-02-17,Mar,combined,30,09:30,09:30-10:30,385,PUT,-45.2,-35.71,-54.69,0.3,0.37,True,-1000.0,-1500.0,-1500.0,-452.01,-100.0,-100.0,-100.0,-45.2,O:IWM260217C00266000,O:IWM260217P00259000,True,09:30
IWM,2026-02-17,Mar,combined,40,09:30,09:30-10:30,385,PUT,-45.2,-35.71,-54.69,0.3,0.37,True,-1000.0,-1500.0,-1500.0,-452.01,-100.0,-100.0,-100.0,-45.2,O:IWM260217C00266000,O:IWM260217P00259000,True,09:30
IWM,2026-02-17,Mar,combined,50,09:40,09:30-10:30,375,PUT,-50.56,-46.43,-54.69,0.3,0.31,True,-1000.0,-1500.0,-1500.0,-505.58,-100.0,-100.0,-100.0,-50.56,O:IWM260217C00266000,O:IWM260217P00259000,True,09:30
IWM,2026-02-17,Mar,combined,60,10:18,09:30-10:30,337,CALL,-63.73,-94.64,-32.81,0.04,0.44,True,-1000.0,-1500.0,-1500.0,-637.28,-100.0,-100.0,-100.0,-63.73,O:IWM260217C00266000,O:IWM260217P00259000,True,09:30
IWM,2026-02-17,Mar,leg,20,09:30,09:30-10:30,385,PUT,-45.2,-35.71,-54.69,0.3,0.37,True,-1000.0,-1500.0,-1500.0,-773.44,-100.0,-100.0,-100.0,-77.34,O:IWM260217C00266000,O:IWM260217P00259000,True,09:30
IWM,2026-02-17,Mar,leg,30,09:30,09:30-10:30,385,PUT,-45.2,-35.71,-54.69,0.3,0.37,True,-1000.0,-1500.0,-1500.0,-773.44,-100.0,-100.0,-100.0,-77.34,O:IWM260217C00266000,O:IWM260217P00259000,True,09:30
IWM,2026-02-17,Mar,leg,40,09:30,09:30-10:30,385,PUT,-45.2,-35.71,-54.69,0.3,0.37,True,-1000.0,-1500.0,-1500.0,-773.44,-100.0,-100.0,-100.0,-77.34,O:IWM260217C00266000,O:IWM260217P00259000,True,09:30
IWM,2026-02-17,Mar,leg,50,09:30,09:30-10:30,385,PUT,-45.2,-35.71,-54.69,0.3,0.37,True,-1000.0,-1500.0,-1500.0,-773.44,-100.0,-100.0,-100.0,-77.34,O:IWM260217C00266000,O:IWM260217P00259000,True,09:30
IWM,2026-02-17,Mar,leg,60,09:31,09:30-10:30,384,PUT,-32.92,-1.79,-64.06,0.24,0.56,True,-1000.0,-1500.0,-1500.0,-820.31,-100.0,-100.0,-100.0,-82.03,O:IWM260217C00266000,O:IWM260217P00259000,True,09:30
QQQ,2026-02-18,Mié,combined,20,09:30,09:30-10:30,385,PUT,-27.82,-25.64,-30.0,0.38,0.3,True,-1000.0,-1500.0,-1500.0,-278.21,-100.0,-100.0,-100.0,-27.82,O:QQQ260218C00609000,O:QQQ260218P00590000,True,09:30
QQQ,2026-02-18,Mié,combined,30,09:33,09:30-10:30,382,PUT,-32.26,-20.51,-44.0,0.29,0.32,True,-1000.0,-1500.0,-1500.0,-322.56,-100.0,-100.0,-100.0,-32.26,O:QQQ260218C00609000,O:QQQ260218P00590000,True,09:30
QQQ,2026-02-18,Mié,combined,40,09:37,09:30-10:30,378,CALL,-41.64,-51.28,-32.0,0.2,0.35,True,-1000.0,-1500.0,-1500.0,-416.41,-100.0,-100.0,-100.0,-41.64,O:QQQ260218C00609000,O:QQQ260218P00590000,True,09:30
QQQ,2026-02-18,Mié,combined,50,09:49,09:30-10:30,366,PUT,-53.08,-46.15,-60.0,0.21,0.22,True,-1000.0,-1500.0,-1500.0,-530.77,-100.0,-100.0,-100.0,-53.08,O:QQQ260218C00609000,O:QQQ260218P00590000,True,09:30
QQQ,2026-02-18,Mié,combined,60,13:42,13:30-15:55,133,PUT,-63.1,-28.21,-98.0,0.02,0.29,True,-1000.0,-1500.0,-1500.0,-631.03,-100.0,-100.0,-100.0,-63.1,O:QQQ260218C00609000,O:QQQ260218P00590000,True,09:30
QQQ,2026-02-18,Mié,leg,20,09:30,09:30-10:30,385,PUT,-27.82,-25.64,-30.0,0.38,0.3,True,-1000.0,-1500.0,-1500.0,-650.0,-100.0,-100.0,-100.0,-65.0,O:QQQ260218C00609000,O:QQQ260218P00590000,True,09:30
QQQ,2026-02-18,Mié,leg,30,09:30,09:30-10:30,385,PUT,-27.82,-25.64,-30.0,0.38,0.3,True,-1000.0,-1500.0,-1500.0,-650.0,-100.0,-100.0,-100.0,-65.0,O:QQQ260218C00609000,O:QQQ260218P00590000,True,09:30
QQQ,2026-02-18,Mié,leg,40,09:31,09:30-10:30,384,PUT,-25.13,-10.26,-40.0,0.31,0.36,True,-1000.0,-1500.0,-1500.0,-700.0,-100.0,-100.0,-100.0,-70.0,O:QQQ260218C00609000,O:QQQ260218P00590000,True,09:30
QQQ,2026-02-18,Mié,leg,50,09:37,09:30-10:30,378,CALL,-41.64,-51.28,-32.0,0.2,0.35,True,-1000.0,-1500.0,-1500.0,-756.41,-100.0,-100.0,-100.0,-75.64,O:QQQ260218C00609000,O:QQQ260218P00590000,True,09:30
QQQ,2026-02-18,Mié,leg,60,09:43,09:30-10:30,372,PUT,-32.72,2.56,-68.0,0.17,0.41,True,-1000.0,-1500.0,-1500.0,-840.0,-100.0,-100.0,-100.0,-84.0,O:QQQ260218C00609000,O:QQQ260218P00590000,True,09:30
SPY,2026-02-18,Mié,combined,20,09:30,09:30-10:30,385,PUT,-25.0,-16.67,-33.33,0.29,0.31,True,-1000.0,-1500.0,-1500.0,-250.0,-100.0,-100.0,-100.0,-25.0,O:SPY260218C00689000,O:SPY260218P00673000,True,09:30
SPY,2026-02-18,Mié,combined,30,09:34,09:30-10:30,381,PUT,-31.94,-13.89,-50.0,0.22,0.32,True,-1000.0,-1500.0,-1500.0,-319.44,-100.0,-100.0,-100.0,-31.94,O:SPY260218C00689000,O:SPY260218P00673000,True,09:30
SPY,2026-02-18,Mié,combined,40,09:49,09:30-10:30,366,PUT,-41.87,-19.44,-64.29,0.16,0.3,True,-1000.0,-1500.0,-1500.0,-418.65,-100.0,-100.0,-100.0,-41.87,O:SPY260218C00689000,O:SPY260218P00673000,True,09:30
SPY,2026-02-18,Mié,combined,50,13:24,12:00-13:30,151,PUT,-50.2,-2.78,-97.62,0.02,0.36,True,-1000.0,-1500.0,-1500.0,-501.98,-100.0,-100.0,-100.0,-50.2,O:SPY260218C00689000,O:SPY260218P00673000,True,09:30
SPY,2026-02-18,Mié,combined,60,13:28,12:00-13:30,147,PUT,-64.09,-30.56,-97.62,0.02,0.26,True,-1000.0,-1500.0,-1500.0,-640.87,-100.0,-100.0,-100.0,-64.09,O:SPY260218C00689000,O:SPY260218P00673000,True,09:30
SPY,2026-02-18,Mié,leg,20,09:30,09:30-10:30,385,PUT,-25.0,-16.67,-33.33,0.29,0.31,True,-1000.0,-1500.0,-1500.0,-666.67,-100.0,-100.0,-100.0,-66.67,O:SPY260218C00689000,O:SPY260218P00673000,True,09:30
SPY,2026-02-18,Mié,leg,30,09:30,09:30-10:30,385,PUT,-25.0,-16.67,-33.33,0.29,0.31,True,-1000.0,-1500.0,-1500.0,-666.67,-100.0,-100.0,-100.0,-66.67,O:SPY260218C00689000,O:SPY260218P00673000,True,09:30
SPY,2026-02-18,Mié,leg,40,09:31,09:30-10:30,384,PUT,-19.44,11.11,-50.0,0.22,0.41,True,-1000.0,-1500.0,-1500.0,-750.0,-100.0,-100.0,-100.0,-75.0,O:SPY260218C00689000,O:SPY260218P00673000,True,09:30
SPY,2026-02-18,Mié,leg,50,09:31,09:30-10:30,384,PUT,-19.44,11.11,-50.0,0.22,0.41,True,-1000.0,-1500.0,-1500.0,-750.0,-100.0,-100.0,-100.0,-75.0,O:SPY260218C00689000,O:SPY260218P00673000,True,09:30
SPY,2026-02-18,Mié,leg,60,09:40,09:30-10:30,375,PUT,-26.79,8.33,-61.9,0.17,0.4,True,-1000.0,-1500.0,-1500.0,-809.52,-100.0,-100.0,-100.0,-80.95,O:SPY260218C00689000,O:SPY260218P00673000,True,09:30
IWM,2026-02-18,Mié,combined,20,09:31,09:30-10:30,384,PUT,-21.8,-2.86,-40.74,0.33,0.36,True,-1000.0,-1500.0,-1500.0,-217.99,-100.0,-100.0,-100.0,-21.8,O:IWM260218C00266000,O:IWM260218P00260000,True,09:30
IWM,2026-02-18,Mié,combined,30,11:20,10:30-12:00,275,PUT,-31.01,34.29,-96.3,0.03,0.48,True,-1000.0,-1500.0,-1500.0,-310.05,-100.0,-100.0,-100.0,-31.01,O:IWM260218C00266000,O:IWM260218P00260000,True,09:30
IWM,2026-02-18,Mié,combined,40,11:49,10:30-12:00,246,PUT,-42.43,11.43,-96.3,0.03,0.4,True,-1000.0,-1500.0,-1500.0,-424.34,-100.0,-100.0,-100.0,-42.43,O:IWM260218C00266000,O:IWM260218P00260000,True,09:30
IWM,2026-02-18,Mié,combined,50,12:12,12:00-13:30,223,PUT,-50.5,-2.86,-98.15,0.02,0.35,True,-1000.0,-1500.0,-1500.0,-505.03,-100.0,-100.0,-100.0,-50.5,O:IWM260218C00266000,O:IWM260218P00260000,True,09:30
IWM,2026-02-18,Mié,combined,60,12:49,12:00-13:30,186,PUT,-63.36,-28.57,-98.15,0.02,0.26,True,-1000.0,-1500.0,-1500.0,-633.6,-100.0,-100.0,-100.0,-63.36,O:IWM260218C00266000,O:IWM260218P00260000,True,09:30
IWM,2026-02-18,Mié,leg,20,09:30,09:30-10:30,385,CALL,-18.97,-65.71,27.78,0.14,0.7,True,-1000.0,-1500.0,-1500.0,-828.57,-100.0,-100.0,-100.0,-82.86,O:IWM260218C00266000,O:IWM260218P00260000,True,09:30
IWM,2026-02-18,Mié,leg,30,09:30,09:30-10:30,385,CALL,-18.97,-65.71,27.78,0.14,0.7,True,-1000.0,-1500.0,-1500.0,-828.57,-100.0,-100.0,-100.0,-82.86,O:IWM260218C00266000,O:IWM260218P00260000,True,09:30
IWM,2026-02-18,Mié,leg,40,09:30,09:30-10:30,385,CALL,-18.97,-65.71,27.78,0.14,0.7,True,-1000.0,-1500.0,-1500.0,-828.57,-100.0,-100.0,-100.0,-82.86,O:IWM260218C00266000,O:IWM260218P00260000,True,09:30
IWM,2026-02-18,Mié,leg,50,09:30,09:30-10:30,385,CALL,-18.97,-65.71,27.78,0.14,0.7,True,-1000.0,-1500.0,-1500.0,-828.57,-100.0,-100.0,-100.0,-82.86,O:IWM260218C00266000,O:IWM260218P00260000,True,09:30
IWM,2026-02-18,Mié,leg,60,09:30,09:30-10:30,385,CALL,-18.97,-65.71,27.78,0.14,0.7,True,-1000.0,-1500.0,-1500.0,-828.57,-100.0,-100.0,-100.0,-82.86,O:IWM260218C00266000,O:IWM260218P00260000,True,09:30
QQQ,2026-02-19,Jue,combined,20,09:52,09:30-10:30,363,CALL,-21.2,-25.0,-17.39,0.41,0.39,True,-1000.0,-1500.0,-1500.0,-211.96,-100.0,-100.0,-100.0,-21.2,O:QQQ260219C00609000,O:QQQ260219P00595000,True,09:30
QQQ,2026-02-19,Jue,combined,30,10:12,09:30-10:30,343,PUT,-32.78,-30.77,-34.78,0.31,0.37,True,-1000.0,-1500.0,-1500.0,-327.76,-100.0,-100.0,-100.0,-32.78,O:QQQ260219C00609000,O:QQQ260219P00595000,True,09:30
QQQ,2026-02-19,Jue,combined,40,10:22,09:30-10:30,333,PUT,-42.31,-34.62,-50.0,0.24,0.35,True,-1000.0,-1500.0,-1500.0,-423.08,-100.0,-100.0,-100.0,-42.31,O:QQQ260219C00609000,O:QQQ260219P00595000,True,09:30
QQQ,2026-02-19,Jue,combined,50,10:43,10:30-12:00,312,PUT,-50.04,-32.69,-67.39,0.16,0.36,True,-1000.0,-1500.0,-1500.0,-500.42,-100.0,-100.0,-100.0,-50.04,O:QQQ260219C00609000,O:QQQ260219P00595000,True,09:30
QQQ,2026-02-19,Jue,combined,60,10:59,10:30-12:00,296,PUT,-60.03,-46.15,-73.91,0.13,0.29,True,-1000.0,-1500.0,-1500.0,-600.33,-100.0,-100.0,-100.0,-60.03,O:QQQ260219C00609000,O:QQQ260219P00595000,True,09:30
QQQ,2026-02-19,Jue,leg,20,09:34,09:30-10:30,381,CALL,1.63,-25.0,28.26,0.4,0.6,True,-1000.0,-1500.0,-1500.0,-625.0,-100.0,-100.0,-100.0,-62.5,O:QQQ260219C00609000,O:QQQ260219P00595000,True,09:30
QQQ,2026-02-19,Jue,leg,30,09:35,09:30-10:30,380,CALL,14.34,-36.54,65.22,0.34,0.77,True,-1000.0,-1500.0,-1500.0,-682.69,-100.0,-100.0,-100.0,-68.27,O:QQQ260219C00609000,O:QQQ260219P00595000,True,09:30
QQQ,2026-02-19,Jue,leg,40,09:40,09:30-10:30,375,CALL,13.63,-42.31,69.57,0.31,0.79,True,-1000.0,-1500.0,-1500.0,-711.54,-100.0,-100.0,-100.0,-71.15,O:QQQ260219C00609000,O:QQQ260219P00595000,True,09:30
QQQ,2026-02-19,Jue,leg,50,09:41,09:30-10:30,374,CALL,17.39,-50.0,84.78,0.27,0.86,True,-1000.0,-1500.0,-1500.0,-750.0,-100.0,-100.0,-100.0,-75.0,O:QQQ260219C00609000,O:QQQ260219P00595000,True,09:30
QQQ,2026-02-19,Jue,leg,60,10:32,10:30-12:00,323,PUT,-39.09,-17.31,-60.87,0.19,0.44,True,-1000.0,-1500.0,-1500.0,-804.35,-100.0,-100.0,-100.0,-80.43,O:QQQ260219C00609000,O:QQQ260219P00595000,True,09:30
SPY,2026-02-19,Jue,combined,20,10:00,09:30-10:30,355,PUT,-21.14,-15.0,-27.27,0.33,0.35,True,-988.64,-1473.48,-1488.64,-211.36,-98.86,-98.23,-99.24,-21.14,O:SPY260219C00689000,O:SPY260219P00677000,True,09:30
SPY,2026-02-19,Jue,combined,30,10:13,09:30-10:30,342,CALL,-31.02,-32.5,-29.55,0.28,0.32,True,-988.64,-1488.64,-1473.01,-310.23,-98.86,-99.24,-98.2,-31.02,O:SPY260219C00689000,O:SPY260219P00677000,True,09:30
SPY,2026-02-19,Jue,combined,40,10:37,10:30-12:00,318,PUT,-43.18,-25.0,-61.36,0.18,0.31,True,-988.64,-1460.86,-1488.64,-431.82,-98.86,-97.39,-99.24,-43.18,O:SPY260219C00689000,O:SPY260219P00677000,True,09:30
SPY,2026-02-19,Jue,combined,50,10:50,10:30-12:00,305,CALL,-52.39,-52.5,-52.27,0.2,0.22,True,-988.64,-1488.64,-1465.91,-523.86,-98.86,-99.24,-97.73,-52.39,O:SPY260219C00689000,O:SPY260219P00677000,True,09:30
SPY,2026-02-19,Jue,combined,60,11:04,10:30-12:00,291,PUT,-60.57,-57.5,-63.64,0.17,0.18,True,-988.64,-1459.22,-1488.64,-605.68,-98.86,-97.28,-99.24,-60.57,O:SPY260219C00689000,O:SPY260219P00677000,True,09:30
SPY,2026-02-19,Jue,leg,20,09:35,09:30-10:30,380,CALL,9.89,-32.5,52.27,0.28,0.68,True,-988.64,-1488.64,-1481.28,-651.14,-98.86,-99.24,-98.75,-65.11,O:SPY260219C00689000,O:SPY260219P00677000,True,09:30
SPY,2026-02-19,Jue,leg,30,09:35,09:30-10:30,380,CALL,9.89,-32.5,52.27,0.28,0.68,True,-988.64,-1488.64,-1481.28,-651.14,-98.86,-99.24,-98.75,-65.11,O:SPY260219C00689000,O:SPY260219P00677000,True,09:30
SPY,2026-02-19,Jue,leg,40,09:55,09:30-10:30,360,PUT,-11.59,20.0,-43.18,0.26,0.49,True,-988.64,-1469.41,-1488.64,-715.91,-98.86,-97.96,-99.24,-71.59,O:SPY260219C00689000,O:SPY260219P00677000,True,09:30
SPY,2026-02-19,Jue,leg,50,10:03,09:30-10:30,352,PUT,-6.14,40.0,-52.27,0.22,0.57,True,-988.64,-1465.91,-1488.64,-761.36,-98.86,-97.73,-99.24,-76.14,O:SPY260219C00689000,O:SPY260219P00677000,True,09:30
SPY,2026-02-19,Jue,leg,60,10:34,10:30-12:00,321,PUT,-36.93,-12.5,-61.36,0.18,0.36,True,-988.64,-1460.86,-1488.64,-806.82,-98.86,-97.39,-99.24,-80.68,O:SPY260219C00689000,O:SPY260219P00677000,True,09:30
IWM,2026-02-19,Jue,combined,20,11:03,10:30-12:00,292,PUT,-21.07,-3.57,-38.57,0.44,0.55,True,-589.29,-1089.29,-671.1,-210.71,-58.93,-72.62,-44.74,-21.07,O:IWM260219C00264000,O:IWM260219P00262000,True,09:30
IWM,2026-02-19,Jue,combined,30,11:46,10:30-12:00,249,PUT,-30.54,-12.5,-48.57,0.37,0.5,True,-589.29,-1089.29,-629.29,-305.36,-58.93,-72.62,-41.95,-30.54,O:IWM260219C00264000,O:IWM260219P00262000,True,09:30
IWM,2026-02-19,Jue,combined,40,12:10,12:00-13:30,225,CALL,-40.18,-44.64,-35.71,0.32,0.46,True,-589.29,-370.54,-1089.29,-401.79,-58.93,-24.7,-72.62,-40.18,O:IWM260219C00264000,O:IWM260219P00262000,True,09:30
IWM,2026-02-19,Jue,combined,50,12:46,12:00-13:30,189,PUT,-50.0,-42.86,-57.14,0.31,0.33,True,-589.29,-1089.29,-392.32,-500.0,-58.93,-72.62,-26.15,-50.0,O:IWM260219C00264000,O:IWM260219P00262000,True,09:30
IWM,2026-02-19,Jue,combined,60,13:43,13:30-15:55,132,CALL,-63.57,-78.57,-48.57,0.13,0.37,True,-589.29,679.95,-1089.29,-635.71,-58.93,45.33,-72.62,-63.57,O:IWM260219C00264000,O:IWM260219P00262000,True,09:30
IWM,2026-02-19,Jue,leg,20,09:35,09:30-10:30,380,CALL,51.25,-37.5,140.0,0.36,1.69,True,-589.29,-450.4,-1089.29,-687.5,-58.93,-30.03,-72.62,-68.75,O:IWM260219C00264000,O:IWM260219P00262000,True,09:30
IWM,2026-02-19,Jue,leg,30,09:35,09:30-10:30,380,CALL,51.25,-37.5,140.0,0.36,1.69,True,-589.29,-450.4,-1089.29,-687.5,-58.93,-30.03,-72.62,-68.75,O:IWM260219C00264000,O:IWM260219P00262000,True,09:30
IWM,2026-02-19,Jue,leg,40,10:34,10:30-12:00,321,PUT,-0.0,50.0,-50.0,0.36,0.85,True,-589.29,-1089.29,-818.7,-339.29,-58.93,-72.62,-54.58,-33.93,O:IWM260219C00264000,O:IWM260219P00262000,True,09:30
IWM,2026-02-19,Jue,leg,50,10:34,10:30-12:00,321,PUT,-0.0,50.0,-50.0,0.36,0.85,True,-589.29,-1089.29,-818.7,-339.29,-58.93,-72.62,-54.58,-33.93,O:IWM260219C00264000,O:IWM260219P00262000,True,09:30
IWM,2026-02-19,Jue,leg,60,11:15,10:30-12:00,280,PUT,-17.32,26.79,-61.43,0.28,0.72,True,-589.29,-1089.29,-769.84,-396.43,-58.93,-72.62,-51.32,-39.64,O:IWM260219C00264000,O:IWM260219P00262000,True,09:30
QQQ,2026-02-20,Vie,combined,20,15:29,13:30-15:55,26,PUT,-20.52,57.14,-98.18,0.02,0.9,True,178.73,-71.27,406.51,-205.19,17.87,-4.75,27.1,-20.52,O:QQQ260220C00607000,O:QQQ260220P00593000,True,09:30
QQQ,2026-02-20,Vie,leg,20,09:35,09:30-10:30,380,PUT,31.9,91.07,-27.27,0.41,1.09,True,178.73,-309.07,279.65,533.28,17.87,-20.6,18.64,53.33,O:QQQ260220C00607000,O:QQQ260220P00593000,True,09:30
QQQ,2026-02-20,Vie,leg,30,09:36,09:30-10:30,379,PUT,34.48,107.14,-38.18,0.35,1.17,True,178.73,-306.98,238.56,478.73,17.87,-20.47,15.9,47.87,O:QQQ260220C00607000,O:QQQ260220P00593000,True,09:30
QQQ,2026-02-20,Vie,leg,40,09:40,09:30-10:30,375,PUT,35.36,110.71,-40.0,0.34,1.19,True,178.73,-306.56,229.15,469.64,17.87,-20.44,15.28,46.96,O:QQQ260220C00607000,O:QQQ260220P00593000,True,09:30
QQQ,2026-02-20,Vie,leg,50,09:42,09:30-10:30,373,PUT,78.99,210.71,-52.73,0.27,1.76,True,178.73,-302.75,50.89,406.01,17.87,-20.18,3.39,40.6,O:QQQ260220C00607000,O:QQQ260220P00593000,True,09:30
QQQ,2026-02-20,Vie,leg,60,09:46,09:30-10:30,369,PUT,89.64,239.29,-60.0,0.23,1.92,True,178.73,-299.53,19.88,369.64,17.87,-19.97,1.33,36.96,O:QQQ260220C00607000,O:QQQ260220P00593000,True,09:30
SPY,2026-02-20,Vie,combined,20,12:18,12:00-13:30,217,PUT,-26.46,18.52,-71.43,0.13,0.33,True,-525.13,-986.67,-646.34,-264.55,-52.51,-65.78,-43.09,-26.46,O:SPY260220C00689000,O:SPY260220P00674000,True,09:30
SPY,2026-02-20,Vie,combined,30,12:20,12:00-13:30,215,PUT,-36.38,-3.7,-69.05,0.14,0.27,True,-525.13,-989.42,-562.17,-363.76,-52.51,-65.96,-37.48,-36.38,O:SPY260220C00689000,O:SPY260220P00674000,True,09:30
SPY,2026-02-20,Vie,combined,40,12:24,12:00-13:30,211,PUT,-46.83,-22.22,-71.43,0.13,0.22,True,-525.13,-986.67,-456.95,-468.25,-52.51,-65.78,-30.46,-46.83,O:SPY260220C00689000,O:SPY260220P00674000,True,09:30
SPY,2026-02-20,Vie,combined,50,15:26,13:30-15:55,29,PUT,-50.66,-3.7,-97.62,0.02,0.27,True,-525.13,-775.13,-562.17,-506.61,-52.51,-51.68,-37.48,-50.66,O:SPY260220C00689000,O:SPY260220P00674000,True,09:30
SPY,2026-02-20,Vie,combined,60,15:36,13:30-15:55,19,PUT,-61.77,-25.93,-97.62,0.02,0.21,True,-525.13,-775.13,-429.89,-617.72,-52.51,-51.68,-28.66,-61.77,O:SPY260220C00689000,O:SPY260220P00674000,True,09:30
SPY,2026-02-20,Vie,leg,20,09:35,09:30-10:30,380,PUT,11.64,51.85,-28.57,0.31,0.42,True,-525.13,-1009.0,-727.51,-179.89,-52.51,-67.27,-48.5,-17.99,O:SPY260220C00689000,O:SPY260220P00674000,True,09:30
SPY,2026-02-20,Vie,leg,30,09:36,09:30-10:30,379,PUT,11.11,55.56,-33.33,0.29,0.43,True,-525.13,-1007.89,-734.43,-203.7,-52.51,-67.19,-48.96,-20.37,O:SPY260220C00689000,O:SPY260220P00674000,True,09:30
SPY,2026-02-20,Vie,leg,40,09:42,09:30-10:30,373,PUT,28.04,103.7,-47.62,0.23,0.57,True,-525.13,-1003.39,-805.83,-275.13,-52.51,-66.89,-53.72,-27.51,O:SPY260220C00689000,O:SPY260220P00674000,True,09:30
SPY,2026-02-20,Vie,leg,50,09:46,09:30-10:30,369,PUT,20.77,96.3,-54.76,0.2,0.54,True,-525.13,-1000.13,-793.65,-310.85,-52.51,-66.68,-52.91,-31.08,O:SPY260220C00689000,O:SPY260220P00674000,True,09:30
SPY,2026-02-20,Vie,leg,60,09:59,09:30-10:30,356,PUT,-10.45,48.15,-69.05,0.15,0.45,True,-525.13,-991.8,-747.35,-382.28,-52.51,-66.12,-49.82,-38.23,O:SPY260220C00689000,O:SPY260220P00674000,True,09:30
IWM,2026-02-20,Vie,combined,20,10:40,10:30-12:00,315,PUT,-20.28,-5.71,-34.85,0.44,0.34,True,-1000.0,-1500.0,-1500.0,-202.81,-100.0,-100.0,-100.0,-20.28,O:IWM260220C00266000,O:IWM260220P00262000,True,09:30
IWM,2026-02-20,Vie,combined,30,11:00,10:30-12:00,295,PUT,-37.45,-14.29,-60.61,0.27,0.31,True,-1000.0,-1500.0,-1500.0,-374.46,-100.0,-100.0,-100.0,-37.45,O:IWM260220C00266000,O:IWM260220P00262000,True,09:30
IWM,2026-02-20,Vie,combined,40,11:15,10:30-12:00,280,PUT,-40.48,-14.29,-66.67,0.23,0.32,True,-1000.0,-1500.0,-1500.0,-404.76,-100.0,-100.0,-100.0,-40.48,O:IWM260220C00266000,O:IWM260220P00262000,True,09:30
IWM,2026-02-20,Vie,combined,50,11:32,10:30-12:00,263,PUT,-50.22,-42.86,-57.58,0.3,0.21,True,-1000.0,-1500.0,-1500.0,-502.16,-100.0,-100.0,-100.0,-50.22,O:IWM260220C00266000,O:IWM260220P00262000,True,09:30
IWM,2026-02-20,Vie,combined,60,11:43,10:30-12:00,252,PUT,-61.58,-42.86,-80.3,0.14,0.21,True,-1000.0,-1500.0,-1500.0,-615.8,-100.0,-100.0,-100.0,-61.58,O:IWM260220C00266000,O:IWM260220P00262000,True,09:30
IWM,2026-02-20,Vie,leg,20,10:00,09:30-10:30,355,PUT,-2.47,31.43,-36.36,0.44,0.47,True,-1000.0,-1500.0,-1500.0,-681.82,-100.0,-100.0,-100.0,-68.18,O:IWM260220C00266000,O:IWM260220P00262000,True,09:30
IWM,2026-02-20,Vie,leg,30,10:00,09:30-10:30,355,PUT,-2.47,31.43,-36.36,0.44,0.47,True,-1000.0,-1500.0,-1500.0,-681.82,-100.0,-100.0,-100.0,-68.18,O:IWM260220C00266000,O:IWM260220P00262000,True,09:30
IWM,2026-02-20,Vie,leg,40,10:01,09:30-10:30,354,PUT,90.43,265.71,-84.85,0.12,1.35,True,-1000.0,-1500.0,-1500.0,-924.24,-100.0,-100.0,-100.0,-92.42,O:IWM260220C00266000,O:IWM260220P00262000,True,09:30
IWM,2026-02-20,Vie,leg,50,10:01,09:30-10:30,354,PUT,90.43,265.71,-84.85,0.12,1.35,True,-1000.0,-1500.0,-1500.0,-924.24,-100.0,-100.0,-100.0,-92.42,O:IWM260220C00266000,O:IWM260220P00262000,True,09:30
IWM,2026-02-20,Vie,leg,60,10:01,09:30-10:30,354,PUT,90.43,265.71,-84.85,0.12,1.35,True,-1000.0,-1500.0,-1500.0,-924.24,-100.0,-100.0,-100.0,-92.42,O:IWM260220C00266000,O:IWM260220P00262000,True,09:30
QQQ,2026-02-23,Lun,combined,20,09:30,09:30-10:30,385,PUT,-29.25,-2.94,-55.56,0.21,0.34,True,-988.89,-1465.08,-1488.89,-292.48,-98.89,-97.67,-99.26,-29.25,O:QQQ260223C00613000,O:QQQ260223P00596000,True,09:30
QQQ,2026-02-23,Lun,combined,30,09:31,09:30-10:30,384,PUT,-43.56,-38.24,-48.89,0.24,0.22,True,-988.89,-1468.06,-1488.89,-435.62,-98.89,-97.87,-99.26,-43.56,O:QQQ260223C00613000,O:QQQ260223P00596000,True,09:30
QQQ,2026-02-23,Lun,combined,40,09:31,09:30-10:30,384,PUT,-43.56,-38.24,-48.89,0.24,0.22,True,-988.89,-1468.06,-1488.89,-435.62,-98.89,-97.87,-99.26,-43.56,O:QQQ260223C00613000,O:QQQ260223P00596000,True,09:30
QQQ,2026-02-23,Lun,combined,50,09:39,09:30-10:30,376,PUT,-53.53,-47.06,-60.0,0.19,0.19,True,-988.89,-1462.57,-1488.89,-535.29,-98.89,-97.5,-99.26,-53.53,O:QQQ260223C00613000,O:QQQ260223P00596000,True,09:30
QQQ,2026-02-23,Lun,combined,60,09:59,09:30-10:30,356,CALL,-60.46,-76.47,-44.44,0.09,0.26,True,-988.89,-1488.89,-1469.66,-604.58,-98.89,-99.26,-97.98,-60.46,O:QQQ260223C00613000,O:QQQ260223P00596000,True,09:30
QQQ,2026-02-23,Lun,leg,20,09:30,09:30-10:30,385,PUT,-29.25,-2.94,-55.56,0.21,0.34,True,-988.89,-1465.08,-1488.89,-777.78,-98.89,-97.67,-99.26,-77.78,O:QQQ260223C00613000,O:QQQ260223P00596000,True,09:30
QQQ,2026-02-23,Lun,leg,30,09:30,09:30-10:30,385,PUT,-29.25,-2.94,-55.56,0.21,0.34,True,-988.89,-1465.08,-1488.89,-777.78,-98.89,-97.67,-99.26,-77.78,O:QQQ260223C00613000,O:QQQ260223P00596000,True,09:30
QQQ,2026-02-23,Lun,leg,40,09:30,09:30-10:30,385,PUT,-29.25,-2.94,-55.56,0.21,0.34,True,-988.89,-1465.08,-1488.89,-777.78,-98.89,-97.67,-99.26,-77.78,O:QQQ260223C00613000,O:QQQ260223P00596000,True,09:30
QQQ,2026-02-23,Lun,leg,50,09:30,09:30-10:30,385,PUT,-29.25,-2.94,-55.56,0.21,0.34,True,-988.89,-1465.08,-1488.89,-777.78,-98.89,-97.67,-99.26,-77.78,O:QQQ260223C00613000,O:QQQ260223P00596000,True,09:30
QQQ,2026-02-23,Lun,leg,60,09:32,09:30-10:30,383,PUT,-32.94,-5.88,-60.0,0.19,0.33,True,-988.89,-1462.57,-1488.89,-800.0,-98.89,-97.5,-99.26,-80.0,O:QQQ260223C00613000,O:QQQ260223P00596000,True,09:30
SPY,2026-02-23,Lun,combined,20,13:24,12:00-13:30,151,CALL,-21.82,-96.97,53.33,0.02,0.7,True,855.56,355.56,1548.41,-218.18,85.56,23.7,103.23,-21.82,O:SPY260223C00693000,O:SPY260223P00683000,True,09:31
SPY,2026-02-23,Lun,combined,30,13:28,12:00-13:30,147,CALL,-30.71,-96.97,35.56,0.02,0.62,True,855.56,355.56,1702.33,-307.07,85.56,23.7,113.49,-30.71,O:SPY260223C00693000,O:SPY260223P00683000,True,09:31
SPY,2026-02-23,Lun,leg,20,09:31,09:30-10:30,384,CALL,-10.61,-21.21,0.0,0.27,0.46,True,855.56,355.56,2170.77,1249.49,85.56,23.7,144.72,124.95,O:SPY260223C00693000,O:SPY260223P00683000,True,09:31
SPY,2026-02-23,Lun,leg,30,09:40,09:30-10:30,375,CALL,-12.22,-33.33,8.89,0.23,0.5,True,855.56,355.56,2025.56,1188.89,85.56,23.7,135.04,118.89,O:SPY260223C00693000,O:SPY260223P00683000,True,09:31
SPY,2026-02-23,Lun,leg,40,09:43,09:30-10:30,372,CALL,-6.06,-45.45,33.33,0.19,0.61,True,855.56,355.56,1724.41,1128.28,85.56,23.7,114.96,112.83,O:SPY260223C00693000,O:SPY260223P00683000,True,09:31
SPY,2026-02-23,Lun,leg,50,09:44,09:30-10:30,371,CALL,-2.83,-54.55,48.89,0.16,0.68,True,855.56,355.56,1583.5,1082.83,85.56,23.7,105.57,108.28,O:SPY260223C00693000,O:SPY260223P00683000,True,09:31
SPY,2026-02-23,Lun,leg,60,09:47,09:30-10:30,368,CALL,-9.19,-60.61,42.22,0.14,0.65,True,855.56,355.56,1640.17,1052.53,85.56,23.7,109.34,105.25,O:SPY260223C00693000,O:SPY260223P00683000,True,09:31
IWM,2026-02-23,Lun,leg,20,09:37,09:30-10:30,378,PUT,2.32,35.29,-30.65,0.44,0.7,True,491.94,2094.21,-8.06,-653.23,49.19,139.61,-0.54,-65.32,O:IWM260223C00265000,O:IWM260223P00262000,True,09:30
IWM,2026-02-23,Lun,leg,30,09:37,09:30-10:30,378,PUT,2.32,35.29,-30.65,0.44,0.7,True,491.94,2094.21,-8.06,-653.23,49.19,139.61,-0.54,-65.32,O:IWM260223C00265000,O:IWM260223P00262000,True,09:30
IWM,2026-02-23,Lun,leg,40,09:49,09:30-10:30,366,CALL,-6.77,-49.02,35.48,0.27,0.85,True,491.94,-8.06,1080.17,746.84,49.19,-0.54,72.01,74.68,O:IWM260223C00265000,O:IWM260223P00262000,True,09:30
IWM,2026-02-23,Lun,leg,50,09:53,09:30-10:30,362,CALL,-9.71,-54.9,35.48,0.24,0.85,True,491.94,-8.06,1080.17,717.43,49.19,-0.54,72.01,71.74,O:IWM260223C00265000,O:IWM260223P00262000,True,09:30
IWM,2026-02-23,Lun,leg,60,09:55,09:30-10:30,360,CALL,-2.97,-60.78,54.84,0.21,0.97,True,491.94,-8.06,945.54,688.01,49.19,-0.54,63.04,68.8,O:IWM260223C00265000,O:IWM260223P00262000,True,09:30
QQQ,2026-02-24,Mar,combined,20,09:55,09:30-10:30,360,PUT,-24.33,28.26,-76.92,0.13,0.6,True,-815.22,-1315.22,-1173.55,-243.31,-81.52,-87.68,-78.24,-24.33,O:QQQ260224C00608000,O:QQQ260224P00592000,True,09:30
QQQ,2026-02-24,Mar,combined,30,10:00,09:30-10:30,355,PUT,-42.35,-17.39,-67.31,0.18,0.39,True,-815.22,-1315.22,-1097.27,-423.49,-81.52,-87.68,-73.15,-42.35,O:QQQ260224C00608000,O:QQQ260224P00592000,True,09:30
QQQ,2026-02-24,Mar,combined,40,10:00,09:30-10:30,355,PUT,-42.35,-17.39,-67.31,0.18,0.39,True,-815.22,-1315.22,-1097.27,-423.49,-81.52,-87.68,-73.15,-42.35,O:QQQ260224C00608000,O:QQQ260224P00592000,True,09:30
QQQ,2026-02-24,Mar,combined,50,10:15,09:30-10:30,340,PUT,-51.13,-19.57,-82.69,0.1,0.39,True,-815.22,-1315.22,-1097.27,-511.29,-81.52,-87.68,-73.15,-51.13,O:QQQ260224C00608000,O:QQQ260224P00592000,True,09:30
QQQ,2026-02-24,Mar,combined,60,14:11,13:30-15:55,104,PUT,-62.08,-26.09,-98.08,0.02,0.35,True,-815.22,-1315.22,-1072.36,-620.82,-81.52,-87.68,-71.49,-62.08,O:QQQ260224C00608000,O:QQQ260224P00592000,True,09:30
QQQ,2026-02-24,Mar,leg,20,09:30,09:30-10:30,385,PUT,-6.69,17.39,-30.77,0.38,0.55,True,-815.22,-1315.22,-1160.67,-469.06,-81.52,-87.68,-77.38,-46.91,O:QQQ260224C00608000,O:QQQ260224P00592000,True,09:30
QQQ,2026-02-24,Mar,leg,30,09:30,09:30-10:30,385,PUT,-6.69,17.39,-30.77,0.38,0.55,True,-815.22,-1315.22,-1160.67,-469.06,-81.52,-87.68,-77.38,-46.91,O:QQQ260224C00608000,O:QQQ260224P00592000,True,09:30
QQQ,2026-02-24,Mar,leg,40,09:40,09:30-10:30,375,PUT,-4.1,45.65,-53.85,0.25,0.68,True,-815.22,-1315.22,-1190.22,-584.45,-81.52,-87.68,-79.35,-58.44,O:QQQ260224C00608000,O:QQQ260224P00592000,True,09:30
QQQ,2026-02-24,Mar,leg,50,09:40,09:30-10:30,375,PUT,-4.1,45.65,-53.85,0.25,0.68,True,-815.22,-1315.22,-1190.22,-584.45,-81.52,-87.68,-79.35,-58.44,O:QQQ260224C00608000,O:QQQ260224P00592000,True,09:30
QQQ,2026-02-24,Mar,leg,60,09:43,09:30-10:30,372,PUT,-6.73,50.0,-63.46,0.2,0.7,True,-815.22,-1315.22,-1193.79,-632.53,-81.52,-87.68,-79.59,-63.25,O:QQQ260224C00608000,O:QQQ260224P00592000,True,09:30
SPY,2026-02-24,Mar,combined,20,09:30,09:30-10:30,385,CALL,-24.47,-46.67,-2.27,0.25,0.44,True,-933.08,-1333.08,-1421.72,-244.7,-93.31,-88.87,-94.78,-24.47,O:SPY260224C00688000,O:SPY260224P00674000,True,09:30
SPY,2026-02-24,Mar,combined,30,09:38,09:30-10:30,377,CALL,-31.29,-46.67,-15.91,0.25,0.38,True,-933.08,-1333.08,-1419.92,-312.88,-93.31,-88.87,-94.66,-31.29,O:SPY260224C00688000,O:SPY260224P00674000,True,09:30
SPY,2026-02-24,Mar,combined,40,09:53,09:30-10:30,362,PUT,-47.45,-24.44,-70.45,0.14,0.35,True,-933.08,-1397.37,-1361.65,-474.49,-93.31,-93.16,-90.78,-47.45,O:SPY260224C00688000,O:SPY260224P00674000,True,09:30
SPY,2026-02-24,Mar,combined,50,09:55,09:30-10:30,360,PUT,-51.84,-37.78,-65.91,0.16,0.29,True,-933.08,-1401.83,-1346.87,-518.43,-93.31,-93.46,-89.79,-51.84,O:SPY260224C00688000,O:SPY260224P00674000,True,09:30
SPY,2026-02-24,Mar,combined,60,10:07,09:30-10:30,348,PUT,-61.84,-57.78,-65.91,0.16,0.2,True,-933.08,-1401.83,-1308.08,-618.43,-93.31,-93.46,-87.21,-61.84,O:SPY260224C00688000,O:SPY260224P00674000,True,09:30
SPY,2026-02-24,Mar,leg,20,09:30,09:30-10:30,385,CALL,-24.47,-46.67,-2.27,0.25,0.44,True,-933.08,-1333.08,-1421.72,-721.97,-93.31,-88.87,-94.78,-72.2,O:SPY260224C00688000,O:SPY260224P00674000,True,09:30
SPY,2026-02-24,Mar,leg,30,09:30,09:30-10:30,385,CALL,-24.47,-46.67,-2.27,0.25,0.44,True,-933.08,-1333.08,-1421.72,-721.97,-93.31,-88.87,-94.78,-72.2,O:SPY260224C00688000,O:SPY260224P00674000,True,09:30
SPY,2026-02-24,Mar,leg,40,09:30,09:30-10:30,385,CALL,-24.47,-46.67,-2.27,0.25,0.44,True,-933.08,-1333.08,-1421.72,-721.97,-93.31,-88.87,-94.78,-72.2,O:SPY260224C00688000,O:SPY260224P00674000,True,09:30
SPY,2026-02-24,Mar,leg,50,09:31,09:30-10:30,384,CALL,-9.6,-55.56,36.36,0.21,0.62,True,-933.08,-1314.03,-1425.02,-766.41,-93.31,-87.6,-95.0,-76.64,O:SPY260224C00688000,O:SPY260224P00674000,True,09:30
SPY,2026-02-24,Mar,leg,60,09:33,09:30-10:30,382,CALL,-19.77,-60.0,20.45,0.19,0.54,True,-933.08,-1301.5,-1423.82,-788.64,-93.31,-86.77,-94.92,-78.86,O:SPY260224C00688000,O:SPY260224P00674000,True,09:30
IWM,2026-02-24,Mar,combined,20,09:33,09:30-10:30,382,CALL,-20.65,-29.63,-11.67,0.4,0.54,True,-694.44,-781.94,-1194.44,-206.48,-69.44,-52.13,-79.63,-20.65,O:IWM260224C00263000,O:IWM260224P00258000,True,09:30
IWM,2026-02-24,Mar,combined,30,09:55,09:30-10:30,360,PUT,-32.69,12.96,-78.33,0.14,0.62,True,-694.44,-1194.44,-928.32,-326.85,-69.44,-79.63,-61.89,-32.69,O:IWM260224C00263000,O:IWM260224P00258000,True,09:30
IWM,2026-02-24,Mar,combined,40,10:52,10:30-12:00,303,PUT,-45.65,3.7,-95.0,0.04,0.57,True,-694.44,-1194.44,-904.97,-456.48,-69.44,-79.63,-60.33,-45.65,O:IWM260224C00263000,O:IWM260224P00258000,True,09:30
IWM,2026-02-24,Mar,combined,50,10:54,10:30-12:00,301,PUT,-50.28,-5.56,-95.0,0.04,0.52,True,-694.44,-1194.44,-877.14,-502.78,-69.44,-79.63,-58.48,-50.28,O:IWM260224C00263000,O:IWM260224P00258000,True,09:30
IWM,2026-02-24,Mar,combined,60,11:30,10:30-12:00,265,PUT,-65.93,-35.19,-96.67,0.03,0.36,True,-694.44,-1194.44,-736.11,-659.26,-69.44,-79.63,-49.07,-65.93,O:IWM260224C00263000,O:IWM260224P00258000,True,09:30
IWM,2026-02-24,Mar,leg,20,09:30,09:30-10:30,385,CALL,-15.37,-40.74,10.0,0.33,0.68,True,-694.44,-694.44,-1194.44,-703.7,-69.44,-46.3,-79.63,-70.37,O:IWM260224C00263000,O:IWM260224P00258000,True,09:30
IWM,2026-02-24,Mar,leg,30,09:30,09:30-10:30,385,CALL,-15.37,-40.74,10.0,0.33,0.68,True,-694.44,-694.44,-1194.44,-703.7,-69.44,-46.3,-79.63,-70.37,O:IWM260224C00263000,O:IWM260224P00258000,True,09:30
IWM,2026-02-24,Mar,leg,40,09:30,09:30-10:30,385,CALL,-15.37,-40.74,10.0,0.33,0.68,True,-694.44,-694.44,-1194.44,-703.7,-69.44,-46.3,-79.63,-70.37,O:IWM260224C00263000,O:IWM260224P00258000,True,09:30
IWM,2026-02-24,Mar,leg,50,09:40,09:30-10:30,375,PUT,-21.2,9.26,-51.67,0.31,0.6,True,-694.44,-1194.44,-919.44,-452.78,-69.44,-79.63,-61.3,-45.28,O:IWM260224C00263000,O:IWM260224P00258000,True,09:30
IWM,2026-02-24,Mar,leg,60,09:41,09:30-10:30,374,PUT,-18.61,27.78,-65.0,0.22,0.7,True,-694.44,-1194.44,-958.73,-519.44,-69.44,-79.63,-63.92,-51.94,O:IWM260224C00263000,O:IWM260224P00258000,True,09:30
QQQ,2026-02-25,Mié,combined,20,10:34,10:30-12:00,321,PUT,-23.36,6.98,-53.7,0.26,0.47,True,132.43,-309.88,643.07,-233.63,13.24,-20.66,42.87,-23.36,O:QQQ260225C00618000,O:QQQ260225P00605000,True,09:30
QQQ,2026-02-25,Mié,combined,30,10:52,10:30-12:00,303,PUT,-33.35,-9.3,-57.41,0.24,0.4,True,132.43,-305.07,819.93,-333.55,13.24,-20.34,54.66,-33.35,O:QQQ260225C00618000,O:QQQ260225P00605000,True,09:30
QQQ,2026-02-25,Mié,combined,40,11:15,10:30-12:00,280,PUT,-41.71,-18.6,-64.81,0.2,0.36,True,132.43,-292.57,951.87,-417.1,13.24,-19.5,63.46,-41.71,O:QQQ260225C00618000,O:QQQ260225P00605000,True,09:30
QQQ,2026-02-25,Mié,combined,50,11:36,10:30-12:00,259,PUT,-50.75,-25.58,-75.93,0.14,0.33,True,132.43,-260.43,1071.82,-507.54,13.24,-17.36,71.45,-50.75,O:QQQ260225C00618000,O:QQQ260225P00605000,True,09:30
QQQ,2026-02-25,Mié,leg,20,09:30,09:30-10:30,385,CALL,-11.39,-20.93,-1.85,0.35,0.54,True,132.43,989.57,-339.79,-576.87,13.24,65.97,-22.65,-57.69,O:QQQ260225C00618000,O:QQQ260225P00605000,True,09:30
QQQ,2026-02-25,Mié,leg,30,09:43,09:30-10:30,372,PUT,-17.12,4.65,-38.89,0.34,0.46,True,132.43,-323.45,665.04,410.21,13.24,-21.56,44.34,41.02,O:QQQ260225C00618000,O:QQQ260225P00605000,True,09:30
QQQ,2026-02-25,Mié,leg,40,09:45,09:30-10:30,370,PUT,-9.19,27.91,-46.3,0.3,0.56,True,132.43,-317.57,480.64,373.17,13.24,-21.17,32.04,37.32,O:QQQ260225C00618000,O:QQQ260225P00605000,True,09:30
QQQ,2026-02-25,Mié,leg,50,09:46,09:30-10:30,369,PUT,-6.4,37.21,-50.0,0.28,0.61,True,132.43,-314.0,411.12,354.65,13.24,-20.93,27.41,35.47,O:QQQ260225C00618000,O:QQQ260225P00605000,True,09:30
QQQ,2026-02-25,Mié,leg,60,10:25,09:30-10:30,330,PUT,-11.95,37.21,-61.11,0.22,0.61,True,132.43,-299.39,411.12,299.1,13.24,-19.96,27.41,29.91,O:QQQ260225C00618000,O:QQQ260225P00605000,True,09:30
SPY,2026-02-25,Mié,combined,20,10:06,09:30-10:30,349,CALL,-22.8,-34.48,-11.11,0.2,0.41,True,-132.95,592.05,-608.56,-227.97,-13.3,39.47,-40.57,-22.8,O:SPY260225C00695000,O:SPY260225P00685000,True,09:30
SPY,2026-02-25,Mié,combined,30,10:13,09:30-10:30,342,CALL,-30.69,-41.38,-20.0,0.18,0.37,True,-132.95,728.16,-605.92,-306.9,-13.3,48.54,-40.39,-30.69,O:SPY260225C00695000,O:SPY260225P00685000,True,09:30
SPY,2026-02-25,Mié,combined,40,10:51,10:30-12:00,304,CALL,-40.19,-44.83,-35.56,0.17,0.3,True,-132.95,808.23,-599.62,-401.92,-13.3,53.88,-39.97,-40.19,O:SPY260225C00695000,O:SPY260225P00685000,True,09:30
SPY,2026-02-25,Mié,combined,50,11:22,10:30-12:00,273,CALL,-50.31,-51.72,-48.89,0.15,0.24,True,-132.95,1000.38,-591.28,-503.07,-13.3,66.69,-39.42,-50.31,O:SPY260225C00695000,O:SPY260225P00685000,True,09:30
SPY,2026-02-25,Mié,leg,20,09:45,09:30-10:30,370,PUT,-1.38,17.24,-20.0,0.37,0.35,True,-132.95,-605.92,67.05,244.83,-13.3,-40.39,4.47,24.48,O:SPY260225C00695000,O:SPY260225P00685000,True,09:30
SPY,2026-02-25,Mié,leg,30,09:49,09:30-10:30,366,PUT,-5.21,20.69,-31.11,0.32,0.36,True,-132.95,-601.7,47.61,189.27,-13.3,-40.11,3.17,18.93,O:SPY260225C00695000,O:SPY260225P00685000,True,09:30
SPY,2026-02-25,Mié,leg,40,10:07,09:30-10:30,348,CALL,-24.02,-41.38,-6.67,0.18,0.43,True,-132.95,728.16,-609.69,-684.67,-13.3,48.54,-40.65,-68.47,O:SPY260225C00695000,O:SPY260225P00685000,True,09:30
SPY,2026-02-25,Mié,leg,50,10:53,10:30-12:00,302,CALL,-40.31,-51.72,-28.89,0.15,0.33,True,-132.95,1000.38,-602.65,-736.4,-13.3,66.69,-40.18,-73.64,O:SPY260225C00695000,O:SPY260225P00685000,True,09:30
SPY,2026-02-25,Mié,leg,60,11:27,10:30-12:00,268,PUT,-47.24,-34.48,-60.0,0.19,0.2,True,-132.95,-580.32,592.05,44.83,-13.3,-38.69,39.47,4.48,O:SPY260225C00695000,O:SPY260225P00685000,True,09:30
IWM,2026-02-25,Mié,combined,20,09:51,09:30-10:30,364,CALL,-20.3,-58.93,18.33,0.24,0.72,True,-958.33,-1458.33,-1423.61,-202.98,-95.83,-97.22,-94.91,-20.3,O:IWM260225C00266000,O:IWM260225P00264000,True,09:30
IWM,2026-02-25,Mié,combined,30,11:30,10:30-12:00,265,CALL,-32.26,-92.86,28.33,0.05,0.79,True,-958.33,-1458.33,-1426.69,-322.62,-95.83,-97.22,-95.11,-32.26,O:IWM260225C00266000,O:IWM260225P00264000,True,09:30
IWM,2026-02-25,Mié,combined,40,11:46,10:30-12:00,249,CALL,-42.2,-91.07,6.67,0.06,0.65,True,-958.33,-1458.33,-1419.87,-422.02,-95.83,-97.22,-94.66,-42.2,O:IWM260225C00266000,O:IWM260225P00264000,True,09:30
IWM,2026-02-25,Mié,combined,50,11:50,10:30-12:00,245,CALL,-50.48,-89.29,-11.67,0.07,0.54,True,-958.33,-1458.33,-1412.04,-504.76,-95.83,-97.22,-94.14,-50.48,O:IWM260225C00266000,O:IWM260225P00264000,True,09:30
IWM,2026-02-25,Mié,combined,60,12:12,12:00-13:30,223,CALL,-61.25,-87.5,-35.0,0.08,0.4,True,-958.33,-1458.33,-1395.83,-612.5,-95.83,-97.22,-93.06,-61.25,O:IWM260225C00266000,O:IWM260225P00264000,True,09:30
IWM,2026-02-25,Mié,leg,20,09:31,09:30-10:30,384,CALL,-1.13,-33.93,31.67,0.38,0.8,True,-958.33,-1458.33,-1427.08,-627.98,-95.83,-97.22,-95.14,-62.8,O:IWM260225C00266000,O:IWM260225P00264000,True,09:30
IWM,2026-02-25,Mié,leg,30,09:31,09:30-10:30,384,CALL,-1.13,-33.93,31.67,0.38,0.8,True,-958.33,-1458.33,-1427.08,-627.98,-95.83,-97.22,-95.14,-62.8,O:IWM260225C00266000,O:IWM260225P00264000,True,09:30
IWM,2026-02-25,Mié,leg,40,09:34,09:30-10:30,381,CALL,-2.2,-41.07,36.67,0.34,0.83,True,-958.33,-1458.33,-1428.21,-663.69,-95.83,-97.22,-95.21,-66.37,O:IWM260225C00266000,O:IWM260225P00264000,True,09:30
IWM,2026-02-25,Mié,leg,50,09:36,09:30-10:30,379,CALL,2.2,-58.93,63.33,0.24,1.0,True,-958.33,-1458.33,-1433.33,-752.98,-95.83,-97.22,-95.56,-75.3,O:IWM260225C00266000,O:IWM260225P00264000,True,09:30
IWM,2026-02-25,Mié,leg,60,09:37,09:30-10:30,378,CALL,6.25,-62.5,75.0,0.22,1.06,True,-958.33,-1458.33,-1434.75,-770.83,-95.83,-97.22,-95.65,-77.08,O:IWM260225C00266000,O:IWM260225P00264000,True,09:30
QQQ,2026-02-26,Jue,combined,20,09:35,09:30-10:30,380,CALL,-22.41,-38.0,-6.82,0.32,0.42,True,-988.64,-1488.64,-1476.73,-224.09,-98.86,-99.24,-98.45,-22.41,O:QQQ260226C00620000,O:QQQ260226P00604000,True,09:30
QQQ,2026-02-26,Jue,combined,30,09:41,09:30-10:30,374,CALL,-31.09,-44.0,-18.18,0.29,0.37,True,-988.64,-1488.64,-1475.12,-310.91,-98.86,-99.24,-98.34,-31.09,O:QQQ260226C00620000,O:QQQ260226P00604000,True,09:30
QQQ,2026-02-26,Jue,combined,40,09:44,09:30-10:30,371,CALL,-41.77,-54.0,-29.55,0.24,0.32,True,-988.64,-1488.64,-1473.01,-417.73,-98.86,-99.24,-98.2,-41.77,O:QQQ260226C00620000,O:QQQ260226P00604000,True,09:30
QQQ,2026-02-26,Jue,combined,50,11:15,10:30-12:00,280,CALL,-51.41,-96.0,-6.82,0.03,0.42,True,-988.64,-1488.64,-1476.73,-514.09,-98.86,-99.24,-98.45,-51.41,O:QQQ260226C00620000,O:QQQ260226P00604000,True,09:30
QQQ,2026-02-26,Jue,combined,60,13:36,13:30-15:55,139,CALL,-68.32,-98.0,-38.64,0.02,0.29,True,-988.64,-1488.64,-1471.39,-683.18,-98.86,-99.24,-98.09,-68.32,O:QQQ260226C00620000,O:QQQ260226P00604000,True,09:30
QQQ,2026-02-26,Jue,leg,20,09:31,09:30-10:30,384,PUT,-8.77,12.0,-29.55,0.32,0.57,True,-988.64,-1473.01,-1488.64,-647.73,-98.86,-98.2,-99.24,-64.77,O:QQQ260226C00620000,O:QQQ260226P00604000,True,09:30
QQQ,2026-02-26,Jue,leg,30,09:34,09:30-10:30,381,CALL,-18.27,-32.0,-4.55,0.35,0.43,True,-988.64,-1488.64,-1477.01,-648.64,-98.86,-99.24,-98.47,-64.86,O:QQQ260226C00620000,O:QQQ260226P00604000,True,09:30
QQQ,2026-02-26,Jue,leg,40,09:36,09:30-10:30,379,CALL,-15.91,-50.0,18.18,0.26,0.53,True,-988.64,-1488.64,-1479.2,-738.64,-98.86,-99.24,-98.61,-73.86,O:QQQ260226C00620000,O:QQQ260226P00604000,True,09:30
QQQ,2026-02-26,Jue,leg,50,09:36,09:30-10:30,379,CALL,-15.91,-50.0,18.18,0.26,0.53,True,-988.64,-1488.64,-1479.2,-738.64,-98.86,-99.24,-98.61,-73.86,O:QQQ260226C00620000,O:QQQ260226P00604000,True,09:30
QQQ,2026-02-26,Jue,leg,60,09:43,09:30-10:30,372,CALL,-37.95,-60.0,-15.91,0.21,0.39,True,-988.64,-1488.64,-1475.82,-788.64,-98.86,-99.24,-98.39,-78.86,O:QQQ260226C00620000,O:QQQ260226P00604000,True,09:30
SPY,2026-02-26,Jue,combined,20,09:53,09:30-10:30,362,CALL,-22.1,-60.87,16.67,0.19,0.57,True,-989.58,-1489.58,-1480.81,-221.01,-98.96,-99.31,-98.72,-22.1,O:SPY260226C00696000,O:SPY260226P00686000,True,09:30
SPY,2026-02-26,Jue,combined,30,10:06,09:30-10:30,349,CALL,-30.75,-76.09,14.58,0.12,0.56,True,-989.58,-1489.58,-1480.65,-307.52,-98.96,-99.31,-98.71,-30.75,O:SPY260226C00696000,O:SPY260226P00686000,True,09:30
SPY,2026-02-26,Jue,combined,40,11:15,10:30-12:00,280,CALL,-40.53,-95.65,14.58,0.03,0.56,True,-989.58,-1489.58,-1480.65,-405.34,-98.96,-99.31,-98.71,-40.53,O:SPY260226C00696000,O:SPY260226P00686000,True,09:30
SPY,2026-02-26,Jue,combined,50,13:41,13:30-15:55,134,CALL,-53.08,-97.83,-8.33,0.02,0.45,True,-989.58,-1489.58,-1478.47,-530.8,-98.96,-99.31,-98.56,-53.08,O:SPY260226C00696000,O:SPY260226P00686000,True,09:30
SPY,2026-02-26,Jue,combined,60,13:45,13:30-15:55,130,CALL,-65.58,-97.83,-33.33,0.02,0.33,True,-989.58,-1489.58,-1474.43,-655.8,-98.96,-99.31,-98.3,-65.58,O:SPY260226C00696000,O:SPY260226P00686000,True,09:30
SPY,2026-02-26,Jue,leg,20,09:40,09:30-10:30,375,CALL,-6.84,-28.26,14.58,0.34,0.56,True,-989.58,-1489.58,-1480.65,-630.89,-98.96,-99.31,-98.71,-63.09,O:SPY260226C00696000,O:SPY260226P00686000,True,09:30
SPY,2026-02-26,Jue,leg,30,09:41,09:30-10:30,374,CALL,-10.05,-32.61,12.5,0.32,0.55,True,-989.58,-1489.58,-1480.49,-652.63,-98.96,-99.31,-98.7,-65.26,O:SPY260226C00696000,O:SPY260226P00686000,True,09:30
SPY,2026-02-26,Jue,leg,40,09:42,09:30-10:30,373,CALL,-12.32,-41.3,16.67,0.28,0.57,True,-989.58,-1489.58,-1480.81,-696.11,-98.96,-99.31,-98.72,-69.61,O:SPY260226C00696000,O:SPY260226P00686000,True,09:30
SPY,2026-02-26,Jue,leg,50,09:45,09:30-10:30,370,CALL,-14.67,-54.35,25.0,0.22,0.61,True,-989.58,-1489.58,-1481.39,-761.32,-98.96,-99.31,-98.76,-76.13,O:SPY260226C00696000,O:SPY260226P00686000,True,09:30
SPY,2026-02-26,Jue,leg,60,09:53,09:30-10:30,362,CALL,-22.1,-60.87,16.67,0.19,0.57,True,-989.58,-1489.58,-1480.81,-793.93,-98.96,-99.31,-98.72,-79.39,O:SPY260226C00696000,O:SPY260226P00686000,True,09:30
IWM,2026-02-26,Jue,combined,20,09:43,09:30-10:30,372,PUT,-21.78,-13.56,-30.0,0.29,0.53,True,-898.31,-1398.31,-1285.1,-217.8,-89.83,-93.22,-85.67,-21.78,O:IWM260226C00266000,O:IWM260226P00262000,True,09:30
IWM,2026-02-26,Jue,combined,30,09:46,09:30-10:30,369,CALL,-31.55,-35.59,-27.5,0.39,0.3,True,-898.31,-1244.46,-1398.31,-315.47,-89.83,-82.96,-93.22,-31.55,O:IWM260226C00266000,O:IWM260226P00262000,True,09:30
IWM,2026-02-26,Jue,combined,40,09:59,09:30-10:30,356,CALL,-41.31,-57.63,-25.0,0.26,0.31,True,-898.31,-1167.54,-1398.31,-413.14,-89.83,-77.84,-93.22,-41.31,O:IWM260226C00266000,O:IWM260226P00262000,True,09:30
IWM,2026-02-26,Jue,combined,50,10:48,10:30-12:00,307,CALL,-52.52,-52.54,-52.5,0.29,0.2,True,-898.31,-1191.41,-1398.31,-525.21,-89.83,-79.43,-93.22,-52.52,O:IWM260226C00266000,O:IWM260226P00262000,True,09:30
IWM,2026-02-26,Jue,combined,60,11:06,10:30-12:00,289,CALL,-60.95,-64.41,-57.5,0.22,0.18,True,-898.31,-1125.58,-1398.31,-609.53,-89.83,-75.04,-93.22,-60.95,O:IWM260226C00266000,O:IWM260226P00262000,True,09:30
IWM,2026-02-26,Jue,leg,20,09:30,09:30-10:30,385,CALL,-14.49,-38.98,10.0,0.37,0.45,True,-898.31,-1236.14,-1398.31,-694.92,-89.83,-82.41,-93.22,-69.49,O:IWM260226C00266000,O:IWM260226P00262000,True,09:30
IWM,2026-02-26,Jue,leg,30,09:30,09:30-10:30,385,CALL,-14.49,-38.98,10.0,0.37,0.45,True,-898.31,-1236.14,-1398.31,-694.92,-89.83,-82.41,-93.22,-69.49,O:IWM260226C00266000,O:IWM260226P00262000,True,09:30
IWM,2026-02-26,Jue,leg,40,09:35,09:30-10:30,380,PUT,-1.76,38.98,-42.5,0.24,0.84,True,-898.31,-1398.31,-1326.88,-610.81,-89.83,-93.22,-88.46,-61.08,O:IWM260226C00266000,O:IWM260226P00262000,True,09:30
IWM,2026-02-26,Jue,leg,50,09:57,09:30-10:30,358,CALL,-36.36,-62.71,-10.0,0.23,0.37,True,-898.31,-1137.44,-1398.31,-813.56,-89.83,-75.83,-93.22,-81.36,O:IWM260226C00266000,O:IWM260226P00262000,True,09:30
IWM,2026-02-26,Jue,leg,60,09:57,09:30-10:30,358,CALL,-36.36,-62.71,-10.0,0.23,0.37,True,-898.31,-1137.44,-1398.31,-813.56,-89.83,-75.83,-93.22,-81.36,O:IWM260226C00266000,O:IWM260226P00262000,True,09:30
QQQ,2026-02-27,Vie,combined,20,09:37,09:30-10:30,378,PUT,-20.25,-12.73,-27.78,0.4,0.49,True,-990.91,-1490.91,-1480.71,-202.53,-99.09,-99.39,-98.71,-20.25,O:QQQ260227C00610000,O:QQQ260227P00594000,True,09:30
QQQ,2026-02-27,Vie,combined,30,09:41,09:30-10:30,374,PUT,-31.28,-21.82,-40.74,0.34,0.44,True,-990.91,-1490.91,-1479.55,-312.79,-99.09,-99.39,-98.64,-31.28,O:QQQ260227C00610000,O:QQQ260227P00594000,True,09:30
QQQ,2026-02-27,Vie,combined,40,09:55,09:30-10:30,360,PUT,-41.4,-29.09,-53.7,0.26,0.4,True,-990.91,-1490.91,-1478.41,-413.97,-99.09,-99.39,-98.56,-41.4,O:QQQ260227C00610000,O:QQQ260227P00594000,True,09:30
QQQ,2026-02-27,Vie,combined,50,10:32,10:30-12:00,323,PUT,-52.58,-21.82,-83.33,0.1,0.44,True,-990.91,-1490.91,-1479.55,-525.76,-99.09,-99.39,-98.64,-52.58,O:QQQ260227C00610000,O:QQQ260227P00594000,True,09:30
QQQ,2026-02-27,Vie,combined,60,10:53,10:30-12:00,302,PUT,-60.79,-34.55,-87.04,0.08,0.37,True,-990.91,-1490.91,-1477.4,-607.91,-99.09,-99.39,-98.49,-60.79,O:QQQ260227C00610000,O:QQQ260227P00594000,True,09:30
QQQ,2026-02-27,Vie,leg,20,09:32,09:30-10:30,383,PUT,-4.85,23.64,-33.33,0.37,0.69,True,-990.91,-1490.91,-1483.66,-657.58,-99.09,-99.39,-98.91,-65.76,O:QQQ260227C00610000,O:QQQ260227P00594000,True,09:30
QQQ,2026-02-27,Vie,leg,30,09:32,09:30-10:30,383,PUT,-4.85,23.64,-33.33,0.37,0.69,True,-990.91,-1490.91,-1483.66,-657.58,-99.09,-99.39,-98.91,-65.76,O:QQQ260227C00610000,O:QQQ260227P00594000,True,09:30
QQQ,2026-02-27,Vie,leg,40,09:38,09:30-10:30,377,PUT,-17.64,5.45,-40.74,0.33,0.59,True,-990.91,-1490.91,-1482.43,-694.61,-99.09,-99.39,-98.83,-69.46,O:QQQ260227C00610000,O:QQQ260227P00594000,True,09:30
QQQ,2026-02-27,Vie,leg,50,09:39,09:30-10:30,376,PUT,-17.74,16.36,-51.85,0.27,0.65,True,-990.91,-1490.91,-1483.22,-750.17,-99.09,-99.39,-98.88,-75.02,O:QQQ260227C00610000,O:QQQ260227P00594000,True,09:30
QQQ,2026-02-27,Vie,leg,60,09:48,09:30-10:30,367,PUT,-21.48,20.0,-62.96,0.21,0.67,True,-990.91,-1490.91,-1483.45,-805.72,-99.09,-99.39,-98.9,-80.57,O:QQQ260227C00610000,O:QQQ260227P00594000,True,09:30
SPY,2026-02-27,Vie,combined,20,09:38,09:30-10:30,377,PUT,-20.73,-17.02,-24.44,0.35,0.4,True,-988.89,-1474.6,-1488.89,-207.33,-98.89,-98.31,-99.26,-20.73,O:SPY260227C00689000,O:SPY260227P00675000,True,09:30
SPY,2026-02-27,Vie,combined,30,09:50,09:30-10:30,365,CALL,-30.26,-38.3,-22.22,0.3,0.36,True,-988.89,-1488.89,-1475.0,-302.6,-98.89,-99.26,-98.33,-30.26,O:SPY260227C00689000,O:SPY260227P00675000,True,09:30
SPY,2026-02-27,Vie,combined,40,10:00,09:30-10:30,355,CALL,-41.13,-48.94,-33.33,0.25,0.31,True,-988.89,-1488.89,-1472.76,-411.35,-98.89,-99.26,-98.18,-41.13,O:SPY260227C00689000,O:SPY260227P00675000,True,09:30
SPY,2026-02-27,Vie,combined,50,10:14,09:30-10:30,341,PUT,-50.4,-31.91,-68.89,0.15,0.33,True,-988.89,-1455.56,-1488.89,-504.02,-98.89,-97.04,-99.26,-50.4,O:SPY260227C00689000,O:SPY260227P00675000,True,09:30
SPY,2026-02-27,Vie,combined,60,10:32,10:30-12:00,323,PUT,-60.95,-57.45,-64.44,0.17,0.21,True,-988.89,-1459.48,-1488.89,-609.46,-98.89,-97.3,-99.26,-60.95,O:SPY260227C00689000,O:SPY260227P00675000,True,09:30
SPY,2026-02-27,Vie,leg,20,09:33,09:30-10:30,382,PUT,-5.74,8.51,-20.0,0.37,0.52,True,-988.89,-1475.38,-1488.89,-600.0,-98.89,-98.36,-99.26,-60.0,O:SPY260227C00689000,O:SPY260227P00675000,True,09:30
SPY,2026-02-27,Vie,leg,30,09:39,09:30-10:30,376,PUT,-21.02,-4.26,-37.78,0.29,0.46,True,-988.89,-1471.65,-1488.89,-688.89,-98.89,-98.11,-99.26,-68.89,O:SPY260227C00689000,O:SPY260227P00675000,True,09:30
SPY,2026-02-27,Vie,leg,40,09:41,09:30-10:30,374,CALL,-29.1,-40.43,-17.78,0.29,0.38,True,-988.89,-1488.89,-1475.73,-691.02,-98.89,-99.26,-98.38,-69.1,O:SPY260227C00689000,O:SPY260227P00675000,True,09:30
SPY,2026-02-27,Vie,leg,50,09:42,09:30-10:30,373,CALL,-23.26,-53.19,6.67,0.23,0.49,True,-988.89,-1488.89,-1478.68,-754.85,-98.89,-99.26,-98.58,-75.48,O:SPY260227C00689000,O:SPY260227P00675000,True,09:30
SPY,2026-02-27,Vie,leg,60,10:05,09:30-10:30,350,PUT,-43.88,-25.53,-62.22,0.18,0.36,True,-988.89,-1461.11,-1488.89,-811.11,-98.89,-97.41,-99.26,-81.11,O:SPY260227C00689000,O:SPY260227P00675000,True,09:30
IWM,2026-02-27,Vie,combined,20,10:05,09:30-10:30,350,CALL,-27.34,-81.25,26.56,0.1,0.82,True,-992.19,-1492.19,-1486.09,-273.44,-99.22,-99.48,-99.07,-27.34,O:IWM260227C00265000,O:IWM260227P00260000,True,09:30
IWM,2026-02-27,Vie,combined,30,10:06,09:30-10:30,349,CALL,-36.98,-83.33,9.38,0.09,0.72,True,-992.19,-1492.19,-1485.24,-369.79,-99.22,-99.48,-99.02,-36.98,O:IWM260227C00265000,O:IWM260227P00260000,True,09:30
IWM,2026-02-27,Vie,combined,40,10:07,09:30-10:30,348,CALL,-43.75,-81.25,-6.25,0.1,0.61,True,-992.19,-1492.19,-1483.99,-437.5,-99.22,-99.48,-98.93,-43.75,O:IWM260227C00265000,O:IWM260227P00260000,True,09:30
IWM,2026-02-27,Vie,combined,50,10:10,09:30-10:30,345,CALL,-52.6,-77.08,-28.12,0.12,0.47,True,-992.19,-1492.19,-1481.55,-526.04,-99.22,-99.48,-98.77,-52.6,O:IWM260227C00265000,O:IWM260227P00260000,True,09:30
IWM,2026-02-27,Vie,combined,60,10:37,10:30-12:00,318,CALL,-61.2,-83.33,-39.06,0.09,0.4,True,-992.19,-1492.19,-1479.69,-611.98,-99.22,-99.48,-98.65,-61.2,O:IWM260227C00265000,O:IWM260227P00260000,True,09:30
IWM,2026-02-27,Vie,leg,20,09:36,09:30-10:30,379,CALL,-7.03,-31.25,17.19,0.34,0.76,True,-992.19,-1492.19,-1485.61,-648.44,-99.22,-99.48,-99.04,-64.84,O:IWM260227C00265000,O:IWM260227P00260000,True,09:30
IWM,2026-02-27,Vie,leg,30,09:36,09:30-10:30,379,CALL,-7.03,-31.25,17.19,0.34,0.76,True,-992.19,-1492.19,-1485.61,-648.44,-99.22,-99.48,-99.04,-64.84,O:IWM260227C00265000,O:IWM260227P00260000,True,09:30
IWM,2026-02-27,Vie,leg,40,09:37,09:30-10:30,378,CALL,-7.55,-41.67,26.56,0.29,0.82,True,-992.19,-1492.19,-1486.09,-700.52,-99.22,-99.48,-99.07,-70.05,O:IWM260227C00265000,O:IWM260227P00260000,True,09:30
IWM,2026-02-27,Vie,leg,50,09:42,09:30-10:30,373,CALL,7.55,-58.33,73.44,0.21,1.12,True,-992.19,-1492.19,-1487.72,-783.85,-99.22,-99.48,-99.18,-78.39,O:IWM260227C00265000,O:IWM260227P00260000,True,09:30
IWM,2026-02-27,Vie,leg,60,09:45,09:30-10:30,370,CALL,4.17,-60.42,68.75,0.2,1.1,True,-992.19,-1492.19,-1487.64,-794.27,-99.22,-99.48,-99.18,-79.43,O:IWM260227C00265000,O:IWM260227P00260000,True,09:30
QQQ,2026-03-02,Lun,combined,20,10:00,09:30-10:30,355,PUT,-24.39,23.64,-72.41,0.17,0.69,True,454.55,-45.45,1113.97,-243.89,45.45,-3.03,74.26,-24.39,O:QQQ260302C00607000,O:QQQ260302P00590000,True,09:30
QQQ,2026-03-02,Lun,combined,30,11:25,10:30-12:00,270,PUT,-31.96,30.91,-94.83,0.04,0.73,True,454.55,-45.45,1050.44,-319.59,45.45,-3.03,70.03,-31.96,O:QQQ260302C00607000,O:QQQ260302P00590000,True,09:30
QQQ,2026-03-02,Lun,combined,40,11:27,10:30-12:00,268,PUT,-46.65,-3.64,-89.66,0.07,0.54,True,454.55,-45.45,1436.03,-466.46,45.45,-3.03,95.74,-46.65,O:QQQ260302C00607000,O:QQQ260302P00590000,True,09:30
QQQ,2026-03-02,Lun,leg,20,09:31,09:30-10:30,384,PUT,19.8,65.45,-25.86,0.44,0.93,True,454.55,-45.45,814.76,825.24,45.45,-3.03,54.32,82.52,O:QQQ260302C00607000,O:QQQ260302P00590000,True,09:30
QQQ,2026-03-02,Lun,leg,30,09:32,09:30-10:30,383,PUT,21.99,83.64,-39.66,0.36,1.03,True,454.55,-45.45,731.24,756.27,45.45,-3.03,48.75,75.63,O:QQQ260302C00607000,O:QQQ260302P00590000,True,09:30
QQQ,2026-03-02,Lun,leg,40,09:33,09:30-10:30,382,PUT,19.31,80.0,-41.38,0.35,1.0,True,454.55,-45.45,754.55,747.65,45.45,-3.03,50.3,74.76,O:QQQ260302C00607000,O:QQQ260302P00590000,True,09:30
QQQ,2026-03-02,Lun,leg,50,09:34,09:30-10:30,381,PUT,45.91,141.82,-50.0,0.3,1.34,True,454.55,-45.45,551.56,704.55,45.45,-3.03,36.77,70.45,O:QQQ260302C00607000,O:QQQ260302P00590000,True,09:30
QQQ,2026-03-02,Lun,leg,60,09:36,09:30-10:30,379,PUT,47.15,156.36,-62.07,0.23,1.42,True,454.55,-45.45,517.93,644.2,45.45,-3.03,34.53,64.42,O:QQQ260302C00607000,O:QQQ260302P00590000,True,09:30
SPY,2026-03-02,Lun,combined,20,10:33,10:30-12:00,322,PUT,-21.15,23.08,-65.38,0.1,0.33,True,-326.92,-826.92,-296.62,-211.54,-32.69,-55.13,-19.77,-21.15,O:SPY260302C00687000,O:SPY260302P00669000,True,09:30
SPY,2026-03-02,Lun,combined,30,10:54,10:30-12:00,301,PUT,-32.69,15.38,-80.77,0.06,0.31,True,-326.92,-826.92,-262.41,-326.92,-32.69,-55.13,-17.49,-32.69,O:SPY260302C00687000,O:SPY260302P00669000,True,09:30
SPY,2026-03-02,Lun,combined,40,11:28,10:30-12:00,267,PUT,-42.31,-7.69,-76.92,0.07,0.25,True,-326.92,-826.92,-126.92,-423.08,-32.69,-55.13,-8.46,-42.31,O:SPY260302C00687000,O:SPY260302P00669000,True,09:30
SPY,2026-03-02,Lun,combined,50,11:31,10:30-12:00,264,PUT,-50.0,-15.38,-84.62,0.05,0.23,True,-326.92,-826.92,-66.05,-500.0,-32.69,-55.13,-4.4,-50.0,O:SPY260302C00687000,O:SPY260302P00669000,True,09:30
SPY,2026-03-02,Lun,combined,60,14:00,13:30-15:55,115,PUT,-61.54,-26.92,-96.15,0.02,0.2,True,-326.92,-826.92,48.08,-615.38,-32.69,-55.13,3.21,-61.54,O:SPY260302C00687000,O:SPY260302P00669000,True,09:30
SPY,2026-03-02,Lun,leg,20,09:38,09:30-10:30,377,PUT,28.85,80.77,-23.08,0.21,0.48,True,-326.92,-826.92,-462.34,57.69,-32.69,-55.13,-30.82,5.77,O:SPY260302C00687000,O:SPY260302P00669000,True,09:30
SPY,2026-03-02,Lun,leg,30,09:44,09:30-10:30,371,PUT,21.15,76.92,-34.62,0.19,0.49,True,-326.92,-826.92,-469.78,-0.0,-32.69,-55.13,-31.32,-0.0,O:SPY260302C00687000,O:SPY260302P00669000,True,09:30
SPY,2026-03-02,Lun,leg,40,09:45,09:30-10:30,370,PUT,30.77,103.85,-42.31,0.16,0.54,True,-326.92,-826.92,-502.85,-38.46,-32.69,-55.13,-33.52,-3.85,O:SPY260302C00687000,O:SPY260302P00669000,True,09:30
SPY,2026-03-02,Lun,leg,50,09:48,09:30-10:30,367,PUT,28.85,107.69,-50.0,0.14,0.55,True,-326.92,-826.92,-508.74,-76.92,-32.69,-55.13,-33.92,-7.69,O:SPY260302C00687000,O:SPY260302P00669000,True,09:30
SPY,2026-03-02,Lun,leg,60,10:01,09:30-10:30,354,PUT,13.46,88.46,-61.54,0.11,0.5,True,-326.92,-826.92,-476.92,-134.62,-32.69,-55.13,-31.79,-13.46,O:SPY260302C00687000,O:SPY260302P00669000,True,09:30
IWM,2026-03-02,Lun,combined,20,09:49,09:30-10:30,366,PUT,-24.45,-13.51,-35.38,0.43,0.33,True,1391.89,891.89,3573.71,-244.49,139.19,59.46,238.25,-24.45,O:IWM260302C00262000,O:IWM260302P00257000,True,09:30
IWM,2026-03-02,Lun,combined,30,09:57,09:30-10:30,358,PUT,-30.25,-29.73,-30.77,0.46,0.27,True,1391.89,891.89,4169.67,-302.49,139.19,59.46,277.98,-30.25,O:IWM260302C00262000,O:IWM260302P00257000,True,09:30
IWM,2026-03-02,Lun,leg,20,09:37,09:30-10:30,378,PUT,4.12,40.54,-32.31,0.45,0.53,True,1391.89,891.89,2561.7,1730.35,139.19,59.46,170.78,173.04,O:IWM260302C00262000,O:IWM260302P00257000,True,09:30
IWM,2026-03-02,Lun,leg,30,09:37,09:30-10:30,378,PUT,4.12,40.54,-32.31,0.45,0.53,True,1391.89,891.89,2561.7,1730.35,139.19,59.46,170.78,173.04,O:IWM260302C00262000,O:IWM260302P00257000,True,09:30
IWM,2026-03-02,Lun,leg,40,09:59,09:30-10:30,356,PUT,-32.54,-18.92,-46.15,0.37,0.33,True,1391.89,891.89,3573.71,1661.12,139.19,59.46,238.25,166.11,O:IWM260302C00262000,O:IWM260302P00257000,True,09:30
IWM,2026-03-02,Lun,leg,50,10:01,09:30-10:30,354,PUT,-29.81,-2.7,-56.92,0.29,0.37,True,1391.89,891.89,3283.78,1607.28,139.19,59.46,218.92,160.73,O:IWM260302C00262000,O:IWM260302P00257000,True,09:30
IWM,2026-03-02,Lun,leg,60,10:02,09:30-10:30,353,PUT,-19.38,24.32,-63.08,0.25,0.47,True,1391.89,891.89,2774.87,1576.51,139.19,59.46,184.99,157.65,O:IWM260302C00262000,O:IWM260302P00257000,True,09:30
QQQ,2026-03-03,Mar,combined,20,09:40,09:30-10:30,375,CALL,-22.85,-29.03,-16.67,0.23,0.46,True,-1000.0,-1500.0,-1500.0,-228.49,-100.0,-100.0,-100.0,-22.85,O:QQQ260303C00608000,O:QQQ260303P00588000,True,09:30
QQQ,2026-03-03,Mar,combined,30,10:06,09:30-10:30,349,CALL,-32.5,-61.29,-3.7,0.13,0.53,True,-1000.0,-1500.0,-1500.0,-324.97,-100.0,-100.0,-100.0,-32.5,O:QQQ260303C00608000,O:QQQ260303P00588000,True,09:30
QQQ,2026-03-03,Mar,combined,40,10:39,10:30-12:00,316,CALL,-40.08,-83.87,3.7,0.06,0.57,True,-1000.0,-1500.0,-1500.0,-400.84,-100.0,-100.0,-100.0,-40.08,O:QQQ260303C00608000,O:QQQ260303P00588000,True,09:30
QQQ,2026-03-03,Mar,combined,50,11:01,10:30-12:00,294,CALL,-52.12,-83.87,-20.37,0.06,0.44,True,-1000.0,-1500.0,-1500.0,-521.21,-100.0,-100.0,-100.0,-52.12,O:QQQ260303C00608000,O:QQQ260303P00588000,True,09:30
QQQ,2026-03-03,Mar,combined,60,11:03,10:30-12:00,292,CALL,-60.45,-83.87,-37.04,0.06,0.35,True,-1000.0,-1500.0,-1500.0,-604.54,-100.0,-100.0,-100.0,-60.45,O:QQQ260303C00608000,O:QQQ260303P00588000,True,09:30
QQQ,2026-03-03,Mar,leg,20,09:34,09:30-10:30,381,CALL,-2.93,-35.48,29.63,0.21,0.72,True,-1000.0,-1500.0,-1500.0,-677.42,-100.0,-100.0,-100.0,-67.74,O:QQQ260303C00608000,O:QQQ260303P00588000,True,09:30
QQQ,2026-03-03,Mar,leg,30,09:34,09:30-10:30,381,CALL,-2.93,-35.48,29.63,0.21,0.72,True,-1000.0,-1500.0,-1500.0,-677.42,-100.0,-100.0,-100.0,-67.74,O:QQQ260303C00608000,O:QQQ260303P00588000,True,09:30
QQQ,2026-03-03,Mar,leg,40,09:41,09:30-10:30,374,CALL,-20.97,-41.94,0.0,0.19,0.56,True,-1000.0,-1500.0,-1500.0,-709.68,-100.0,-100.0,-100.0,-70.97,O:QQQ260303C00608000,O:QQQ260303P00588000,True,09:30
QQQ,2026-03-03,Mar,leg,50,09:49,09:30-10:30,366,CALL,-10.07,-51.61,31.48,0.16,0.72,True,-1000.0,-1500.0,-1500.0,-758.06,-100.0,-100.0,-100.0,-75.81,O:QQQ260303C00608000,O:QQQ260303P00588000,True,09:30
QQQ,2026-03-03,Mar,leg,60,09:58,09:30-10:30,357,CALL,-20.46,-61.29,20.37,0.13,0.66,True,-1000.0,-1500.0,-1500.0,-806.45,-100.0,-100.0,-100.0,-80.65,O:QQQ260303C00608000,O:QQQ260303P00588000,True,09:30
SPY,2026-03-03,Mar,combined,20,10:36,10:30-12:00,319,CALL,-21.2,-80.49,38.1,0.09,0.59,True,-987.8,-1432.25,-1487.8,-211.96,-98.78,-95.48,-99.19,-21.2,O:SPY260303C00684000,O:SPY260303P00666000,True,09:30
SPY,2026-03-03,Mar,combined,30,10:58,10:30-12:00,297,CALL,-35.51,-82.93,11.9,0.08,0.48,True,-987.8,-1425.3,-1487.8,-355.11,-98.78,-95.02,-99.19,-35.51,O:SPY260303C00684000,O:SPY260303P00666000,True,09:30
SPY,2026-03-03,Mar,combined,40,11:02,10:30-12:00,293,CALL,-40.27,-82.93,2.38,0.08,0.44,True,-987.8,-1425.3,-1487.8,-402.73,-98.78,-95.02,-99.19,-40.27,O:SPY260303C00684000,O:SPY260303P00666000,True,09:30
SPY,2026-03-03,Mar,combined,50,11:04,10:30-12:00,291,CALL,-58.13,-82.93,-33.33,0.08,0.29,True,-987.8,-1425.3,-1487.8,-581.3,-98.78,-95.02,-99.19,-58.13,O:SPY260303C00684000,O:SPY260303P00666000,True,09:30
SPY,2026-03-03,Mar,combined,60,11:05,10:30-12:00,290,CALL,-64.05,-80.49,-47.62,0.09,0.23,True,-987.8,-1432.25,-1487.8,-640.53,-98.78,-95.48,-99.19,-64.05,O:SPY260303C00684000,O:SPY260303P00666000,True,09:30
SPY,2026-03-03,Mar,leg,20,09:34,09:30-10:30,381,CALL,-0.44,-36.59,35.71,0.27,0.58,True,-987.8,-1469.29,-1487.8,-682.93,-98.78,-97.95,-99.19,-68.29,O:SPY260303C00684000,O:SPY260303P00666000,True,09:30
SPY,2026-03-03,Mar,leg,30,09:34,09:30-10:30,381,CALL,-0.44,-36.59,35.71,0.27,0.58,True,-987.8,-1469.29,-1487.8,-682.93,-98.78,-97.95,-99.19,-68.29,O:SPY260303C00684000,O:SPY260303P00666000,True,09:30
SPY,2026-03-03,Mar,leg,40,09:43,09:30-10:30,372,CALL,4.24,-43.9,52.38,0.24,0.65,True,-987.8,-1466.97,-1487.8,-719.51,-98.78,-97.8,-99.19,-71.95,O:SPY260303C00684000,O:SPY260303P00666000,True,09:30
SPY,2026-03-03,Mar,leg,50,09:48,09:30-10:30,367,CALL,14.87,-51.22,80.95,0.21,0.77,True,-987.8,-1464.0,-1487.8,-756.1,-98.78,-97.6,-99.19,-75.61,O:SPY260303C00684000,O:SPY260303P00666000,True,09:30
SPY,2026-03-03,Mar,leg,60,09:56,09:30-10:30,359,CALL,5.23,-60.98,71.43,0.17,0.73,True,-987.8,-1458.39,-1487.8,-804.88,-98.78,-97.23,-99.19,-80.49,O:SPY260303C00684000,O:SPY260303P00666000,True,09:30
IWM,2026-03-03,Mar,combined,20,10:13,09:30-10:30,342,CALL,-20.99,-79.49,37.5,0.09,0.67,True,-974.36,-1363.25,-1474.36,-209.94,-97.44,-90.88,-98.29,-20.99,O:IWM260303C00260000,O:IWM260303P00253000,True,09:30
IWM,2026-03-03,Mar,combined,30,10:36,10:30-12:00,319,CALL,-35.82,-82.05,10.42,0.08,0.55,True,-974.36,-1349.36,-1474.36,-358.17,-97.44,-89.96,-98.29,-35.82,O:IWM260303C00260000,O:IWM260303P00253000,True,09:30
IWM,2026-03-03,Mar,combined,40,10:38,10:30-12:00,317,CALL,-41.03,-82.05,0.0,0.08,0.5,True,-974.36,-1349.36,-1474.36,-410.26,-97.44,-89.96,-98.29,-41.03,O:IWM260303C00260000,O:IWM260303P00253000,True,09:30
IWM,2026-03-03,Mar,combined,50,10:42,10:30-12:00,313,CALL,-50.4,-82.05,-18.75,0.08,0.4,True,-974.36,-1349.36,-1474.36,-504.01,-97.44,-89.96,-98.29,-50.4,O:IWM260303C00260000,O:IWM260303P00253000,True,09:30
IWM,2026-03-03,Mar,combined,60,11:03,10:30-12:00,292,CALL,-62.66,-79.49,-45.83,0.09,0.27,True,-974.36,-1363.25,-1474.36,-626.6,-97.44,-90.88,-98.29,-62.66,O:IWM260303C00260000,O:IWM260303P00253000,True,09:30
IWM,2026-03-03,Mar,leg,20,09:34,09:30-10:30,381,CALL,-12.02,-28.21,4.17,0.29,0.51,True,-974.36,-1439.88,-1474.36,-641.03,-97.44,-95.99,-98.29,-64.1,O:IWM260303C00260000,O:IWM260303P00253000,True,09:30
IWM,2026-03-03,Mar,leg,30,09:35,09:30-10:30,380,CALL,-6.25,-33.33,20.83,0.27,0.59,True,-974.36,-1437.32,-1474.36,-666.67,-97.44,-95.82,-98.29,-66.67,O:IWM260303C00260000,O:IWM260303P00253000,True,09:30
IWM,2026-03-03,Mar,leg,40,09:41,09:30-10:30,374,CALL,-10.58,-46.15,25.0,0.22,0.61,True,-974.36,-1428.9,-1474.36,-730.77,-97.44,-95.26,-98.29,-73.08,O:IWM260303C00260000,O:IWM260303P00253000,True,09:30
IWM,2026-03-03,Mar,leg,50,09:42,09:30-10:30,373,CALL,-2.72,-51.28,45.83,0.2,0.71,True,-974.36,-1424.36,-1474.36,-756.41,-97.44,-94.96,-98.29,-75.64,O:IWM260303C00260000,O:IWM260303P00253000,True,09:30
IWM,2026-03-03,Mar,leg,60,09:47,09:30-10:30,368,CALL,2.56,-61.54,66.67,0.16,0.81,True,-974.36,-1411.86,-1474.36,-807.69,-97.44,-94.12,-98.29,-80.77,O:IWM260303C00260000,O:IWM260303P00253000,True,09:30
QQQ,2026-03-04,Mié,leg,20,09:33,09:30-10:30,382,PUT,90.76,202.94,-21.43,0.34,1.05,True,852.94,352.94,952.94,1245.8,85.29,23.53,63.53,124.58,O:QQQ260304C00610000,O:QQQ260304P00596000,True,09:30
QQQ,2026-03-04,Mié,leg,30,09:34,09:30-10:30,381,PUT,98.04,229.41,-33.33,0.29,1.14,True,852.94,352.94,905.57,1186.27,85.29,23.53,60.37,118.63,O:QQQ260304C00610000,O:QQQ260304P00596000,True,09:30
QQQ,2026-03-04,Mié,leg,40,09:53,09:30-10:30,362,PUT,38.87,120.59,-42.86,0.25,0.76,True,852.94,352.94,1181.89,1138.66,85.29,23.53,78.79,113.87,O:QQQ260304C00610000,O:QQQ260304P00596000,True,09:30
QQQ,2026-03-04,Mié,leg,50,10:00,09:30-10:30,355,PUT,49.65,158.82,-59.52,0.18,0.89,True,852.94,352.94,1060.81,1055.32,85.29,23.53,70.72,105.53,O:QQQ260304C00610000,O:QQQ260304P00596000,True,09:30
QQQ,2026-03-04,Mié,leg,60,10:08,09:30-10:30,347,PUT,63.45,191.18,-64.29,0.16,1.0,True,852.94,352.94,982.94,1031.51,85.29,23.53,65.53,103.15,O:QQQ260304C00610000,O:QQQ260304P00596000,True,09:30
SPY,2026-03-04,Mié,combined,20,10:00,09:30-10:30,355,PUT,-21.59,-14.29,-28.89,0.33,0.31,True,-946.03,-1430.88,-1397.64,-215.87,-94.6,-95.39,-93.18,-21.59,O:SPY260304C00688000,O:SPY260304P00674000,True,09:30
SPY,2026-03-04,Mié,combined,30,10:11,09:30-10:30,344,PUT,-30.95,-8.57,-53.33,0.22,0.33,True,-946.03,-1423.3,-1400.58,-309.52,-94.6,-94.89,-93.37,-30.95,O:SPY260304C00688000,O:SPY260304P00674000,True,09:30
SPY,2026-03-04,Mié,combined,40,10:39,10:30-12:00,316,PUT,-42.86,-5.71,-80.0,0.1,0.34,True,-946.03,-1396.03,-1401.91,-428.57,-94.6,-93.07,-93.46,-42.86,O:SPY260304C00688000,O:SPY260304P00674000,True,09:30
SPY,2026-03-04,Mié,combined,50,10:45,10:30-12:00,310,PUT,-55.71,-31.43,-80.0,0.1,0.25,True,-946.03,-1396.03,-1386.03,-557.14,-94.6,-93.07,-92.4,-55.71,O:SPY260304C00688000,O:SPY260304P00674000,True,09:30
SPY,2026-03-04,Mié,combined,60,12:29,12:00-13:30,206,PUT,-63.33,-40.0,-86.67,0.07,0.22,True,-946.03,-1374.6,-1377.85,-633.33,-94.6,-91.64,-91.86,-63.33,O:SPY260304C00688000,O:SPY260304P00674000,True,09:30
SPY,2026-03-04,Mié,leg,20,09:40,09:30-10:30,375,CALL,14.6,-28.57,57.78,0.26,0.72,True,-946.03,-1388.34,-1439.09,-631.75,-94.6,-92.56,-95.94,-63.17,O:SPY260304C00688000,O:SPY260304P00674000,True,09:30
SPY,2026-03-04,Mié,leg,30,09:41,09:30-10:30,374,CALL,15.08,-34.29,64.44,0.24,0.76,True,-946.03,-1383.53,-1439.45,-660.32,-94.6,-92.24,-95.96,-66.03,O:SPY260304C00688000,O:SPY260304P00674000,True,09:30
SPY,2026-03-04,Mié,leg,40,09:44,09:30-10:30,371,CALL,1.9,-42.86,46.67,0.21,0.7,True,-946.03,-1374.6,-1438.89,-703.17,-94.6,-91.64,-95.93,-70.32,O:SPY260304C00688000,O:SPY260304P00674000,True,09:30
SPY,2026-03-04,Mié,leg,50,10:09,09:30-10:30,346,PUT,-26.98,-2.86,-51.11,0.23,0.35,True,-946.03,-1424.29,-1403.17,-712.7,-94.6,-94.95,-93.54,-71.27,O:SPY260304C00688000,O:SPY260304P00674000,True,09:30
SPY,2026-03-04,Mié,leg,60,10:15,09:30-10:30,340,PUT,-28.57,2.86,-60.0,0.19,0.37,True,-946.03,-1419.72,-1405.49,-757.14,-94.6,-94.65,-93.7,-75.71,O:SPY260304C00688000,O:SPY260304P00674000,True,09:30
IWM,2026-03-04,Mié,combined,20,10:12,09:30-10:30,343,PUT,-23.44,-17.14,-29.73,0.27,0.3,True,-1000.0,-1500.0,-1500.0,-234.36,-100.0,-100.0,-100.0,-23.44,O:IWM260304C00263000,O:IWM260304P00258000,True,09:30
IWM,2026-03-04,Mié,combined,30,10:34,10:30-12:00,321,PUT,-33.55,8.57,-75.68,0.1,0.39,True,-1000.0,-1500.0,-1500.0,-335.52,-100.0,-100.0,-100.0,-33.55,O:IWM260304C00263000,O:IWM260304P00258000,True,09:30
IWM,2026-03-04,Mié,combined,40,10:35,10:30-12:00,320,PUT,-40.77,-8.57,-72.97,0.11,0.33,True,-1000.0,-1500.0,-1500.0,-407.72,-100.0,-100.0,-100.0,-40.77,O:IWM260304C00263000,O:IWM260304P00258000,True,09:30
IWM,2026-03-04,Mié,combined,50,11:13,10:30-12:00,282,PUT,-50.62,-22.86,-78.38,0.09,0.28,True,-1000.0,-1500.0,-1500.0,-506.18,-100.0,-100.0,-100.0,-50.62,O:IWM260304C00263000,O:IWM260304P00258000,True,09:30
IWM,2026-03-04,Mié,combined,60,11:37,10:30-12:00,258,PUT,-60.46,-37.14,-83.78,0.07,0.23,True,-1000.0,-1500.0,-1500.0,-604.63,-100.0,-100.0,-100.0,-60.46,O:IWM260304C00263000,O:IWM260304P00258000,True,09:30
IWM,2026-03-04,Mié,leg,20,09:42,09:30-10:30,373,CALL,55.91,-31.43,143.24,0.25,0.91,True,-1000.0,-1500.0,-1500.0,-657.14,-100.0,-100.0,-100.0,-65.71,O:IWM260304C00263000,O:IWM260304P00258000,True,09:30
IWM,2026-03-04,Mié,leg,30,09:42,09:30-10:30,373,CALL,55.91,-31.43,143.24,0.25,0.91,True,-1000.0,-1500.0,-1500.0,-657.14,-100.0,-100.0,-100.0,-65.71,O:IWM260304C00263000,O:IWM260304P00258000,True,09:30
IWM,2026-03-04,Mié,leg,40,09:44,09:30-10:30,371,CALL,52.97,-40.0,145.95,0.23,0.94,True,-1000.0,-1500.0,-1500.0,-700.0,-100.0,-100.0,-100.0,-70.0,O:IWM260304C00263000,O:IWM260304P00258000,True,09:30
IWM,2026-03-04,Mié,leg,50,09:57,09:30-10:30,358,CALL,32.39,-51.43,116.22,0.18,0.82,True,-1000.0,-1500.0,-1500.0,-757.14,-100.0,-100.0,-100.0,-75.71,O:IWM260304C00263000,O:IWM260304P00258000,True,09:30
IWM,2026-03-04,Mié,leg,60,10:20,09:30-10:30,335,PUT,-18.22,25.71,-62.16,0.15,0.45,True,-1000.0,-1500.0,-1500.0,-810.81,-100.0,-100.0,-100.0,-81.08,O:IWM260304C00263000,O:IWM260304P00258000,True,09:30
QQQ,2026-03-05,Jue,combined,20,09:40,09:30-10:30,375,PUT,-23.88,-10.26,-37.5,0.31,0.36,True,-1000.0,-1500.0,-1500.0,-238.78,-100.0,-100.0,-100.0,-23.88,O:QQQ260305C00615000,O:QQQ260305P00600000,True,09:30
QQQ,2026-03-05,Jue,combined,30,09:44,09:30-10:30,371,PUT,-32.93,-17.95,-47.92,0.26,0.33,True,-1000.0,-1500.0,-1500.0,-329.33,-100.0,-100.0,-100.0,-32.93,O:QQQ260305C00615000,O:QQQ260305P00600000,True,09:30
QQQ,2026-03-05,Jue,combined,40,10:19,09:30-10:30,336,PUT,-40.54,-10.26,-70.83,0.15,0.36,True,-1000.0,-1500.0,-1500.0,-405.45,-100.0,-100.0,-100.0,-40.54,O:QQQ260305C00615000,O:QQQ260305P00600000,True,09:30
QQQ,2026-03-05,Jue,combined,50,10:23,09:30-10:30,332,PUT,-50.72,-41.03,-60.42,0.2,0.24,True,-1000.0,-1500.0,-1500.0,-507.21,-100.0,-100.0,-100.0,-50.72,O:QQQ260305C00615000,O:QQQ260305P00600000,True,09:30
QQQ,2026-03-05,Jue,combined,60,10:43,10:30-12:00,312,CALL,-61.7,-69.23,-54.17,0.13,0.23,True,-1000.0,-1500.0,-1500.0,-616.99,-100.0,-100.0,-100.0,-61.7,O:QQQ260305C00615000,O:QQQ260305P00600000,True,09:30
QQQ,2026-03-05,Jue,leg,20,09:32,09:30-10:30,383,PUT,-12.26,2.56,-27.08,0.36,0.41,True,-1000.0,-1500.0,-1500.0,-635.42,-100.0,-100.0,-100.0,-63.54,O:QQQ260305C00615000,O:QQQ260305P00600000,True,09:30
QQQ,2026-03-05,Jue,leg,30,09:33,09:30-10:30,382,PUT,-15.71,10.26,-41.67,0.29,0.44,True,-1000.0,-1500.0,-1500.0,-708.33,-100.0,-100.0,-100.0,-70.83,O:QQQ260305C00615000,O:QQQ260305P00600000,True,09:30
QQQ,2026-03-05,Jue,leg,40,09:33,09:30-10:30,382,PUT,-15.71,10.26,-41.67,0.29,0.44,True,-1000.0,-1500.0,-1500.0,-708.33,-100.0,-100.0,-100.0,-70.83,O:QQQ260305C00615000,O:QQQ260305P00600000,True,09:30
QQQ,2026-03-05,Jue,leg,50,09:46,09:30-10:30,369,PUT,-36.54,-23.08,-50.0,0.25,0.31,True,-1000.0,-1500.0,-1500.0,-750.0,-100.0,-100.0,-100.0,-75.0,O:QQQ260305C00615000,O:QQQ260305P00600000,True,09:30
QQQ,2026-03-05,Jue,leg,60,09:47,09:30-10:30,368,PUT,-25.08,10.26,-60.42,0.2,0.44,True,-1000.0,-1500.0,-1500.0,-802.08,-100.0,-100.0,-100.0,-80.21,O:QQQ260305C00615000,O:QQQ260305P00600000,True,09:30
SPY,2026-03-05,Jue,combined,20,09:30,09:30-10:30,385,PUT,-26.95,-2.17,-51.72,0.15,0.46,True,-1000.0,-1500.0,-1500.0,-269.49,-100.0,-100.0,-100.0,-26.95,O:SPY260305C00688000,O:SPY260305P00670000,True,09:30
SPY,2026-03-05,Jue,combined,30,09:40,09:30-10:30,375,PUT,-39.28,-13.04,-65.52,0.11,0.41,True,-1000.0,-1500.0,-1500.0,-392.8,-100.0,-100.0,-100.0,-39.28,O:SPY260305C00688000,O:SPY260305P00670000,True,09:30
SPY,2026-03-05,Jue,combined,40,09:42,09:30-10:30,373,PUT,-42.09,-15.22,-68.97,0.1,0.4,True,-1000.0,-1500.0,-1500.0,-420.91,-100.0,-100.0,-100.0,-42.09,O:SPY260305C00688000,O:SPY260305P00670000,True,09:30
SPY,2026-03-05,Jue,combined,50,09:45,09:30-10:30,370,PUT,-50.6,-39.13,-62.07,0.12,0.29,True,-1000.0,-1500.0,-1500.0,-506.0,-100.0,-100.0,-100.0,-50.6,O:SPY260305C00688000,O:SPY260305P00670000,True,09:30
SPY,2026-03-05,Jue,combined,60,10:19,09:30-10:30,336,PUT,-61.84,-47.83,-75.86,0.08,0.25,True,-1000.0,-1500.0,-1500.0,-618.44,-100.0,-100.0,-100.0,-61.84,O:SPY260305C00688000,O:SPY260305P00670000,True,09:30
SPY,2026-03-05,Jue,leg,20,09:30,09:30-10:30,385,PUT,-26.95,-2.17,-51.72,0.15,0.46,True,-1000.0,-1500.0,-1500.0,-758.62,-100.0,-100.0,-100.0,-75.86,O:SPY260305C00688000,O:SPY260305P00670000,True,09:30
SPY,2026-03-05,Jue,leg,30,09:30,09:30-10:30,385,PUT,-26.95,-2.17,-51.72,0.15,0.46,True,-1000.0,-1500.0,-1500.0,-758.62,-100.0,-100.0,-100.0,-75.86,O:SPY260305C00688000,O:SPY260305P00670000,True,09:30
SPY,2026-03-05,Jue,leg,40,09:30,09:30-10:30,385,PUT,-26.95,-2.17,-51.72,0.15,0.46,True,-1000.0,-1500.0,-1500.0,-758.62,-100.0,-100.0,-100.0,-75.86,O:SPY260305C00688000,O:SPY260305P00670000,True,09:30
SPY,2026-03-05,Jue,leg,50,09:30,09:30-10:30,385,PUT,-26.95,-2.17,-51.72,0.15,0.46,True,-1000.0,-1500.0,-1500.0,-758.62,-100.0,-100.0,-100.0,-75.86,O:SPY260305C00688000,O:SPY260305P00670000,True,09:30
SPY,2026-03-05,Jue,leg,60,09:33,09:30-10:30,382,PUT,-20.16,21.74,-62.07,0.12,0.57,True,-1000.0,-1500.0,-1500.0,-810.34,-100.0,-100.0,-100.0,-81.03,O:SPY260305C00688000,O:SPY260305P00670000,True,09:30
IWM,2026-03-05,Jue,combined,20,09:40,09:30-10:30,375,CALL,-24.09,-25.45,-22.73,0.44,0.35,True,-988.64,-1488.64,-1474.35,-240.91,-98.86,-99.24,-98.29,-24.09,O:IWM260305C00261000,O:IWM260305P00256000,True,09:30
IWM,2026-03-05,Jue,combined,30,10:03,09:30-10:30,352,PUT,-40.45,-12.73,-68.18,0.15,0.5,True,-988.64,-1455.3,-1488.64,-404.55,-98.86,-97.02,-99.24,-40.45,O:IWM260305C00261000,O:IWM260305P00256000,True,09:30
IWM,2026-03-05,Jue,combined,40,10:03,09:30-10:30,352,PUT,-40.45,-12.73,-68.18,0.15,0.5,True,-988.64,-1455.3,-1488.64,-404.55,-98.86,-97.02,-99.24,-40.45,O:IWM260305C00261000,O:IWM260305P00256000,True,09:30
IWM,2026-03-05,Jue,combined,50,10:45,10:30-12:00,310,CALL,-51.82,-67.27,-36.36,0.19,0.29,True,-988.64,-1488.64,-1471.39,-518.18,-98.86,-99.24,-98.09,-51.82,O:IWM260305C00261000,O:IWM260305P00256000,True,09:30
IWM,2026-03-05,Jue,combined,60,10:54,10:30-12:00,301,CALL,-60.68,-69.09,-52.27,0.18,0.22,True,-988.64,-1488.64,-1465.91,-606.82,-98.86,-99.24,-97.73,-60.68,O:IWM260305C00261000,O:IWM260305P00256000,True,09:30
IWM,2026-03-05,Jue,leg,20,09:34,09:30-10:30,381,PUT,-14.09,12.73,-40.91,0.28,0.63,True,-988.64,-1470.78,-1488.64,-704.55,-98.86,-98.05,-99.24,-70.45,O:IWM260305C00261000,O:IWM260305P00256000,True,09:30
IWM,2026-03-05,Jue,leg,30,09:34,09:30-10:30,381,PUT,-14.09,12.73,-40.91,0.28,0.63,True,-988.64,-1470.78,-1488.64,-704.55,-98.86,-98.05,-99.24,-70.45,O:IWM260305C00261000,O:IWM260305P00256000,True,09:30
IWM,2026-03-05,Jue,leg,40,09:34,09:30-10:30,381,PUT,-14.09,12.73,-40.91,0.28,0.63,True,-988.64,-1470.78,-1488.64,-704.55,-98.86,-98.05,-99.24,-70.45,O:IWM260305C00261000,O:IWM260305P00256000,True,09:30
IWM,2026-03-05,Jue,leg,50,09:51,09:30-10:30,364,PUT,-25.0,0.0,-50.0,0.23,0.56,True,-988.64,-1466.9,-1488.64,-750.0,-98.86,-97.79,-99.24,-75.0,O:IWM260305C00261000,O:IWM260305P00256000,True,09:30
IWM,2026-03-05,Jue,leg,60,09:54,09:30-10:30,361,PUT,-20.68,20.0,-61.36,0.18,0.67,True,-988.64,-1460.86,-1488.64,-806.82,-98.86,-97.39,-99.24,-80.68,O:IWM260305C00261000,O:IWM260305P00256000,True,09:30
QQQ,2026-03-06,Vie,combined,20,09:33,09:30-10:30,382,CALL,-21.12,-25.0,-17.24,0.4,0.49,True,-991.38,-1491.38,-1481.18,-211.21,-99.14,-99.43,-98.75,-21.12,O:QQQ260306C00610000,O:QQQ260306P00589000,True,09:30
QQQ,2026-03-06,Vie,combined,30,09:42,09:30-10:30,373,PUT,-30.9,-30.77,-31.03,0.41,0.37,True,-991.38,-1479.18,-1491.38,-309.02,-99.14,-98.61,-99.43,-30.9,O:QQQ260306C00610000,O:QQQ260306P00589000,True,09:30
QQQ,2026-03-06,Vie,combined,40,09:49,09:30-10:30,366,CALL,-41.08,-44.23,-37.93,0.3,0.37,True,-991.38,-1491.38,-1477.87,-410.81,-99.14,-99.43,-98.52,-41.08,O:QQQ260306C00610000,O:QQQ260306P00589000,True,09:30
QQQ,2026-03-06,Vie,combined,50,10:08,09:30-10:30,347,PUT,-50.36,-40.38,-60.34,0.24,0.32,True,-991.38,-1470.55,-1491.38,-503.65,-99.14,-98.04,-99.43,-50.36,O:QQQ260306C00610000,O:QQQ260306P00589000,True,09:30
QQQ,2026-03-06,Vie,combined,60,10:41,10:30-12:00,314,PUT,-61.37,-36.54,-86.21,0.09,0.34,True,-991.38,-1435.82,-1491.38,-613.73,-99.14,-95.72,-99.43,-61.37,O:QQQ260306C00610000,O:QQQ260306P00589000,True,09:30
QQQ,2026-03-06,Vie,leg,20,09:31,09:30-10:30,384,CALL,-17.47,-21.15,-13.79,0.42,0.51,True,-991.38,-1491.38,-1481.58,-597.15,-99.14,-99.43,-98.77,-59.71,O:QQQ260306C00610000,O:QQQ260306P00589000,True,09:30
QQQ,2026-03-06,Vie,leg,30,09:34,09:30-10:30,381,CALL,-28.32,-30.77,-25.86,0.37,0.44,True,-991.38,-1491.38,-1480.02,-645.23,-99.14,-99.43,-98.67,-64.52,O:QQQ260306C00610000,O:QQQ260306P00589000,True,09:30
QQQ,2026-03-06,Vie,leg,40,09:35,09:30-10:30,380,CALL,-26.62,-48.08,-5.17,0.28,0.56,True,-991.38,-1491.38,-1482.45,-731.76,-99.14,-99.43,-98.83,-73.18,O:QQQ260306C00610000,O:QQQ260306P00589000,True,09:30
QQQ,2026-03-06,Vie,leg,50,09:36,09:30-10:30,379,CALL,-23.47,-53.85,6.9,0.25,0.63,True,-991.38,-1491.38,-1483.44,-760.61,-99.14,-99.43,-98.9,-76.06,O:QQQ260306C00610000,O:QQQ260306P00589000,True,09:30
QQQ,2026-03-06,Vie,leg,60,10:00,09:30-10:30,355,PUT,-43.53,-25.0,-62.07,0.23,0.4,True,-991.38,-1469.64,-1491.38,-810.34,-99.14,-97.98,-99.43,-81.03,O:QQQ260306C00610000,O:QQQ260306P00589000,True,09:30
SPY,2026-03-06,Vie,combined,20,09:43,09:30-10:30,372,CALL,-21.13,-46.81,4.55,0.26,0.47,True,-988.64,-1488.64,-1478.0,-211.32,-98.86,-99.24,-98.53,-21.13,O:SPY260306C00682000,O:SPY260306P00661000,True,09:31
SPY,2026-03-06,Vie,combined,30,09:51,09:30-10:30,364,CALL,-32.71,-40.43,-25.0,0.29,0.34,True,-988.64,-1488.64,-1473.93,-327.13,-98.86,-99.24,-98.26,-32.71,O:SPY260306C00682000,O:SPY260306P00661000,True,09:31
SPY,2026-03-06,Vie,combined,40,10:03,09:30-10:30,352,PUT,-42.87,-42.55,-43.18,0.26,0.28,True,-988.64,-1469.41,-1488.64,-428.68,-98.86,-97.96,-99.24,-42.87,O:SPY260306C00682000,O:SPY260306P00661000,True,09:31
SPY,2026-03-06,Vie,combined,50,10:19,09:30-10:30,336,PUT,-51.89,-44.68,-59.09,0.19,0.27,True,-988.64,-1462.32,-1488.64,-518.86,-98.86,-97.49,-99.24,-51.89,O:SPY260306C00682000,O:SPY260306P00661000,True,09:31
SPY,2026-03-06,Vie,combined,60,10:27,09:30-10:30,328,PUT,-60.69,-53.19,-68.18,0.15,0.23,True,-988.64,-1455.3,-1488.64,-606.87,-98.86,-97.02,-99.24,-60.69,O:SPY260306C00682000,O:SPY260306P00661000,True,09:31
SPY,2026-03-06,Vie,leg,20,09:33,09:30-10:30,382,CALL,-11.56,-27.66,4.55,0.35,0.47,True,-988.64,-1488.64,-1478.0,-626.93,-98.86,-99.24,-98.53,-62.69,O:SPY260306C00682000,O:SPY260306P00661000,True,09:31
SPY,2026-03-06,Vie,leg,30,09:35,09:30-10:30,380,CALL,-6.43,-44.68,31.82,0.27,0.59,True,-988.64,-1488.64,-1480.16,-712.04,-98.86,-99.24,-98.68,-71.2,O:SPY260306C00682000,O:SPY260306P00661000,True,09:31
SPY,2026-03-06,Vie,leg,40,09:35,09:30-10:30,380,CALL,-6.43,-44.68,31.82,0.27,0.59,True,-988.64,-1488.64,-1480.16,-712.04,-98.86,-99.24,-98.68,-71.2,O:SPY260306C00682000,O:SPY260306P00661000,True,09:31
SPY,2026-03-06,Vie,leg,50,09:46,09:30-10:30,369,CALL,-18.64,-53.19,15.91,0.23,0.52,True,-988.64,-1488.64,-1479.02,-754.59,-98.86,-99.24,-98.6,-75.46,O:SPY260306C00682000,O:SPY260306P00661000,True,09:31
SPY,2026-03-06,Vie,leg,60,10:20,09:30-10:30,335,PUT,-54.09,-46.81,-61.36,0.18,0.26,True,-988.64,-1460.86,-1488.64,-806.82,-98.86,-97.39,-99.24,-80.68,O:SPY260306C00682000,O:SPY260306P00661000,True,09:31
IWM,2026-03-06,Vie,combined,20,09:43,09:30-10:30,372,CALL,-22.27,-23.91,-20.63,0.36,0.51,True,-1000.0,-1500.0,-1500.0,-222.74,-100.0,-100.0,-100.0,-22.27,O:IWM260306C00255000,O:IWM260306P00247000,True,09:30
IWM,2026-03-06,Vie,combined,30,09:45,09:30-10:30,370,PUT,-32.88,-26.09,-39.68,0.39,0.35,True,-1000.0,-1500.0,-1500.0,-328.85,-100.0,-100.0,-100.0,-32.88,O:IWM260306C00255000,O:IWM260306P00247000,True,09:30
IWM,2026-03-06,Vie,combined,40,09:48,09:30-10:30,367,PUT,-40.41,-34.78,-46.03,0.35,0.31,True,-1000.0,-1500.0,-1500.0,-404.07,-100.0,-100.0,-100.0,-40.41,O:IWM260306C00255000,O:IWM260306P00247000,True,09:30
IWM,2026-03-06,Vie,combined,50,10:05,09:30-10:30,350,PUT,-50.52,-39.13,-61.9,0.25,0.29,True,-1000.0,-1500.0,-1500.0,-505.18,-100.0,-100.0,-100.0,-50.52,O:IWM260306C00255000,O:IWM260306P00247000,True,09:30
IWM,2026-03-06,Vie,combined,60,10:40,10:30-12:00,315,PUT,-60.46,-30.43,-90.48,0.07,0.33,True,-1000.0,-1500.0,-1500.0,-604.55,-100.0,-100.0,-100.0,-60.46,O:IWM260306C00255000,O:IWM260306P00247000,True,09:30
IWM,2026-03-06,Vie,leg,20,09:34,09:30-10:30,381,PUT,-10.82,2.17,-23.81,0.5,0.48,True,-1000.0,-1500.0,-1500.0,-619.05,-100.0,-100.0,-100.0,-61.9,O:IWM260306C00255000,O:IWM260306P00247000,True,09:30
IWM,2026-03-06,Vie,leg,30,09:40,09:30-10:30,375,CALL,-13.63,-30.43,3.17,0.33,0.66,True,-1000.0,-1500.0,-1500.0,-652.17,-100.0,-100.0,-100.0,-65.22,O:IWM260306C00255000,O:IWM260306P00247000,True,09:30
IWM,2026-03-06,Vie,leg,40,09:48,09:30-10:30,367,PUT,-40.41,-34.78,-46.03,0.35,0.31,True,-1000.0,-1500.0,-1500.0,-730.16,-100.0,-100.0,-100.0,-73.02,O:IWM260306C00255000,O:IWM260306P00247000,True,09:30
IWM,2026-03-06,Vie,leg,50,09:50,09:30-10:30,365,PUT,-44.67,-36.96,-52.38,0.31,0.3,True,-1000.0,-1500.0,-1500.0,-761.9,-100.0,-100.0,-100.0,-76.19,O:IWM260306C00255000,O:IWM260306P00247000,True,09:30
IWM,2026-03-06,Vie,leg,60,10:01,09:30-10:30,354,PUT,-46.46,-32.61,-60.32,0.26,0.32,True,-1000.0,-1500.0,-1500.0,-801.59,-100.0,-100.0,-100.0,-80.16,O:IWM260306C00255000,O:IWM260306P00247000,True,09:30
QQQ,2026-03-09,Lun,combined,20,09:31,09:30-10:30,384,CALL,-24.1,-28.85,-19.35,0.38,0.26,True,1048.08,3350.71,548.08,-241.0,104.81,223.38,36.54,-24.1,O:QQQ260309C00605000,O:QQQ260309P00582000,True,09:30
QQQ,2026-03-09,Lun,combined,30,09:32,09:30-10:30,383,CALL,-32.79,-36.54,-29.03,0.34,0.23,True,1048.08,3680.43,548.08,-327.85,104.81,245.36,36.54,-32.79,O:QQQ260309C00605000,O:QQQ260309P00582000,True,09:30
QQQ,2026-03-09,Lun,combined,40,09:35,09:30-10:30,380,CALL,-43.05,-53.85,-32.26,0.25,0.22,True,1048.08,4808.08,548.08,-430.52,104.81,320.54,36.54,-43.05,O:QQQ260309C00605000,O:QQQ260309P00582000,True,09:30
QQQ,2026-03-09,Lun,combined,50,10:02,09:30-10:30,353,CALL,-52.33,-78.85,-25.81,0.12,0.24,True,1048.08,9423.08,548.08,-523.26,104.81,628.21,36.54,-52.33,O:QQQ260309C00605000,O:QQQ260309P00582000,True,09:30
QQQ,2026-03-09,Lun,combined,60,10:04,09:30-10:30,351,CALL,-63.31,-75.0,-51.61,0.14,0.16,True,1048.08,8155.22,548.08,-633.06,104.81,543.68,36.54,-63.31,O:QQQ260309C00605000,O:QQQ260309P00582000,True,09:30
QQQ,2026-03-09,Lun,leg,20,09:31,09:30-10:30,384,CALL,-24.1,-28.85,-19.35,0.38,0.26,True,1048.08,3350.71,548.08,-644.23,104.81,223.38,36.54,-64.42,O:QQQ260309C00605000,O:QQQ260309P00582000,True,09:30
QQQ,2026-03-09,Lun,leg,30,09:32,09:30-10:30,383,CALL,-32.79,-36.54,-29.03,0.34,0.23,True,1048.08,3680.43,548.08,-682.69,104.81,245.36,36.54,-68.27,O:QQQ260309C00605000,O:QQQ260309P00582000,True,09:30
QQQ,2026-03-09,Lun,leg,40,09:33,09:30-10:30,382,CALL,-36.6,-53.85,-19.35,0.25,0.26,True,1048.08,4808.08,548.08,-769.23,104.81,320.54,36.54,-76.92,O:QQQ260309C00605000,O:QQQ260309P00582000,True,09:30
QQQ,2026-03-09,Lun,leg,50,09:33,09:30-10:30,382,CALL,-36.6,-53.85,-19.35,0.25,0.26,True,1048.08,4808.08,548.08,-769.23,104.81,320.54,36.54,-76.92,O:QQQ260309C00605000,O:QQQ260309P00582000,True,09:30
QQQ,2026-03-09,Lun,leg,60,09:36,09:30-10:30,379,CALL,-35.92,-65.38,-6.45,0.19,0.3,True,1048.08,6153.34,548.08,-826.92,104.81,410.22,36.54,-82.69,O:QQQ260309C00605000,O:QQQ260309P00582000,True,09:30
SPY,2026-03-09,Lun,combined,20,09:34,09:30-10:30,381,CALL,-22.42,-39.13,-5.71,0.29,0.34,True,858.7,3306.97,358.7,-224.22,85.87,220.46,23.91,-22.42,O:SPY260309C00676000,O:SPY260309P00654000,True,09:30
SPY,2026-03-09,Lun,combined,30,09:47,09:30-10:30,368,CALL,-35.87,-71.74,0.0,0.14,0.36,True,858.7,6465.84,358.7,-358.7,85.87,431.06,23.91,-35.87,O:SPY260309C00676000,O:SPY260309P00654000,True,09:30
SPY,2026-03-09,Lun,combined,40,10:03,09:30-10:30,352,CALL,-44.78,-69.57,-20.0,0.15,0.29,True,858.7,6058.7,358.7,-447.83,85.87,403.91,23.91,-44.78,O:SPY260309C00676000,O:SPY260309P00654000,True,09:30
SPY,2026-03-09,Lun,combined,50,10:04,09:30-10:30,351,CALL,-50.5,-69.57,-31.43,0.15,0.25,True,858.7,6058.7,358.7,-504.97,85.87,403.91,23.91,-50.5,O:SPY260309C00676000,O:SPY260309P00654000,True,09:30
SPY,2026-03-09,Lun,combined,60,10:22,09:30-10:30,333,CALL,-60.22,-80.43,-40.0,0.1,0.22,True,858.7,8908.7,358.7,-602.17,85.87,593.91,23.91,-60.22,O:SPY260309C00676000,O:SPY260309P00654000,True,09:30
SPY,2026-03-09,Lun,leg,20,09:32,09:30-10:30,383,CALL,-18.42,-28.26,-8.57,0.34,0.33,True,858.7,2873.4,358.7,-641.3,85.87,191.56,23.91,-64.13,O:SPY260309C00676000,O:SPY260309P00654000,True,09:30
SPY,2026-03-09,Lun,leg,30,09:33,09:30-10:30,382,CALL,-19.22,-41.3,2.86,0.28,0.37,True,858.7,3412.27,358.7,-706.52,85.87,227.48,23.91,-70.65,O:SPY260309C00676000,O:SPY260309P00654000,True,09:30
SPY,2026-03-09,Lun,leg,40,09:33,09:30-10:30,382,CALL,-19.22,-41.3,2.86,0.28,0.37,True,858.7,3412.27,358.7,-706.52,85.87,227.48,23.91,-70.65,O:SPY260309C00676000,O:SPY260309P00654000,True,09:30
SPY,2026-03-09,Lun,leg,50,09:36,09:30-10:30,379,CALL,-28.94,-52.17,-5.71,0.23,0.34,True,858.7,4076.09,358.7,-760.87,85.87,271.74,23.91,-76.09,O:SPY260309C00676000,O:SPY260309P00654000,True,09:30
SPY,2026-03-09,Lun,leg,60,09:39,09:30-10:30,376,CALL,-25.81,-63.04,11.43,0.18,0.4,True,858.7,5108.7,358.7,-815.22,85.87,340.58,23.91,-81.52,O:SPY260309C00676000,O:SPY260309P00654000,True,09:30
IWM,2026-03-09,Lun,combined,20,09:31,09:30-10:30,384,PUT,-37.26,-28.81,-45.71,0.2,0.44,True,1084.75,584.75,3380.2,-372.64,108.47,38.98,225.35,-37.26,O:IWM260309C00251000,O:IWM260309P00240000,True,09:30
IWM,2026-03-09,Lun,combined,30,09:31,09:30-10:30,384,PUT,-37.26,-28.81,-45.71,0.2,0.44,True,1084.75,584.75,3380.2,-372.64,108.47,38.98,225.35,-37.26,O:IWM260309C00251000,O:IWM260309P00240000,True,09:30
IWM,2026-03-09,Lun,combined,40,09:33,09:30-10:30,382,PUT,-41.55,-28.81,-54.29,0.17,0.43,True,1084.75,584.75,3445.21,-415.5,108.47,38.98,229.68,-41.55,O:IWM260309C00251000,O:IWM260309P00240000,True,09:30
IWM,2026-03-09,Lun,combined,50,09:40,09:30-10:30,375,CALL,-50.24,-57.63,-42.86,0.26,0.21,True,1084.75,5315.51,584.75,-502.42,108.47,354.37,38.98,-50.24,O:IWM260309C00251000,O:IWM260309P00240000,True,09:30
IWM,2026-03-09,Lun,combined,60,09:44,09:30-10:30,371,CALL,-63.63,-64.41,-62.86,0.22,0.14,True,1084.75,6175.65,584.75,-636.32,108.47,411.71,38.98,-63.63,O:IWM260309C00251000,O:IWM260309P00240000,True,09:30
IWM,2026-03-09,Lun,leg,20,09:30,09:30-10:30,385,PUT,-19.42,-1.69,-37.14,0.24,0.59,True,1084.75,584.75,2669.49,1399.03,108.47,38.98,177.97,139.9,O:IWM260309C00251000,O:IWM260309P00240000,True,09:30
IWM,2026-03-09,Lun,leg,30,09:30,09:30-10:30,385,PUT,-19.42,-1.69,-37.14,0.24,0.59,True,1084.75,584.75,2669.49,1399.03,108.47,38.98,177.97,139.9,O:IWM260309C00251000,O:IWM260309P00240000,True,09:30
IWM,2026-03-09,Lun,leg,40,09:31,09:30-10:30,384,PUT,-37.26,-28.81,-45.71,0.2,0.44,True,1084.75,584.75,3380.2,1356.17,108.47,38.98,225.35,135.62,O:IWM260309C00251000,O:IWM260309P00240000,True,09:30
IWM,2026-03-09,Lun,leg,50,09:32,09:30-10:30,383,PUT,-36.51,-10.17,-62.86,0.14,0.54,True,1084.75,584.75,2862.52,1270.46,108.47,38.98,190.83,127.05,O:IWM260309C00251000,O:IWM260309P00240000,True,09:30
IWM,2026-03-09,Lun,leg,60,09:32,09:30-10:30,383,PUT,-36.51,-10.17,-62.86,0.14,0.54,True,1084.75,584.75,2862.52,1270.46,108.47,38.98,190.83,127.05,O:IWM260309C00251000,O:IWM260309P00240000,True,09:30
QQQ,2026-03-10,Mar,combined,20,09:36,09:30-10:30,379,CALL,-21.65,-40.91,-2.38,0.27,0.42,True,-988.1,-1488.1,-1476.19,-216.45,-98.81,-99.21,-98.41,-21.65,O:QQQ260310C00615000,O:QQQ260310P00600000,True,09:30
QQQ,2026-03-10,Mar,combined,30,09:40,09:30-10:30,375,CALL,-34.63,-45.45,-23.81,0.25,0.33,True,-988.1,-1488.1,-1472.94,-346.32,-98.81,-99.21,-98.2,-34.63,O:QQQ260310C00615000,O:QQQ260310P00600000,True,09:30
QQQ,2026-03-10,Mar,combined,40,10:41,10:30-12:00,314,PUT,-54.92,-43.18,-66.67,0.15,0.26,True,-988.1,-1454.76,-1488.1,-549.24,-98.81,-96.98,-99.21,-54.92,O:QQQ260310C00615000,O:QQQ260310P00600000,True,09:30
QQQ,2026-03-10,Mar,combined,50,10:41,10:30-12:00,314,PUT,-54.92,-43.18,-66.67,0.15,0.26,True,-988.1,-1454.76,-1488.1,-549.24,-98.81,-96.98,-99.21,-54.92,O:QQQ260310C00615000,O:QQQ260310P00600000,True,09:30
QQQ,2026-03-10,Mar,combined,60,11:31,10:30-12:00,264,PUT,-60.88,-43.18,-78.57,0.1,0.26,True,-988.1,-1438.1,-1488.1,-608.77,-98.81,-95.87,-99.21,-60.88,O:QQQ260310C00615000,O:QQQ260310P00600000,True,09:30
QQQ,2026-03-10,Mar,leg,20,09:31,09:30-10:30,384,PUT,-14.23,-2.27,-26.19,0.32,0.44,True,-988.1,-1472.47,-1488.1,-630.95,-98.81,-98.16,-99.21,-63.1,O:QQQ260310C00615000,O:QQQ260310P00600000,True,09:30
QQQ,2026-03-10,Mar,leg,30,09:32,09:30-10:30,383,PUT,-15.48,0.0,-30.95,0.3,0.45,True,-988.1,-1471.43,-1488.1,-654.76,-98.81,-98.1,-99.21,-65.48,O:QQQ260310C00615000,O:QQQ260310P00600000,True,09:30
QQQ,2026-03-10,Mar,leg,40,09:35,09:30-10:30,380,CALL,-16.83,-43.18,9.52,0.26,0.47,True,-988.1,-1488.1,-1477.46,-704.0,-98.81,-99.21,-98.5,-70.4,O:QQQ260310C00615000,O:QQQ260310P00600000,True,09:30
QQQ,2026-03-10,Mar,leg,50,09:41,09:30-10:30,374,CALL,-29.76,-50.0,-9.52,0.23,0.39,True,-988.1,-1488.1,-1475.27,-738.1,-98.81,-99.21,-98.35,-73.81,O:QQQ260310C00615000,O:QQQ260310P00600000,True,09:30
QQQ,2026-03-10,Mar,leg,60,09:43,09:30-10:30,372,CALL,-19.91,-63.64,23.81,0.17,0.53,True,-988.1,-1488.1,-1478.66,-806.28,-98.81,-99.21,-98.58,-80.63,O:QQQ260310C00615000,O:QQQ260310P00600000,True,09:30
SPY,2026-03-10,Mar,combined,20,09:40,09:30-10:30,375,CALL,-21.09,-40.0,-2.17,0.25,0.46,True,-954.89,-1434.89,-1422.28,-210.87,-95.49,-95.66,-94.82,-21.09,O:SPY260310C00684000,O:SPY260310P00670000,True,09:30
SPY,2026-03-10,Mar,combined,30,10:20,09:30-10:30,335,CALL,-35.43,-60.0,-10.87,0.17,0.42,True,-954.89,-1425.48,-1419.18,-354.35,-95.49,-95.03,-94.61,-35.43,O:SPY260310C00684000,O:SPY260310P00670000,True,09:30
SPY,2026-03-10,Mar,combined,40,10:23,09:30-10:30,332,CALL,-41.63,-55.0,-28.26,0.19,0.34,True,-954.89,-1428.58,-1410.77,-416.3,-95.49,-95.24,-94.05,-41.63,O:SPY260310C00684000,O:SPY260310P00670000,True,09:30
SPY,2026-03-10,Mar,combined,50,10:31,10:30-12:00,324,CALL,-50.33,-55.0,-45.65,0.19,0.26,True,-954.89,-1428.58,-1397.2,-503.26,-95.49,-95.24,-93.15,-50.33,O:SPY260310C00684000,O:SPY260310P00670000,True,09:30
SPY,2026-03-10,Mar,combined,60,12:03,12:00-13:30,232,PUT,-60.05,-37.5,-82.61,0.09,0.26,True,-954.89,-1288.22,-1435.66,-600.54,-95.49,-85.88,-95.71,-60.05,O:SPY260310C00684000,O:SPY260310P00670000,True,09:30
SPY,2026-03-10,Mar,leg,20,09:33,09:30-10:30,382,CALL,-2.72,-25.0,19.57,0.31,0.56,True,-954.89,-1438.76,-1428.11,-592.39,-95.49,-95.92,-95.21,-59.24,O:SPY260310C00684000,O:SPY260310P00670000,True,09:30
SPY,2026-03-10,Mar,leg,30,09:35,09:30-10:30,380,CALL,-3.7,-40.0,32.61,0.25,0.62,True,-954.89,-1434.89,-1430.7,-667.39,-95.49,-95.66,-95.38,-66.74,O:SPY260310C00684000,O:SPY260310P00670000,True,09:30
SPY,2026-03-10,Mar,leg,40,09:35,09:30-10:30,380,CALL,-3.7,-40.0,32.61,0.25,0.62,True,-954.89,-1434.89,-1430.7,-667.39,-95.49,-95.66,-95.38,-66.74,O:SPY260310C00684000,O:SPY260310P00670000,True,09:30
SPY,2026-03-10,Mar,leg,50,09:42,09:30-10:30,373,CALL,-8.1,-57.5,41.3,0.18,0.66,True,-954.89,-1427.11,-1432.16,-754.89,-95.49,-95.14,-95.48,-75.49,O:SPY260310C00684000,O:SPY260310P00670000,True,09:30
SPY,2026-03-10,Mar,leg,60,09:43,09:30-10:30,372,CALL,-1.9,-62.5,58.7,0.16,0.74,True,-954.89,-1423.64,-1434.62,-779.89,-95.49,-94.91,-95.64,-77.99,O:SPY260310C00684000,O:SPY260310P00670000,True,09:30
IWM,2026-03-10,Mar,combined,20,09:51,09:30-10:30,364,PUT,-20.56,-6.12,-35.0,0.27,0.47,True,-987.5,-1468.98,-1487.5,-205.61,-98.75,-97.93,-99.17,-20.56,O:IWM260310C00256000,O:IWM260310P00250000,True,09:31
IWM,2026-03-10,Mar,combined,30,10:27,09:30-10:30,328,PUT,-35.1,-10.2,-60.0,0.17,0.45,True,-987.5,-1458.09,-1487.5,-351.02,-98.75,-97.21,-99.17,-35.1,O:IWM260310C00256000,O:IWM260310P00250000,True,09:31
IWM,2026-03-10,Mar,combined,40,14:09,13:30-15:55,106,PUT,-40.82,18.37,-100.0,0.01,0.6,False,-987.5,,,-408.16,-98.75,,,-40.82,O:IWM260310C00256000,O:IWM260310P00250000,True,09:31
IWM,2026-03-10,Mar,combined,50,14:14,13:30-15:55,101,PUT,-56.99,-48.98,-65.0,0.15,0.27,True,-987.5,-1454.17,-1487.5,-569.9,-98.75,-96.94,-99.17,-56.99,O:IWM260310C00256000,O:IWM260310P00250000,True,09:31
IWM,2026-03-10,Mar,combined,60,14:15,13:30-15:55,100,PUT,-60.08,-32.65,-87.5,0.07,0.35,True,-987.5,-1416.07,-1487.5,-600.77,-98.75,-94.4,-99.17,-60.08,O:IWM260310C00256000,O:IWM260310P00250000,True,09:31
IWM,2026-03-10,Mar,leg,20,09:35,09:30-10:30,380,CALL,-8.49,-24.49,7.5,0.38,0.44,True,-987.5,-1487.5,-1476.14,-609.95,-98.75,-99.17,-98.41,-60.99,O:IWM260310C00256000,O:IWM260310P00250000,True,09:31
IWM,2026-03-10,Mar,leg,30,09:37,09:30-10:30,378,CALL,-5.87,-36.73,25.0,0.32,0.51,True,-987.5,-1487.5,-1477.7,-671.17,-98.75,-99.17,-98.51,-67.12,O:IWM260310C00256000,O:IWM260310P00250000,True,09:31
IWM,2026-03-10,Mar,leg,40,09:42,09:30-10:30,373,CALL,-7.22,-46.94,32.5,0.27,0.54,True,-987.5,-1487.5,-1478.24,-722.19,-98.75,-99.17,-98.55,-72.22,O:IWM260310C00256000,O:IWM260310P00250000,True,09:31
IWM,2026-03-10,Mar,leg,50,09:43,09:30-10:30,372,CALL,-6.3,-55.1,42.5,0.23,0.58,True,-987.5,-1487.5,-1478.88,-763.01,-98.75,-99.17,-98.59,-76.3,O:IWM260310C00256000,O:IWM260310P00250000,True,09:31
IWM,2026-03-10,Mar,leg,60,10:22,09:30-10:30,333,PUT,-24.9,10.2,-60.0,0.17,0.55,True,-987.5,-1458.09,-1487.5,-800.0,-98.75,-97.21,-99.17,-80.0,O:IWM260310C00256000,O:IWM260310P00250000,True,09:31
QQQ,2026-03-11,Mié,combined,20,09:36,09:30-10:30,379,PUT,-22.88,-22.22,-23.53,0.4,0.29,True,-1000.0,-1500.0,-1500.0,-228.76,-100.0,-100.0,-100.0,-22.88,O:QQQ260311C00616000,O:QQQ260311P00602000,True,09:30
QQQ,2026-03-11,Mié,combined,30,10:08,09:30-10:30,347,PUT,-30.47,-13.89,-47.06,0.28,0.32,True,-1000.0,-1500.0,-1500.0,-304.74,-100.0,-100.0,-100.0,-30.47,O:QQQ260311C00616000,O:QQQ260311P00602000,True,09:30
QQQ,2026-03-11,Mié,combined,40,10:40,10:30-12:00,315,CALL,-40.52,-55.56,-25.49,0.17,0.39,True,-1000.0,-1500.0,-1500.0,-405.23,-100.0,-100.0,-100.0,-40.52,O:QQQ260311C00616000,O:QQQ260311P00602000,True,09:30
QQQ,2026-03-11,Mié,combined,50,10:49,10:30-12:00,306,CALL,-52.29,-55.56,-49.02,0.17,0.27,True,-1000.0,-1500.0,-1500.0,-522.88,-100.0,-100.0,-100.0,-52.29,O:QQQ260311C00616000,O:QQQ260311P00602000,True,09:30
QQQ,2026-03-11,Mié,combined,60,11:00,10:30-12:00,295,PUT,-60.13,-55.56,-64.71,0.19,0.17,True,-1000.0,-1500.0,-1500.0,-601.31,-100.0,-100.0,-100.0,-60.13,O:QQQ260311C00616000,O:QQQ260311P00602000,True,09:30
QQQ,2026-03-11,Mié,leg,20,09:31,09:30-10:30,384,CALL,-17.4,-25.0,-9.8,0.28,0.47,True,-1000.0,-1500.0,-1500.0,-625.0,-100.0,-100.0,-100.0,-62.5,O:QQQ260311C00616000,O:QQQ260311P00602000,True,09:30
QQQ,2026-03-11,Mié,leg,30,09:37,09:30-10:30,378,PUT,-19.44,-5.56,-33.33,0.35,0.35,True,-1000.0,-1500.0,-1500.0,-666.67,-100.0,-100.0,-100.0,-66.67,O:QQQ260311C00616000,O:QQQ260311P00602000,True,09:30
QQQ,2026-03-11,Mié,leg,40,09:41,09:30-10:30,374,PUT,-24.35,-5.56,-43.14,0.3,0.35,True,-1000.0,-1500.0,-1500.0,-715.69,-100.0,-100.0,-100.0,-71.57,O:QQQ260311C00616000,O:QQQ260311P00602000,True,09:30
QQQ,2026-03-11,Mié,leg,50,10:00,09:30-10:30,355,PUT,7.52,77.78,-62.75,0.21,0.66,True,-1000.0,-1500.0,-1500.0,-813.73,-100.0,-100.0,-100.0,-81.37,O:QQQ260311C00616000,O:QQQ260311P00602000,True,09:30
QQQ,2026-03-11,Mié,leg,60,10:00,09:30-10:30,355,PUT,7.52,77.78,-62.75,0.21,0.66,True,-1000.0,-1500.0,-1500.0,-813.73,-100.0,-100.0,-100.0,-81.37,O:QQQ260311C00616000,O:QQQ260311P00602000,True,09:30
SPY,2026-03-11,Mié,combined,20,09:36,09:30-10:30,379,CALL,-20.46,-23.53,-17.39,0.27,0.39,True,-989.13,-1489.13,-1476.31,-204.6,-98.91,-99.28,-98.42,-20.46,O:SPY260311C00684000,O:SPY260311P00670000,True,09:30
SPY,2026-03-11,Mié,combined,30,10:11,09:30-10:30,344,CALL,-30.31,-32.35,-28.26,0.24,0.34,True,-989.13,-1489.13,-1474.42,-303.07,-98.91,-99.28,-98.29,-30.31,O:SPY260311C00684000,O:SPY260311P00670000,True,09:30
SPY,2026-03-11,Mié,combined,40,10:38,10:30-12:00,317,CALL,-40.6,-52.94,-28.26,0.17,0.34,True,-989.13,-1489.13,-1474.42,-406.01,-98.91,-99.28,-98.29,-40.6,O:SPY260311C00684000,O:SPY260311P00670000,True,09:30
SPY,2026-03-11,Mié,combined,50,10:49,10:30-12:00,306,CALL,-50.0,-50.0,-50.0,0.18,0.24,True,-989.13,-1489.13,-1468.3,-500.0,-98.91,-99.28,-97.89,-50.0,O:SPY260311C00684000,O:SPY260311P00670000,True,09:30
SPY,2026-03-11,Mié,combined,60,11:04,10:30-12:00,291,CALL,-61.32,-61.76,-60.87,0.14,0.19,True,-989.13,-1489.13,-1462.81,-613.17,-98.91,-99.28,-97.52,-61.32,O:SPY260311C00684000,O:SPY260311P00670000,True,09:30
SPY,2026-03-11,Mié,leg,20,09:35,09:30-10:30,380,CALL,-16.82,-20.59,-13.04,0.28,0.41,True,-989.13,-1489.13,-1476.94,-592.07,-98.91,-99.28,-98.46,-59.21,O:SPY260311C00684000,O:SPY260311P00670000,True,09:30
SPY,2026-03-11,Mié,leg,30,09:40,09:30-10:30,375,PUT,-22.19,-11.76,-32.61,0.32,0.31,True,-989.13,-1473.51,-1489.13,-663.04,-98.91,-98.23,-99.28,-66.3,O:SPY260311C00684000,O:SPY260311P00670000,True,09:30
SPY,2026-03-11,Mié,leg,40,09:48,09:30-10:30,367,CALL,-10.81,-41.18,19.57,0.21,0.56,True,-989.13,-1489.13,-1480.2,-695.01,-98.91,-99.28,-98.68,-69.5,O:SPY260311C00684000,O:SPY260311P00670000,True,09:30
SPY,2026-03-11,Mié,leg,50,10:00,09:30-10:30,355,PUT,0.38,52.94,-52.17,0.23,0.54,True,-989.13,-1467.39,-1489.13,-760.87,-98.91,-97.83,-99.28,-76.09,O:SPY260311C00684000,O:SPY260311P00670000,True,09:30
SPY,2026-03-11,Mié,leg,60,10:34,10:30-12:00,321,CALL,-18.93,-61.76,23.91,0.14,0.58,True,-989.13,-1489.13,-1480.51,-797.95,-98.91,-99.28,-98.7,-79.8,O:SPY260311C00684000,O:SPY260311P00670000,True,09:30
IWM,2026-03-11,Mié,combined,20,09:31,09:30-10:30,384,PUT,-29.4,-26.67,-32.14,0.39,0.46,True,-1000.0,-1500.0,-1500.0,-294.05,-100.0,-100.0,-100.0,-29.4,O:IWM260311C00255000,O:IWM260311P00249000,True,09:31
IWM,2026-03-11,Mié,combined,30,09:32,09:30-10:30,383,PUT,-30.48,-21.67,-39.29,0.35,0.48,True,-1000.0,-1500.0,-1500.0,-304.76,-100.0,-100.0,-100.0,-30.48,O:IWM260311C00255000,O:IWM260311P00249000,True,09:31
IWM,2026-03-11,Mié,combined,40,10:10,09:30-10:30,345,PUT,-40.71,-35.0,-46.43,0.31,0.4,True,-1000.0,-1500.0,-1500.0,-407.14,-100.0,-100.0,-100.0,-40.71,O:IWM260311C00255000,O:IWM260311P00249000,True,09:31
IWM,2026-03-11,Mié,combined,50,10:32,10:30-12:00,323,PUT,-52.98,-41.67,-64.29,0.22,0.36,True,-1000.0,-1500.0,-1500.0,-529.76,-100.0,-100.0,-100.0,-52.98,O:IWM260311C00255000,O:IWM260311P00249000,True,09:31
IWM,2026-03-11,Mié,combined,60,11:14,10:30-12:00,281,CALL,-62.02,-63.33,-60.71,0.23,0.23,True,-1000.0,-1500.0,-1500.0,-620.24,-100.0,-100.0,-100.0,-62.02,O:IWM260311C00255000,O:IWM260311P00249000,True,09:31
IWM,2026-03-11,Mié,leg,20,09:31,09:30-10:30,384,PUT,-29.4,-26.67,-32.14,0.39,0.46,True,-1000.0,-1500.0,-1500.0,-660.71,-100.0,-100.0,-100.0,-66.07,O:IWM260311C00255000,O:IWM260311P00249000,True,09:31
IWM,2026-03-11,Mié,leg,30,09:31,09:30-10:30,384,PUT,-29.4,-26.67,-32.14,0.39,0.46,True,-1000.0,-1500.0,-1500.0,-660.71,-100.0,-100.0,-100.0,-66.07,O:IWM260311C00255000,O:IWM260311P00249000,True,09:31
IWM,2026-03-11,Mié,leg,40,09:33,09:30-10:30,382,CALL,-32.5,-40.0,-25.0,0.37,0.43,True,-1000.0,-1500.0,-1500.0,-700.0,-100.0,-100.0,-100.0,-70.0,O:IWM260311C00255000,O:IWM260311P00249000,True,09:31
IWM,2026-03-11,Mié,leg,50,09:35,09:30-10:30,380,CALL,-28.39,-55.0,-1.79,0.28,0.56,True,-1000.0,-1500.0,-1500.0,-775.0,-100.0,-100.0,-100.0,-77.5,O:IWM260311C00255000,O:IWM260311P00249000,True,09:31
IWM,2026-03-11,Mié,leg,60,09:42,09:30-10:30,373,CALL,-29.94,-61.67,1.79,0.24,0.58,True,-1000.0,-1500.0,-1500.0,-808.33,-100.0,-100.0,-100.0,-80.83,O:IWM260311C00255000,O:IWM260311P00249000,True,09:31
QQQ,2026-03-12,Jue,combined,20,10:12,09:30-10:30,343,CALL,-22.22,-58.33,13.89,0.16,0.42,True,-986.11,-1486.11,-1474.21,-222.22,-98.61,-99.07,-98.28,-22.22,O:QQQ260312C00610000,O:QQQ260312P00595000,True,09:30
QQQ,2026-03-12,Jue,combined,30,11:41,10:30-12:00,254,CALL,-37.5,-77.78,2.78,0.09,0.39,True,-986.11,-1486.11,-1473.29,-375.0,-98.61,-99.07,-98.22,-37.5,O:QQQ260312C00610000,O:QQQ260312P00595000,True,09:30
QQQ,2026-03-12,Jue,combined,40,11:42,10:30-12:00,253,CALL,-41.67,-80.56,-2.78,0.08,0.36,True,-986.11,-1486.11,-1472.22,-416.67,-98.61,-99.07,-98.15,-41.67,O:QQQ260312C00610000,O:QQQ260312P00595000,True,09:30
QQQ,2026-03-12,Jue,combined,50,12:03,12:00-13:30,232,CALL,-51.39,-80.56,-22.22,0.08,0.29,True,-986.11,-1486.11,-1468.87,-513.89,-98.61,-99.07,-97.92,-51.39,O:QQQ260312C00610000,O:QQQ260312P00595000,True,09:30
QQQ,2026-03-12,Jue,combined,60,12:22,12:00-13:30,213,CALL,-61.11,-83.33,-38.89,0.07,0.23,True,-986.11,-1486.11,-1464.37,-611.11,-98.61,-99.07,-97.62,-61.11,O:QQQ260312C00610000,O:QQQ260312P00595000,True,09:30
QQQ,2026-03-12,Jue,leg,20,09:31,09:30-10:30,384,CALL,16.67,-27.78,61.11,0.27,0.59,True,-986.11,-1486.11,-1477.64,-625.0,-98.61,-99.07,-98.51,-62.5,O:QQQ260312C00610000,O:QQQ260312P00595000,True,09:30
QQQ,2026-03-12,Jue,leg,30,09:43,09:30-10:30,372,CALL,-12.5,-33.33,8.33,0.25,0.4,True,-986.11,-1486.11,-1473.61,-652.78,-98.61,-99.07,-98.24,-65.28,O:QQQ260312C00610000,O:QQQ260312P00595000,True,09:30
QQQ,2026-03-12,Jue,leg,40,09:45,09:30-10:30,370,CALL,0.0,-44.44,44.44,0.21,0.53,True,-986.11,-1486.11,-1476.68,-708.33,-98.61,-99.07,-98.45,-70.83,O:QQQ260312C00610000,O:QQQ260312P00595000,True,09:30
QQQ,2026-03-12,Jue,leg,50,09:46,09:30-10:30,369,CALL,9.72,-52.78,72.22,0.18,0.63,True,-986.11,-1486.11,-1478.17,-750.0,-98.61,-99.07,-98.54,-75.0,O:QQQ260312C00610000,O:QQQ260312P00595000,True,09:30
QQQ,2026-03-12,Jue,leg,60,09:53,09:30-10:30,362,CALL,29.17,-61.11,119.44,0.15,0.8,True,-986.11,-1486.11,-1479.86,-791.67,-98.61,-99.07,-98.66,-79.17,O:QQQ260312C00610000,O:QQQ260312P00595000,True,09:30
SPY,2026-03-12,Jue,combined,20,10:25,09:30-10:30,330,CALL,-20.16,-50.0,9.68,0.23,0.35,True,-983.87,-1483.87,-1469.59,-201.61,-98.39,-98.92,-97.97,-20.16,O:SPY260312C00677000,O:SPY260312P00662000,True,09:30
SPY,2026-03-12,Jue,combined,30,10:46,10:30-12:00,309,CALL,-30.61,-38.64,-22.58,0.28,0.25,True,-983.87,-1483.87,-1463.87,-306.09,-98.39,-98.92,-97.59,-30.61,O:SPY260312C00677000,O:SPY260312P00662000,True,09:30
SPY,2026-03-12,Jue,combined,40,11:43,10:30-12:00,252,CALL,-45.67,-59.09,-32.26,0.19,0.22,True,-983.87,-1483.87,-1461.14,-456.74,-98.39,-98.92,-97.41,-45.67,O:SPY260312C00677000,O:SPY260312P00662000,True,09:30
SPY,2026-03-12,Jue,combined,50,11:53,10:30-12:00,242,CALL,-50.22,-68.18,-32.26,0.15,0.22,True,-983.87,-1483.87,-1461.14,-502.2,-98.39,-98.92,-97.41,-50.22,O:SPY260312C00677000,O:SPY260312P00662000,True,09:30
SPY,2026-03-12,Jue,combined,60,12:05,12:00-13:30,230,CALL,-61.51,-68.18,-54.84,0.15,0.15,True,-983.87,-1483.87,-1450.54,-615.1,-98.39,-98.92,-96.7,-61.51,O:SPY260312C00677000,O:SPY260312P00662000,True,09:30
SPY,2026-03-12,Jue,leg,20,09:31,09:30-10:30,384,CALL,23.64,-20.45,67.74,0.36,0.53,True,-983.87,-1483.87,-1474.44,-586.14,-98.39,-98.92,-98.3,-58.61,O:SPY260312C00677000,O:SPY260312P00662000,True,09:30
SPY,2026-03-12,Jue,leg,30,09:46,09:30-10:30,369,CALL,16.35,-31.82,64.52,0.31,0.52,True,-983.87,-1483.87,-1474.26,-642.96,-98.39,-98.92,-98.28,-64.3,O:SPY260312C00677000,O:SPY260312P00662000,True,09:30
SPY,2026-03-12,Jue,leg,40,09:55,09:30-10:30,360,CALL,31.16,-40.91,103.23,0.27,0.64,True,-983.87,-1483.87,-1476.06,-688.42,-98.39,-98.92,-98.4,-68.84,O:SPY260312C00677000,O:SPY260312P00662000,True,09:30
SPY,2026-03-12,Jue,leg,50,10:19,09:30-10:30,336,CALL,-15.32,-50.0,19.35,0.23,0.38,True,-983.87,-1483.87,-1470.71,-733.87,-98.39,-98.92,-98.05,-73.39,O:SPY260312C00677000,O:SPY260312P00662000,True,09:30
SPY,2026-03-12,Jue,leg,60,10:29,09:30-10:30,326,CALL,5.28,-63.64,74.19,0.17,0.55,True,-983.87,-1483.87,-1474.78,-802.05,-98.39,-98.92,-98.32,-80.21,O:SPY260312C00677000,O:SPY260312P00662000,True,09:30
IWM,2026-03-12,Jue,combined,20,09:41,09:30-10:30,374,PUT,-20.76,11.11,-52.63,0.19,0.61,True,-1000.0,-1500.0,-1500.0,-207.6,-100.0,-100.0,-100.0,-20.76,O:IWM260312C00251000,O:IWM260312P00244000,True,09:30
IWM,2026-03-12,Jue,combined,30,10:05,09:30-10:30,350,PUT,-31.19,-1.85,-60.53,0.16,0.54,True,-1000.0,-1500.0,-1500.0,-311.89,-100.0,-100.0,-100.0,-31.19,O:IWM260312C00251000,O:IWM260312P00244000,True,09:30
IWM,2026-03-12,Jue,combined,40,10:29,09:30-10:30,326,CALL,-41.33,-53.7,-28.95,0.26,0.28,True,-1000.0,-1500.0,-1500.0,-413.26,-100.0,-100.0,-100.0,-41.33,O:IWM260312C00251000,O:IWM260312P00244000,True,09:30
IWM,2026-03-12,Jue,combined,50,10:44,10:30-12:00,311,CALL,-50.0,-50.0,-50.0,0.28,0.2,True,-1000.0,-1500.0,-1500.0,-500.0,-100.0,-100.0,-100.0,-50.0,O:IWM260312C00251000,O:IWM260312P00244000,True,09:30
IWM,2026-03-12,Jue,combined,60,11:24,10:30-12:00,271,CALL,-60.19,-70.37,-50.0,0.17,0.2,True,-1000.0,-1500.0,-1500.0,-601.85,-100.0,-100.0,-100.0,-60.19,O:IWM260312C00251000,O:IWM260312P00244000,True,09:30
IWM,2026-03-12,Jue,leg,20,09:31,09:30-10:30,384,CALL,-0.97,-20.37,18.42,0.44,0.46,True,-1000.0,-1500.0,-1500.0,-601.85,-100.0,-100.0,-100.0,-60.19,O:IWM260312C00251000,O:IWM260312P00244000,True,09:30
IWM,2026-03-12,Jue,leg,30,09:37,09:30-10:30,378,PUT,-15.64,5.56,-36.84,0.25,0.58,True,-1000.0,-1500.0,-1500.0,-684.21,-100.0,-100.0,-100.0,-68.42,O:IWM260312C00251000,O:IWM260312P00244000,True,09:30
IWM,2026-03-12,Jue,leg,40,09:38,09:30-10:30,377,PUT,-17.98,16.67,-52.63,0.19,0.64,True,-1000.0,-1500.0,-1500.0,-763.16,-100.0,-100.0,-100.0,-76.32,O:IWM260312C00251000,O:IWM260312P00244000,True,09:30
IWM,2026-03-12,Jue,leg,50,09:38,09:30-10:30,377,PUT,-17.98,16.67,-52.63,0.19,0.64,True,-1000.0,-1500.0,-1500.0,-763.16,-100.0,-100.0,-100.0,-76.32,O:IWM260312C00251000,O:IWM260312P00244000,True,09:30
IWM,2026-03-12,Jue,leg,60,09:40,09:30-10:30,375,PUT,-13.6,33.33,-60.53,0.16,0.74,True,-1000.0,-1500.0,-1500.0,-802.63,-100.0,-100.0,-100.0,-80.26,O:IWM260312C00251000,O:IWM260312P00244000,True,09:30
QQQ,2026-03-13,Vie,combined,20,10:08,09:30-10:30,347,PUT,-21.0,1.75,-43.75,0.28,0.59,True,-958.33,-1386.9,-1458.33,-209.98,-95.83,-92.46,-97.22,-21.0,O:QQQ260313C00605000,O:QQQ260313P00592000,True,09:30
QQQ,2026-03-13,Vie,combined,30,10:22,09:30-10:30,333,PUT,-32.4,-21.05,-43.75,0.28,0.46,True,-958.33,-1386.9,-1458.33,-324.01,-95.83,-92.46,-97.22,-32.4,O:QQQ260313C00605000,O:QQQ260313P00592000,True,09:30
QQQ,2026-03-13,Vie,combined,40,10:34,10:30-12:00,321,PUT,-41.28,-26.32,-56.25,0.22,0.43,True,-958.33,-1367.42,-1458.33,-412.83,-95.83,-91.16,-97.22,-41.28,O:QQQ260313C00605000,O:QQQ260313P00592000,True,09:30
QQQ,2026-03-13,Vie,combined,50,13:14,12:00-13:30,161,CALL,-53.62,-94.74,-12.5,0.04,0.43,True,-958.33,-1458.33,-1411.82,-536.18,-95.83,-97.22,-94.12,-53.62,O:QQQ260313C00605000,O:QQQ260313P00592000,True,09:30
QQQ,2026-03-13,Vie,combined,60,14:30,13:30-15:55,85,CALL,-65.79,-98.25,-33.33,0.02,0.33,True,-958.33,-1458.33,-1397.73,-657.89,-95.83,-97.22,-93.18,-65.79,O:QQQ260313C00605000,O:QQQ260313P00592000,True,09:30
QQQ,2026-03-13,Vie,leg,20,09:38,09:30-10:30,377,PUT,-7.07,8.77,-22.92,0.38,0.63,True,-958.33,-1405.7,-1458.33,-614.58,-95.83,-93.71,-97.22,-61.46,O:QQQ260313C00605000,O:QQQ260313P00592000,True,09:30
QQQ,2026-03-13,Vie,leg,30,09:41,09:30-10:30,374,PUT,-5.26,22.81,-33.33,0.33,0.71,True,-958.33,-1397.73,-1458.33,-666.67,-95.83,-93.18,-97.22,-66.67,O:QQQ260313C00605000,O:QQQ260313P00592000,True,09:30
QQQ,2026-03-13,Vie,leg,40,09:42,09:30-10:30,373,PUT,1.81,47.37,-43.75,0.28,0.85,True,-958.33,-1386.9,-1458.33,-718.75,-95.83,-92.46,-97.22,-71.88,O:QQQ260313C00605000,O:QQQ260313P00592000,True,09:30
QQQ,2026-03-13,Vie,leg,50,09:43,09:30-10:30,372,PUT,12.72,75.44,-50.0,0.25,1.01,True,-958.33,-1378.33,-1458.33,-750.0,-95.83,-91.89,-97.22,-75.0,O:QQQ260313C00605000,O:QQQ260313P00592000,True,09:30
QQQ,2026-03-13,Vie,leg,60,09:45,09:30-10:30,370,PUT,29.28,121.05,-62.5,0.19,1.27,True,-958.33,-1353.07,-1458.33,-812.5,-95.83,-90.2,-97.22,-81.25,O:QQQ260313C00605000,O:QQQ260313P00592000,True,09:30
SPY,2026-03-13,Vie,combined,20,09:31,09:30-10:30,384,CALL,-24.21,-42.42,-6.0,0.2,0.48,True,-740.0,-1240.0,-969.17,-242.12,-74.0,-82.67,-64.61,-24.21,O:SPY260313C00678000,O:SPY260313P00662000,True,09:30
SPY,2026-03-13,Vie,combined,30,09:34,09:30-10:30,381,CALL,-34.27,-54.55,-14.0,0.16,0.44,True,-740.0,-1240.0,-944.55,-342.73,-74.0,-82.67,-62.97,-34.27,O:SPY260313C00678000,O:SPY260313P00662000,True,09:30
SPY,2026-03-13,Vie,combined,40,09:48,09:30-10:30,367,PUT,-41.18,-36.36,-46.0,0.28,0.22,True,-740.0,-775.71,-1240.0,-411.82,-74.0,-51.71,-82.67,-41.18,O:SPY260313C00678000,O:SPY260313P00662000,True,09:30
SPY,2026-03-13,Vie,combined,50,10:30,10:30-12:00,325,CALL,-56.88,-75.76,-38.0,0.09,0.32,True,-740.0,-1240.0,-833.75,-568.79,-74.0,-82.67,-55.58,-56.88,O:SPY260313C00678000,O:SPY260313P00662000,True,09:30
SPY,2026-03-13,Vie,combined,60,10:32,10:30-12:00,323,CALL,-62.36,-72.73,-52.0,0.1,0.25,True,-740.0,-1240.0,-720.0,-623.64,-74.0,-82.67,-48.0,-62.36,O:SPY260313C00678000,O:SPY260313P00662000,True,09:30
SPY,2026-03-13,Vie,leg,20,09:30,09:30-10:30,385,CALL,-17.67,-33.33,-2.0,0.23,0.5,True,-740.0,-1240.0,-980.0,-406.67,-74.0,-82.67,-65.33,-40.67,O:SPY260313C00678000,O:SPY260313P00662000,True,09:30
SPY,2026-03-13,Vie,leg,30,09:30,09:30-10:30,385,CALL,-17.67,-33.33,-2.0,0.23,0.5,True,-740.0,-1240.0,-980.0,-406.67,-74.0,-82.67,-65.33,-40.67,O:SPY260313C00678000,O:SPY260313P00662000,True,09:30
SPY,2026-03-13,Vie,leg,40,09:31,09:30-10:30,384,CALL,-24.21,-42.42,-6.0,0.2,0.48,True,-740.0,-1240.0,-969.17,-452.12,-74.0,-82.67,-64.61,-45.21,O:SPY260313C00678000,O:SPY260313P00662000,True,09:30
SPY,2026-03-13,Vie,leg,50,09:33,09:30-10:30,382,CALL,-28.76,-51.52,-6.0,0.17,0.48,True,-740.0,-1240.0,-969.17,-497.58,-74.0,-82.67,-64.61,-49.76,O:SPY260313C00678000,O:SPY260313P00662000,True,09:30
SPY,2026-03-13,Vie,leg,60,09:36,09:30-10:30,379,CALL,-29.3,-60.61,2.0,0.14,0.52,True,-740.0,-1240.0,-990.0,-543.03,-74.0,-82.67,-66.0,-54.3,O:SPY260313C00678000,O:SPY260313P00662000,True,09:30
IWM,2026-03-13,Vie,combined,20,10:04,09:30-10:30,351,CALL,-21.42,-46.3,3.45,0.3,0.61,True,-465.52,-965.52,-457.32,-214.24,-46.55,-64.37,-30.49,-21.42,O:IWM260313C00252000,O:IWM260313P00247000,True,09:30
IWM,2026-03-13,Vie,combined,30,10:30,10:30-12:00,325,CALL,-31.42,-61.11,-1.72,0.22,0.58,True,-465.52,-965.52,-431.03,-314.18,-46.55,-64.37,-28.74,-31.42,O:IWM260313C00252000,O:IWM260313P00247000,True,09:30
IWM,2026-03-13,Vie,combined,40,10:32,10:30-12:00,323,CALL,-42.37,-53.7,-31.03,0.26,0.41,True,-465.52,-965.52,-209.42,-423.69,-46.55,-64.37,-13.96,-42.37,O:IWM260313C00252000,O:IWM260313P00247000,True,09:30
IWM,2026-03-13,Vie,combined,50,14:49,13:30-15:55,66,CALL,-50.0,-100.0,0.0,0.01,0.59,False,-465.52,,,-500.0,-46.55,,,-50.0,O:IWM260313C00252000,O:IWM260313P00247000,True,09:30
IWM,2026-03-13,Vie,leg,20,09:38,09:30-10:30,377,PUT,-1.82,22.22,-25.86,0.45,0.67,True,-465.52,-276.63,-965.52,-629.31,-46.55,-18.44,-64.37,-62.93,O:IWM260313C00252000,O:IWM260313P00247000,True,09:30
IWM,2026-03-13,Vie,leg,30,09:43,09:30-10:30,372,PUT,-2.55,25.93,-31.03,0.41,0.69,True,-465.52,-209.42,-965.52,-655.17,-46.55,-13.96,-64.37,-65.52,O:IWM260313C00252000,O:IWM260313P00247000,True,09:30
IWM,2026-03-13,Vie,leg,40,09:44,09:30-10:30,371,PUT,-4.89,33.33,-43.1,0.34,0.73,True,-465.52,-53.75,-965.52,-715.52,-46.55,-3.58,-64.37,-71.55,O:IWM260313C00252000,O:IWM260313P00247000,True,09:30
IWM,2026-03-13,Vie,leg,50,10:02,09:30-10:30,353,CALL,-12.2,-53.7,29.31,0.26,0.76,True,-465.52,-965.52,-557.62,-234.04,-46.55,-64.37,-37.17,-23.4,O:IWM260313C00252000,O:IWM260313P00247000,True,09:30
IWM,2026-03-13,Vie,leg,60,10:08,09:30-10:30,347,CALL,-13.31,-61.11,34.48,0.22,0.79,True,-465.52,-965.52,-573.11,-271.07,-46.55,-64.37,-38.21,-27.11,O:IWM260313C00252000,O:IWM260313P00247000,True,09:30
QQQ,2026-03-16,Lun,combined,20,10:30,10:30-12:00,325,PUT,-22.5,15.0,-60.0,0.21,0.47,True,-1000.0,-1500.0,-1500.0,-225.0,-100.0,-100.0,-100.0,-22.5,O:QQQ260316C00604000,O:QQQ260316P00592000,True,09:30
QQQ,2026-03-16,Lun,combined,30,10:38,10:30-12:00,317,PUT,-34.25,-22.5,-46.0,0.28,0.32,True,-1000.0,-1500.0,-1500.0,-342.5,-100.0,-100.0,-100.0,-34.25,O:QQQ260316C00604000,O:QQQ260316P00592000,True,09:30
QQQ,2026-03-16,Lun,combined,40,10:42,10:30-12:00,313,PUT,-40.75,-27.5,-54.0,0.24,0.3,True,-1000.0,-1500.0,-1500.0,-407.5,-100.0,-100.0,-100.0,-40.75,O:QQQ260316C00604000,O:QQQ260316P00592000,True,09:30
QQQ,2026-03-16,Lun,combined,50,11:03,10:30-12:00,292,PUT,-50.25,-32.5,-68.0,0.17,0.28,True,-1000.0,-1500.0,-1500.0,-502.5,-100.0,-100.0,-100.0,-50.25,O:QQQ260316C00604000,O:QQQ260316P00592000,True,09:30
QQQ,2026-03-16,Lun,combined,60,11:57,10:30-12:00,238,PUT,-61.5,-45.0,-78.0,0.12,0.23,True,-1000.0,-1500.0,-1500.0,-615.0,-100.0,-100.0,-100.0,-61.5,O:QQQ260316C00604000,O:QQQ260316P00592000,True,09:30
QQQ,2026-03-16,Lun,leg,20,09:31,09:30-10:30,384,PUT,19.0,70.0,-32.0,0.35,0.69,True,-1000.0,-1500.0,-1500.0,-660.0,-100.0,-100.0,-100.0,-66.0,O:QQQ260316C00604000,O:QQQ260316P00592000,True,09:30
QQQ,2026-03-16,Lun,leg,30,09:31,09:30-10:30,384,PUT,19.0,70.0,-32.0,0.35,0.69,True,-1000.0,-1500.0,-1500.0,-660.0,-100.0,-100.0,-100.0,-66.0,O:QQQ260316C00604000,O:QQQ260316P00592000,True,09:30
QQQ,2026-03-16,Lun,leg,40,09:32,09:30-10:30,383,PUT,19.5,85.0,-46.0,0.28,0.75,True,-1000.0,-1500.0,-1500.0,-730.0,-100.0,-100.0,-100.0,-73.0,O:QQQ260316C00604000,O:QQQ260316P00592000,True,09:30
QQQ,2026-03-16,Lun,leg,50,09:33,09:30-10:30,382,PUT,27.75,107.5,-52.0,0.25,0.84,True,-1000.0,-1500.0,-1500.0,-760.0,-100.0,-100.0,-100.0,-76.0,O:QQQ260316C00604000,O:QQQ260316P00592000,True,09:30
QQQ,2026-03-16,Lun,leg,60,09:45,09:30-10:30,370,PUT,7.75,77.5,-62.0,0.2,0.72,True,-1000.0,-1500.0,-1500.0,-810.0,-100.0,-100.0,-100.0,-81.0,O:QQQ260316C00604000,O:QQQ260316P00592000,True,09:30
SPY,2026-03-16,Lun,combined,20,09:34,09:30-10:30,381,PUT,-21.12,-12.24,-30.0,0.36,0.44,True,-990.0,-1476.11,-1490.0,-211.22,-99.0,-98.41,-99.33,-21.12,O:SPY260316C00673000,O:SPY260316P00660000,True,09:31
SPY,2026-03-16,Lun,combined,30,10:30,10:30-12:00,325,PUT,-35.04,-4.08,-66.0,0.18,0.48,True,-990.0,-1462.22,-1490.0,-350.41,-99.0,-97.48,-99.33,-35.04,O:SPY260316C00673000,O:SPY260316P00660000,True,09:31
SPY,2026-03-16,Lun,combined,40,10:33,10:30-12:00,322,PUT,-40.16,-16.33,-64.0,0.19,0.42,True,-990.0,-1463.68,-1490.0,-401.63,-99.0,-97.58,-99.33,-40.16,O:SPY260316C00673000,O:SPY260316P00660000,True,09:31
SPY,2026-03-16,Lun,combined,50,10:40,10:30-12:00,315,PUT,-50.45,-44.9,-56.0,0.23,0.28,True,-990.0,-1468.26,-1490.0,-504.49,-99.0,-97.88,-99.33,-50.45,O:SPY260316C00673000,O:SPY260316P00660000,True,09:31
SPY,2026-03-16,Lun,combined,60,10:58,10:30-12:00,297,PUT,-61.49,-48.98,-74.0,0.14,0.26,True,-990.0,-1454.29,-1490.0,-614.9,-99.0,-96.95,-99.33,-61.49,O:SPY260316C00673000,O:SPY260316P00660000,True,09:31
SPY,2026-03-16,Lun,leg,20,09:32,09:30-10:30,383,PUT,-16.02,-2.04,-30.0,0.36,0.49,True,-990.0,-1476.11,-1490.0,-650.0,-99.0,-98.41,-99.33,-65.0,O:SPY260316C00673000,O:SPY260316P00660000,True,09:31
SPY,2026-03-16,Lun,leg,30,09:32,09:30-10:30,383,PUT,-16.02,-2.04,-30.0,0.36,0.49,True,-990.0,-1476.11,-1490.0,-650.0,-99.0,-98.41,-99.33,-65.0,O:SPY260316C00673000,O:SPY260316P00660000,True,09:31
SPY,2026-03-16,Lun,leg,40,09:36,09:30-10:30,379,PUT,-22.04,-4.08,-40.0,0.31,0.48,True,-990.0,-1473.87,-1490.0,-700.0,-99.0,-98.26,-99.33,-70.0,O:SPY260316C00673000,O:SPY260316P00660000,True,09:31
SPY,2026-03-16,Lun,leg,50,09:42,09:30-10:30,373,PUT,-20.92,8.16,-50.0,0.26,0.54,True,-990.0,-1470.77,-1490.0,-750.0,-99.0,-98.05,-99.33,-75.0,O:SPY260316C00673000,O:SPY260316P00660000,True,09:31
SPY,2026-03-16,Lun,leg,60,09:47,09:30-10:30,368,PUT,-9.59,40.82,-60.0,0.21,0.7,True,-990.0,-1466.19,-1490.0,-800.0,-99.0,-97.75,-99.33,-80.0,O:SPY260316C00673000,O:SPY260316P00660000,True,09:31
IWM,2026-03-16,Lun,combined,20,10:29,09:30-10:30,326,PUT,-23.48,4.55,-51.52,0.33,0.7,True,-992.42,-1477.27,-1492.42,-234.85,-99.24,-98.48,-99.49,-23.48,O:IWM260316C00251000,O:IWM260316P00248000,True,09:30
IWM,2026-03-16,Lun,combined,30,10:34,10:30-12:00,321,CALL,-31.82,-37.88,-25.76,0.42,0.5,True,-992.42,-1492.42,-1482.42,-318.18,-99.24,-99.49,-98.83,-31.82,O:IWM260316C00251000,O:IWM260316P00248000,True,09:30
IWM,2026-03-16,Lun,combined,40,10:53,10:30-12:00,302,PUT,-40.15,-33.33,-46.97,0.36,0.45,True,-992.42,-1478.54,-1492.42,-401.52,-99.24,-98.57,-99.49,-40.15,O:IWM260316C00251000,O:IWM260316P00248000,True,09:30
IWM,2026-03-16,Lun,combined,50,11:21,10:30-12:00,274,PUT,-50.0,-39.39,-60.61,0.27,0.41,True,-992.42,-1473.91,-1492.42,-500.0,-99.24,-98.26,-99.49,-50.0,O:IWM260316C00251000,O:IWM260316P00248000,True,09:30
IWM,2026-03-16,Lun,combined,60,11:51,10:30-12:00,244,CALL,-60.61,-66.67,-54.55,0.23,0.31,True,-992.42,-1492.42,-1476.3,-606.06,-99.24,-99.49,-98.42,-60.61,O:IWM260316C00251000,O:IWM260316P00248000,True,09:30
IWM,2026-03-16,Lun,leg,20,09:35,09:30-10:30,380,PUT,5.3,42.42,-31.82,0.46,0.95,True,-992.42,-1481.55,-1492.42,-659.09,-99.24,-98.77,-99.49,-65.91,O:IWM260316C00251000,O:IWM260316P00248000,True,09:30
IWM,2026-03-16,Lun,leg,30,09:35,09:30-10:30,380,PUT,5.3,42.42,-31.82,0.46,0.95,True,-992.42,-1481.55,-1492.42,-659.09,-99.24,-98.77,-99.49,-65.91,O:IWM260316C00251000,O:IWM260316P00248000,True,09:30
IWM,2026-03-16,Lun,leg,40,09:42,09:30-10:30,373,PUT,5.3,51.52,-40.91,0.4,1.02,True,-992.42,-1479.92,-1492.42,-704.55,-99.24,-98.66,-99.49,-70.45,O:IWM260316C00251000,O:IWM260316P00248000,True,09:30
IWM,2026-03-16,Lun,leg,50,09:44,09:30-10:30,371,PUT,6.82,63.64,-50.0,0.35,1.1,True,-992.42,-1478.14,-1492.42,-750.0,-99.24,-98.54,-99.49,-75.0,O:IWM260316C00251000,O:IWM260316P00248000,True,09:30
IWM,2026-03-16,Lun,leg,60,09:59,09:30-10:30,356,PUT,7.58,75.76,-60.61,0.27,1.18,True,-992.42,-1473.91,-1492.42,-803.03,-99.24,-98.26,-99.49,-80.3,O:IWM260316C00251000,O:IWM260316P00248000,True,09:30
QQQ,2026-03-17,Mar,combined,20,10:12,09:30-10:30,343,PUT,-21.63,9.38,-52.63,0.28,0.36,True,-1000.0,-1500.0,-1500.0,-216.28,-100.0,-100.0,-100.0,-21.63,O:QQQ260317C00607000,O:QQQ260317P00598000,True,09:30
QQQ,2026-03-17,Mar,combined,30,10:15,09:30-10:30,340,PUT,-32.57,-12.5,-52.63,0.28,0.29,True,-1000.0,-1500.0,-1500.0,-325.66,-100.0,-100.0,-100.0,-32.57,O:QQQ260317C00607000,O:QQQ260317P00598000,True,09:30
QQQ,2026-03-17,Mar,combined,40,11:03,10:30-12:00,292,PUT,-46.41,-15.62,-77.19,0.14,0.28,True,-1000.0,-1500.0,-1500.0,-464.09,-100.0,-100.0,-100.0,-46.41,O:QQQ260317C00607000,O:QQQ260317P00598000,True,09:30
QQQ,2026-03-17,Mar,combined,50,11:05,10:30-12:00,290,PUT,-51.78,-28.12,-75.44,0.15,0.24,True,-1000.0,-1500.0,-1500.0,-517.82,-100.0,-100.0,-100.0,-51.78,O:QQQ260317C00607000,O:QQQ260317P00598000,True,09:30
QQQ,2026-03-17,Mar,combined,60,11:10,10:30-12:00,285,PUT,-60.28,-46.88,-73.68,0.16,0.18,True,-1000.0,-1500.0,-1500.0,-602.8,-100.0,-100.0,-100.0,-60.28,O:QQQ260317C00607000,O:QQQ260317P00598000,True,09:30
QQQ,2026-03-17,Mar,leg,20,09:31,09:30-10:30,384,PUT,11.35,43.75,-21.05,0.47,0.48,True,-1000.0,-1500.0,-1500.0,-605.26,-100.0,-100.0,-100.0,-60.53,O:QQQ260317C00607000,O:QQQ260317P00598000,True,09:30
QQQ,2026-03-17,Mar,leg,30,09:32,09:30-10:30,383,PUT,39.58,112.5,-33.33,0.39,0.7,True,-1000.0,-1500.0,-1500.0,-666.67,-100.0,-100.0,-100.0,-66.67,O:QQQ260317C00607000,O:QQQ260317P00598000,True,09:30
QQQ,2026-03-17,Mar,leg,40,09:35,09:30-10:30,380,PUT,36.07,112.5,-40.35,0.35,0.69,True,-1000.0,-1500.0,-1500.0,-701.75,-100.0,-100.0,-100.0,-70.18,O:QQQ260317C00607000,O:QQQ260317P00598000,True,09:30
QQQ,2026-03-17,Mar,leg,50,09:43,09:30-10:30,372,PUT,24.37,103.12,-54.39,0.27,0.66,True,-1000.0,-1500.0,-1500.0,-771.93,-100.0,-100.0,-100.0,-77.19,O:QQQ260317C00607000,O:QQQ260317P00598000,True,09:30
QQQ,2026-03-17,Mar,leg,60,09:46,09:30-10:30,369,PUT,63.73,190.62,-63.16,0.22,0.94,True,-1000.0,-1500.0,-1500.0,-815.79,-100.0,-100.0,-100.0,-81.58,O:QQQ260317C00607000,O:QQQ260317P00598000,True,09:30
SPY,2026-03-17,Mar,combined,20,10:10,09:30-10:30,345,PUT,-20.94,-5.71,-36.17,0.31,0.34,True,-989.36,-1473.23,-1489.36,-209.42,-98.94,-98.22,-99.29,-20.94,O:SPY260317C00676000,O:SPY260317P00667000,True,09:30
SPY,2026-03-17,Mar,combined,30,10:12,09:30-10:30,343,PUT,-34.86,-31.43,-38.3,0.3,0.25,True,-989.36,-1472.7,-1489.36,-348.63,-98.94,-98.18,-99.29,-34.86,O:SPY260317C00676000,O:SPY260317P00667000,True,09:30
SPY,2026-03-17,Mar,combined,40,10:19,09:30-10:30,336,PUT,-41.28,-40.0,-42.55,0.28,0.22,True,-989.36,-1471.5,-1489.36,-412.77,-98.94,-98.1,-99.29,-41.28,O:SPY260317C00676000,O:SPY260317P00667000,True,09:30
SPY,2026-03-17,Mar,combined,50,10:41,10:30-12:00,314,CALL,-51.25,-51.43,-51.06,0.18,0.24,True,-989.36,-1489.36,-1468.53,-512.46,-98.94,-99.29,-97.9,-51.25,O:SPY260317C00676000,O:SPY260317P00667000,True,09:30
SPY,2026-03-17,Mar,combined,60,10:59,10:30-12:00,296,PUT,-60.12,-54.29,-65.96,0.17,0.17,True,-989.36,-1459.95,-1489.36,-601.22,-98.94,-97.33,-99.29,-60.12,O:SPY260317C00676000,O:SPY260317P00667000,True,09:30
SPY,2026-03-17,Mar,leg,20,09:32,09:30-10:30,383,PUT,39.36,100.0,-21.28,0.38,0.71,True,-989.36,-1476.2,-1489.36,-606.38,-98.94,-98.41,-99.29,-60.64,O:SPY260317C00676000,O:SPY260317P00667000,True,09:30
SPY,2026-03-17,Mar,leg,30,09:38,09:30-10:30,377,PUT,21.91,80.0,-36.17,0.31,0.64,True,-989.36,-1473.23,-1489.36,-680.85,-98.94,-98.22,-99.29,-68.09,O:SPY260317C00676000,O:SPY260317P00667000,True,09:30
SPY,2026-03-17,Mar,leg,40,09:41,09:30-10:30,374,PUT,20.88,88.57,-46.81,0.26,0.67,True,-989.36,-1470.13,-1489.36,-734.04,-98.94,-98.01,-99.29,-73.4,O:SPY260317C00676000,O:SPY260317P00667000,True,09:30
SPY,2026-03-17,Mar,leg,50,09:46,09:30-10:30,369,PUT,25.9,102.86,-51.06,0.24,0.72,True,-989.36,-1468.53,-1489.36,-755.32,-98.94,-97.9,-99.29,-75.53,O:SPY260317C00676000,O:SPY260317P00667000,True,09:30
SPY,2026-03-17,Mar,leg,60,10:35,10:30-12:00,320,PUT,-45.14,-28.57,-61.7,0.19,0.26,True,-989.36,-1463.05,-1489.36,-808.51,-98.94,-97.54,-99.29,-80.85,O:SPY260317C00676000,O:SPY260317P00667000,True,09:30
IWM,2026-03-17,Mar,combined,20,11:08,10:30-12:00,287,PUT,-20.27,18.18,-58.73,0.27,0.53,True,-992.06,-1473.54,-1492.06,-202.74,-99.21,-98.24,-99.47,-20.27,O:IWM260317C00251000,O:IWM260317P00249000,True,09:30
IWM,2026-03-17,Mar,combined,30,11:11,10:30-12:00,284,CALL,-32.92,-34.09,-31.75,0.3,0.44,True,-992.06,-1492.06,-1480.7,-329.18,-99.21,-99.47,-98.71,-32.92,O:IWM260317C00251000,O:IWM260317P00249000,True,09:30
IWM,2026-03-17,Mar,combined,40,11:45,10:30-12:00,250,CALL,-40.1,-65.91,-14.29,0.16,0.55,True,-992.06,-1492.06,-1482.97,-400.97,-99.21,-99.47,-98.86,-40.1,O:IWM260317C00251000,O:IWM260317P00249000,True,09:30
IWM,2026-03-17,Mar,combined,50,12:17,12:00-13:30,218,CALL,-52.0,-65.91,-38.1,0.16,0.4,True,-992.06,-1492.06,-1479.56,-520.02,-99.21,-99.47,-98.64,-52.0,O:IWM260317C00251000,O:IWM260317P00249000,True,09:30
IWM,2026-03-17,Mar,combined,60,12:52,12:00-13:30,183,CALL,-60.06,-77.27,-42.86,0.11,0.37,True,-992.06,-1492.06,-1478.55,-600.65,-99.21,-99.47,-98.57,-60.06,O:IWM260317C00251000,O:IWM260317P00249000,True,09:30
IWM,2026-03-17,Mar,leg,20,09:33,09:30-10:30,382,PUT,32.99,97.73,-31.75,0.44,0.88,True,-992.06,-1480.7,-1492.06,-658.73,-99.21,-98.71,-99.47,-65.87,O:IWM260317C00251000,O:IWM260317P00249000,True,09:30
IWM,2026-03-17,Mar,leg,30,09:33,09:30-10:30,382,PUT,32.99,97.73,-31.75,0.44,0.88,True,-992.06,-1480.7,-1492.06,-658.73,-99.21,-98.71,-99.47,-65.87,O:IWM260317C00251000,O:IWM260317P00249000,True,09:30
IWM,2026-03-17,Mar,leg,40,09:43,09:30-10:30,372,PUT,44.37,136.36,-47.62,0.34,1.05,True,-992.06,-1477.36,-1492.06,-738.1,-99.21,-98.49,-99.47,-73.81,O:IWM260317C00251000,O:IWM260317P00249000,True,09:30
IWM,2026-03-17,Mar,leg,50,09:53,09:30-10:30,362,PUT,49.6,150.0,-50.79,0.32,1.11,True,-992.06,-1476.44,-1492.06,-753.97,-99.21,-98.43,-99.47,-75.4,O:IWM260317C00251000,O:IWM260317P00249000,True,09:30
IWM,2026-03-17,Mar,leg,60,10:33,10:30-12:00,322,PUT,8.82,79.55,-61.9,0.25,0.8,True,-992.06,-1472.06,-1492.06,-809.52,-99.21,-98.14,-99.47,-80.95,O:IWM260317C00251000,O:IWM260317P00249000,True,09:30
QQQ,2026-03-18,Mié,combined,20,10:04,09:30-10:30,351,PUT,-21.45,-20.41,-22.5,0.32,0.4,True,-875.0,-1218.75,-1375.0,-214.54,-87.5,-81.25,-91.67,-21.45,O:QQQ260318C00607000,O:QQQ260318P00594000,True,09:30
QQQ,2026-03-18,Mié,combined,30,10:57,10:30-12:00,298,CALL,-30.15,-65.31,5.0,0.18,0.43,True,-875.0,-1375.0,-1258.72,-301.53,-87.5,-91.67,-83.91,-30.15,O:QQQ260318C00607000,O:QQQ260318P00594000,True,09:30
QQQ,2026-03-18,Mié,combined,40,11:00,10:30-12:00,295,CALL,-44.59,-59.18,-30.0,0.21,0.29,True,-875.0,-1375.0,-1202.59,-445.92,-87.5,-91.67,-80.17,-44.59,O:QQQ260318C00607000,O:QQQ260318P00594000,True,09:30
QQQ,2026-03-18,Mié,combined,50,12:13,12:00-13:30,222,CALL,-50.61,-61.22,-40.0,0.2,0.25,True,-875.0,-1375.0,-1175.0,-506.12,-87.5,-91.67,-78.33,-50.61,O:QQQ260318C00607000,O:QQQ260318P00594000,True,09:30
QQQ,2026-03-18,Mié,combined,60,13:46,13:30-15:55,129,CALL,-60.03,-77.55,-42.5,0.12,0.24,True,-875.0,-1375.0,-1166.67,-600.26,-87.5,-91.67,-77.78,-60.03,O:QQQ260318C00607000,O:QQQ260318P00594000,True,09:30
QQQ,2026-03-18,Mié,leg,20,09:40,09:30-10:30,375,PUT,2.81,30.61,-25.0,0.31,0.65,True,-875.0,-1213.71,-1375.0,-625.0,-87.5,-80.91,-91.67,-62.5,O:QQQ260318C00607000,O:QQQ260318P00594000,True,09:30
QQQ,2026-03-18,Mié,leg,30,09:46,09:30-10:30,369,PUT,-3.44,30.61,-37.5,0.26,0.65,True,-875.0,-1182.69,-1375.0,-687.5,-87.5,-78.85,-91.67,-68.75,O:QQQ260318C00607000,O:QQQ260318P00594000,True,09:30
QQQ,2026-03-18,Mié,leg,40,10:19,09:30-10:30,336,CALL,-28.7,-44.9,-12.5,0.28,0.36,True,-875.0,-1375.0,-1236.11,-599.49,-87.5,-91.67,-82.41,-59.95,O:QQQ260318C00607000,O:QQQ260318P00594000,True,09:30
QQQ,2026-03-18,Mié,leg,50,10:22,09:30-10:30,333,CALL,-28.01,-51.02,-5.0,0.25,0.39,True,-875.0,-1375.0,-1246.79,-630.1,-87.5,-91.67,-83.12,-63.01,O:QQQ260318C00607000,O:QQQ260318P00594000,True,09:30
QQQ,2026-03-18,Mié,leg,60,10:26,09:30-10:30,329,CALL,0.08,-67.35,67.5,0.17,0.69,True,-875.0,-1375.0,-1302.54,-711.73,-87.5,-91.67,-86.84,-71.17,O:QQQ260318C00607000,O:QQQ260318P00594000,True,09:30
SPY,2026-03-18,Mié,combined,20,10:00,09:30-10:30,355,PUT,-20.27,-11.36,-29.17,0.35,0.4,True,-927.08,-1327.08,-1427.08,-202.65,-92.71,-88.47,-95.14,-20.27,O:SPY260318C00674000,O:SPY260318P00661000,True,09:30
SPY,2026-03-18,Mié,combined,30,10:33,10:30-12:00,322,CALL,-30.59,-59.09,-2.08,0.19,0.48,True,-927.08,-1427.08,-1354.17,-305.87,-92.71,-95.14,-90.28,-30.59,O:SPY260318C00674000,O:SPY260318P00661000,True,09:30
SPY,2026-03-18,Mié,combined,40,10:59,10:30-12:00,296,CALL,-41.0,-59.09,-22.92,0.19,0.38,True,-927.08,-1427.08,-1334.98,-410.04,-92.71,-95.14,-89.0,-41.0,O:SPY260318C00674000,O:SPY260318P00661000,True,09:30
SPY,2026-03-18,Mié,combined,50,11:44,10:30-12:00,251,CALL,-50.76,-68.18,-33.33,0.15,0.33,True,-927.08,-1427.08,-1321.02,-507.58,-92.71,-95.14,-88.07,-50.76,O:SPY260318C00674000,O:SPY260318P00661000,True,09:30
SPY,2026-03-18,Mié,combined,60,12:52,12:00-13:30,183,CALL,-60.51,-77.27,-43.75,0.11,0.28,True,-927.08,-1427.08,-1302.08,-605.11,-92.71,-95.14,-86.81,-60.51,O:SPY260318C00674000,O:SPY260318P00661000,True,09:30
SPY,2026-03-18,Mié,leg,20,09:38,09:30-10:30,377,PUT,3.22,27.27,-20.83,0.39,0.57,True,-927.08,-1337.34,-1427.08,-604.17,-92.71,-89.16,-95.14,-60.42,O:SPY260318C00674000,O:SPY260318P00661000,True,09:30
SPY,2026-03-18,Mié,leg,30,09:42,09:30-10:30,373,PUT,-5.4,20.45,-31.25,0.34,0.54,True,-927.08,-1324.14,-1427.08,-656.25,-92.71,-88.28,-95.14,-65.62,O:SPY260318C00674000,O:SPY260318P00661000,True,09:30
SPY,2026-03-18,Mié,leg,40,09:46,09:30-10:30,369,PUT,-7.2,27.27,-41.67,0.29,0.57,True,-927.08,-1306.39,-1427.08,-708.33,-92.71,-87.09,-95.14,-70.83,O:SPY260318C00674000,O:SPY260318P00661000,True,09:30
SPY,2026-03-18,Mié,leg,50,10:25,09:30-10:30,330,CALL,-15.81,-54.55,22.92,0.21,0.6,True,-927.08,-1427.08,-1368.75,-699.81,-92.71,-95.14,-91.25,-69.98,O:SPY260318C00674000,O:SPY260318P00661000,True,09:30
SPY,2026-03-18,Mié,leg,60,10:28,09:30-10:30,327,CALL,-11.93,-61.36,37.5,0.18,0.67,True,-927.08,-1427.08,-1374.84,-733.9,-92.71,-95.14,-91.66,-73.39,O:SPY260318C00674000,O:SPY260318P00661000,True,09:30
IWM,2026-03-18,Mié,combined,20,10:33,10:30-12:00,322,CALL,-20.18,-50.88,10.53,0.29,0.44,True,-1000.0,-1500.0,-1500.0,-201.75,-100.0,-100.0,-100.0,-20.18,O:IWM260318C00251000,O:IWM260318P00245000,True,09:30
IWM,2026-03-18,Mié,combined,30,11:00,10:30-12:00,295,PUT,-31.58,-31.58,-31.58,0.27,0.4,True,-1000.0,-1500.0,-1500.0,-315.79,-100.0,-100.0,-100.0,-31.58,O:IWM260318C00251000,O:IWM260318P00245000,True,09:30
IWM,2026-03-18,Mié,combined,40,12:13,12:00-13:30,222,CALL,-42.54,-61.4,-23.68,0.23,0.3,True,-1000.0,-1500.0,-1500.0,-425.44,-100.0,-100.0,-100.0,-42.54,O:IWM260318C00251000,O:IWM260318P00245000,True,09:30
IWM,2026-03-18,Mié,combined,50,12:37,12:00-13:30,198,CALL,-50.88,-59.65,-42.11,0.24,0.23,True,-1000.0,-1500.0,-1500.0,-508.77,-100.0,-100.0,-100.0,-50.88,O:IWM260318C00251000,O:IWM260318P00245000,True,09:30
IWM,2026-03-18,Mié,combined,60,14:01,13:30-15:55,114,PUT,-64.91,-56.14,-73.68,0.11,0.26,True,-1000.0,-1500.0,-1500.0,-649.12,-100.0,-100.0,-100.0,-64.91,O:IWM260318C00251000,O:IWM260318P00245000,True,09:30
IWM,2026-03-18,Mié,leg,20,09:51,09:30-10:30,364,CALL,5.26,-21.05,31.58,0.46,0.51,True,-1000.0,-1500.0,-1500.0,-605.26,-100.0,-100.0,-100.0,-60.53,O:IWM260318C00251000,O:IWM260318P00245000,True,09:30
IWM,2026-03-18,Mié,leg,30,10:10,09:30-10:30,345,CALL,-11.84,-36.84,13.16,0.37,0.44,True,-1000.0,-1500.0,-1500.0,-684.21,-100.0,-100.0,-100.0,-68.42,O:IWM260318C00251000,O:IWM260318P00245000,True,09:30
IWM,2026-03-18,Mié,leg,40,10:13,09:30-10:30,342,CALL,-1.75,-50.88,47.37,0.29,0.57,True,-1000.0,-1500.0,-1500.0,-754.39,-100.0,-100.0,-100.0,-75.44,O:IWM260318C00251000,O:IWM260318P00245000,True,09:30
IWM,2026-03-18,Mié,leg,50,10:13,09:30-10:30,342,CALL,-1.75,-50.88,47.37,0.29,0.57,True,-1000.0,-1500.0,-1500.0,-754.39,-100.0,-100.0,-100.0,-75.44,O:IWM260318C00251000,O:IWM260318P00245000,True,09:30
IWM,2026-03-18,Mié,leg,60,10:31,10:30-12:00,324,CALL,-5.7,-61.4,50.0,0.23,0.58,True,-1000.0,-1500.0,-1500.0,-807.02,-100.0,-100.0,-100.0,-80.7,O:IWM260318C00251000,O:IWM260318P00245000,True,09:30
QQQ,2026-03-19,Jue,combined,20,09:55,09:30-10:30,360,PUT,-21.11,0.0,-42.22,0.27,0.45,True,-988.64,-1488.64,-1477.53,-211.11,-98.86,-99.24,-98.5,-21.11,O:QQQ260319C00596000,O:QQQ260319P00582000,True,09:30
QQQ,2026-03-19,Jue,combined,30,10:10,09:30-10:30,345,PUT,-30.1,-9.09,-51.11,0.23,0.42,True,-988.64,-1488.64,-1476.73,-301.01,-98.86,-99.24,-98.45,-30.1,O:QQQ260319C00596000,O:QQQ260319P00582000,True,09:30
QQQ,2026-03-19,Jue,combined,40,10:22,09:30-10:30,333,CALL,-40.45,-40.91,-40.0,0.27,0.28,True,-988.64,-1470.12,-1488.64,-404.55,-98.86,-98.01,-99.24,-40.45,O:QQQ260319C00596000,O:QQQ260319P00582000,True,09:30
QQQ,2026-03-19,Jue,combined,50,10:42,10:30-12:00,313,PUT,-50.43,-38.64,-62.22,0.18,0.28,True,-988.64,-1488.64,-1470.78,-504.29,-98.86,-99.24,-98.05,-50.43,O:QQQ260319C00596000,O:QQQ260319P00582000,True,09:30
QQQ,2026-03-19,Jue,combined,60,11:19,10:30-12:00,276,PUT,-60.53,-47.73,-73.33,0.13,0.24,True,-988.64,-1488.64,-1467.8,-605.3,-98.86,-99.24,-97.85,-60.53,O:QQQ260319C00596000,O:QQQ260319P00582000,True,09:30
QQQ,2026-03-19,Jue,leg,20,09:31,09:30-10:30,384,CALL,38.66,-20.45,97.78,0.37,0.92,True,-988.64,-1475.12,-1488.64,-602.27,-98.86,-98.34,-99.24,-60.23,O:QQQ260319C00596000,O:QQQ260319P00582000,True,09:30
QQQ,2026-03-19,Jue,leg,30,09:49,09:30-10:30,366,PUT,-16.69,-2.27,-31.11,0.32,0.44,True,-988.64,-1488.64,-1477.27,-644.19,-98.86,-99.24,-98.48,-64.42,O:QQQ260319C00596000,O:QQQ260319P00582000,True,09:30
QQQ,2026-03-19,Jue,leg,40,09:50,09:30-10:30,365,PUT,-14.29,13.64,-42.22,0.27,0.51,True,-988.64,-1488.64,-1478.83,-699.75,-98.86,-99.24,-98.59,-69.97,O:QQQ260319C00596000,O:QQQ260319P00582000,True,09:30
QQQ,2026-03-19,Jue,leg,50,09:54,09:30-10:30,361,PUT,-8.48,36.36,-53.33,0.22,0.61,True,-988.64,-1488.64,-1480.44,-755.3,-98.86,-99.24,-98.7,-75.53,O:QQQ260319C00596000,O:QQQ260319P00582000,True,09:30
QQQ,2026-03-19,Jue,leg,60,10:11,09:30-10:30,344,PUT,-10.68,38.64,-60.0,0.19,0.62,True,-988.64,-1488.64,-1480.57,-788.64,-98.86,-99.24,-98.7,-78.86,O:QQQ260319C00596000,O:QQQ260319P00582000,True,09:30
SPY,2026-03-19,Jue,combined,20,09:40,09:30-10:30,375,PUT,-20.65,-14.63,-26.67,0.34,0.36,True,-976.69,-1461.99,-1462.8,-206.5,-97.67,-97.47,-97.52,-20.65,O:SPY260319C00664000,O:SPY260319P00647000,True,09:30
SPY,2026-03-19,Jue,combined,30,09:44,09:30-10:30,371,PUT,-31.44,-7.32,-55.56,0.21,0.39,True,-976.69,-1452.88,-1463.87,-314.36,-97.67,-96.86,-97.59,-31.44,O:SPY260319C00664000,O:SPY260319P00647000,True,09:30
SPY,2026-03-19,Jue,combined,40,09:55,09:30-10:30,360,PUT,-41.65,-12.2,-71.11,0.14,0.37,True,-976.69,-1440.98,-1463.18,-416.53,-97.67,-96.07,-97.55,-41.65,O:SPY260319C00664000,O:SPY260319P00647000,True,09:30
SPY,2026-03-19,Jue,combined,50,10:06,09:30-10:30,349,PUT,-51.19,-26.83,-75.56,0.12,0.31,True,-976.69,-1435.03,-1460.56,-511.92,-97.67,-95.67,-97.37,-51.19,O:SPY260319C00664000,O:SPY260319P00647000,True,09:30
SPY,2026-03-19,Jue,combined,60,10:22,09:30-10:30,333,PUT,-62.38,-53.66,-71.11,0.14,0.2,True,-976.69,-1440.98,-1451.69,-623.85,-97.67,-96.07,-96.78,-62.38,O:SPY260319C00664000,O:SPY260319P00647000,True,09:30
SPY,2026-03-19,Jue,leg,20,09:38,09:30-10:30,377,PUT,-14.77,-7.32,-22.22,0.36,0.39,True,-976.69,-1462.8,-1463.87,-598.92,-97.67,-97.52,-97.59,-59.89,O:SPY260319C00664000,O:SPY260319P00647000,True,09:30
SPY,2026-03-19,Jue,leg,30,09:41,09:30-10:30,374,PUT,-23.33,0.0,-46.67,0.25,0.42,True,-976.69,-1456.69,-1464.79,-721.14,-97.67,-97.11,-97.65,-72.11,O:SPY260319C00664000,O:SPY260319P00647000,True,09:30
SPY,2026-03-19,Jue,leg,40,09:41,09:30-10:30,374,PUT,-23.33,0.0,-46.67,0.25,0.42,True,-976.69,-1456.69,-1464.79,-721.14,-97.67,-97.11,-97.65,-72.11,O:SPY260319C00664000,O:SPY260319P00647000,True,09:30
SPY,2026-03-19,Jue,leg,50,09:43,09:30-10:30,372,PUT,-27.99,-4.88,-51.11,0.23,0.4,True,-976.69,-1454.95,-1464.19,-743.36,-97.67,-97.0,-97.61,-74.34,O:SPY260319C00664000,O:SPY260319P00647000,True,09:30
SPY,2026-03-19,Jue,leg,60,09:49,09:30-10:30,366,PUT,-35.77,-4.88,-66.67,0.16,0.4,True,-976.69,-1445.44,-1464.19,-821.14,-97.67,-96.36,-97.61,-82.11,O:SPY260319C00664000,O:SPY260319P00647000,True,09:30
IWM,2026-03-19,Jue,combined,20,09:44,09:30-10:30,371,PUT,-23.39,-3.7,-43.08,0.38,0.54,True,685.19,185.19,1870.37,-233.9,68.52,12.35,124.69,-23.39,O:IWM260319C00246000,O:IWM260319P00241000,True,09:30
IWM,2026-03-19,Jue,combined,30,09:52,09:30-10:30,363,PUT,-31.7,-1.85,-61.54,0.26,0.54,True,685.19,185.19,1870.37,-316.95,68.52,12.35,124.69,-31.7,O:IWM260319C00246000,O:IWM260319P00241000,True,09:30
IWM,2026-03-19,Jue,combined,40,10:22,09:30-10:30,333,PUT,-43.42,-22.22,-64.62,0.24,0.43,True,685.19,185.19,2301.46,-434.19,68.52,12.35,153.43,-43.42,O:IWM260319C00246000,O:IWM260319P00241000,True,09:30
IWM,2026-03-19,Jue,combined,50,10:27,09:30-10:30,328,PUT,-50.98,-38.89,-63.08,0.25,0.34,True,685.19,185.19,2861.66,-509.83,68.52,12.35,190.78,-50.98,O:IWM260319C00246000,O:IWM260319P00241000,True,09:30
IWM,2026-03-19,Jue,combined,60,11:36,10:30-12:00,259,PUT,-62.83,-42.59,-83.08,0.12,0.32,True,685.19,185.19,3028.94,-628.35,68.52,12.35,201.93,-62.83,O:IWM260319C00246000,O:IWM260319P00241000,True,09:30
IWM,2026-03-19,Jue,leg,20,09:31,09:30-10:30,384,CALL,4.12,-24.07,32.31,0.43,0.89,True,685.19,2301.46,185.19,-620.37,68.52,153.43,12.35,-62.04,O:IWM260319C00246000,O:IWM260319P00241000,True,09:30
IWM,2026-03-19,Jue,leg,30,09:41,09:30-10:30,374,PUT,-13.83,9.26,-36.92,0.42,0.6,True,685.19,185.19,1701.85,1000.57,68.52,12.35,113.46,100.06,O:IWM260319C00246000,O:IWM260319P00241000,True,09:30
IWM,2026-03-19,Jue,leg,40,09:44,09:30-10:30,371,PUT,-23.39,-3.7,-43.08,0.38,0.54,True,685.19,185.19,1870.37,969.8,68.52,12.35,124.69,96.98,O:IWM260319C00246000,O:IWM260319P00241000,True,09:30
IWM,2026-03-19,Jue,leg,50,09:49,09:30-10:30,366,PUT,-22.45,7.41,-52.31,0.33,0.59,True,685.19,185.19,1727.56,923.65,68.52,12.35,115.17,92.36,O:IWM260319C00246000,O:IWM260319P00241000,True,09:30
IWM,2026-03-19,Jue,leg,60,09:50,09:30-10:30,365,PUT,-21.35,20.37,-63.08,0.25,0.66,True,685.19,185.19,1563.97,869.8,68.52,12.35,104.26,86.98,O:IWM260319C00246000,O:IWM260319P00241000,True,09:30
QQQ,2026-03-20,Vie,combined,20,09:45,09:30-10:30,370,PUT,-21.5,-17.54,-25.45,0.42,0.48,True,1172.73,3517.97,672.73,-214.99,117.27,234.53,44.85,-21.5,O:QQQ260320C00595000,O:QQQ260320P00584000,True,09:30
QQQ,2026-03-20,Vie,combined,30,11:37,10:30-12:00,258,CALL,-32.04,-87.72,23.64,0.08,0.69,True,1172.73,672.73,2404.61,-320.41,117.27,44.85,160.31,-32.04,O:QQQ260320C00595000,O:QQQ260320P00584000,True,09:30
QQQ,2026-03-20,Vie,combined,40,11:52,10:30-12:00,243,CALL,-42.04,-87.72,3.64,0.08,0.58,True,1172.73,672.73,2733.07,-420.41,117.27,44.85,182.2,-42.04,O:QQQ260320C00595000,O:QQQ260320P00584000,True,09:30
QQQ,2026-03-20,Vie,combined,50,12:01,12:00-13:30,234,CALL,-50.22,-87.72,-12.73,0.08,0.49,True,1172.73,672.73,3111.5,-502.23,117.27,44.85,207.43,-50.22,O:QQQ260320C00595000,O:QQQ260320P00584000,True,09:30
QQQ,2026-03-20,Vie,combined,60,12:11,12:00-13:30,224,CALL,-61.13,-87.72,-34.55,0.08,0.37,True,1172.73,672.73,3902.46,-611.32,117.27,44.85,260.16,-61.13,O:QQQ260320C00595000,O:QQQ260320P00584000,True,09:30
QQQ,2026-03-20,Vie,leg,20,09:37,09:30-10:30,378,CALL,2.23,-22.81,27.27,0.45,0.71,True,1172.73,672.73,2355.83,1558.69,117.27,44.85,157.06,155.87,O:QQQ260320C00595000,O:QQQ260320P00584000,True,09:30
QQQ,2026-03-20,Vie,leg,30,09:46,09:30-10:30,369,CALL,-14.82,-35.09,5.45,0.38,0.6,True,1172.73,672.73,2664.39,1497.29,117.27,44.85,177.63,149.73,O:QQQ260320C00595000,O:QQQ260320P00584000,True,09:30
QQQ,2026-03-20,Vie,leg,40,09:50,09:30-10:30,365,CALL,-2.74,-49.12,43.64,0.3,0.8,True,1172.73,672.73,2166.48,1427.11,117.27,44.85,144.43,142.71,O:QQQ260320C00595000,O:QQQ260320P00584000,True,09:30
QQQ,2026-03-20,Vie,leg,50,09:51,09:30-10:30,364,CALL,1.83,-50.88,54.55,0.29,0.86,True,1172.73,672.73,2062.26,1418.34,117.27,44.85,137.48,141.83,O:QQQ260320C00595000,O:QQQ260320P00584000,True,09:30
QQQ,2026-03-20,Vie,leg,60,09:58,09:30-10:30,357,CALL,33.84,-61.4,129.09,0.23,1.27,True,1172.73,672.73,1613.67,1365.71,117.27,44.85,107.58,136.57,O:QQQ260320C00595000,O:QQQ260320P00584000,True,09:30
SPY,2026-03-20,Vie,combined,20,09:31,09:30-10:30,384,PUT,-21.35,-2.27,-40.43,0.29,0.44,True,-840.43,-1081.8,-1340.43,-213.49,-84.04,-72.12,-89.36,-21.35,O:SPY260320C00662000,O:SPY260320P00647000,True,09:30
SPY,2026-03-20,Vie,combined,30,09:32,09:30-10:30,383,PUT,-32.5,-18.18,-46.81,0.26,0.37,True,-840.43,-1051.96,-1340.43,-324.95,-84.04,-70.13,-89.36,-32.5,O:SPY260320C00662000,O:SPY260320P00647000,True,09:30
SPY,2026-03-20,Vie,combined,40,09:38,09:30-10:30,377,PUT,-41.66,-38.64,-44.68,0.27,0.28,True,-840.43,-1062.65,-1340.43,-416.59,-84.04,-70.84,-89.36,-41.66,O:SPY260320C00662000,O:SPY260320P00647000,True,09:30
SPY,2026-03-20,Vie,combined,50,09:48,09:30-10:30,367,PUT,-52.22,-36.36,-68.09,0.16,0.29,True,-840.43,-871.68,-1340.43,-522.24,-84.04,-58.11,-89.36,-52.22,O:SPY260320C00662000,O:SPY260320P00647000,True,09:30
SPY,2026-03-20,Vie,combined,60,10:34,10:30-12:00,321,CALL,-62.04,-77.27,-46.81,0.11,0.26,True,-840.43,-1340.43,-1051.96,-620.41,-84.04,-89.36,-70.13,-62.04,O:SPY260320C00662000,O:SPY260320P00647000,True,09:30
SPY,2026-03-20,Vie,leg,20,09:30,09:30-10:30,385,PUT,-18.16,-2.27,-34.04,0.32,0.44,True,-840.43,-1106.05,-1340.43,-670.21,-84.04,-73.74,-89.36,-67.02,O:SPY260320C00662000,O:SPY260320P00647000,True,09:30
SPY,2026-03-20,Vie,leg,30,09:30,09:30-10:30,385,PUT,-18.16,-2.27,-34.04,0.32,0.44,True,-840.43,-1106.05,-1340.43,-670.21,-84.04,-73.74,-89.36,-67.02,O:SPY260320C00662000,O:SPY260320P00647000,True,09:30
SPY,2026-03-20,Vie,leg,40,09:31,09:30-10:30,384,PUT,-21.35,-2.27,-40.43,0.29,0.44,True,-840.43,-1081.8,-1340.43,-702.13,-84.04,-72.12,-89.36,-70.21,O:SPY260320C00662000,O:SPY260320P00647000,True,09:30
SPY,2026-03-20,Vie,leg,50,09:41,09:30-10:30,374,PUT,-42.5,-31.82,-53.19,0.23,0.31,True,-840.43,-1014.34,-1340.43,-765.96,-84.04,-67.62,-89.36,-76.6,O:SPY260320C00662000,O:SPY260320P00647000,True,09:30
SPY,2026-03-20,Vie,leg,60,09:43,09:30-10:30,372,PUT,-46.76,-31.82,-61.7,0.19,0.31,True,-840.43,-945.69,-1340.43,-808.51,-84.04,-63.05,-89.36,-80.85,O:SPY260320C00662000,O:SPY260320P00647000,True,09:30
IWM,2026-03-20,Vie,combined,20,09:43,09:30-10:30,372,PUT,-26.12,-21.62,-30.61,0.35,0.3,True,1173.47,3716.33,673.47,-261.17,117.35,247.76,44.9,-26.12,O:IWM260320C00250000,O:IWM260320P00244000,True,09:30
IWM,2026-03-20,Vie,combined,30,09:46,09:30-10:30,369,CALL,-31.49,-40.54,-22.45,0.23,0.39,True,1173.47,673.47,3404.24,-314.95,117.35,44.9,226.95,-31.49,O:IWM260320C00250000,O:IWM260320P00244000,True,09:30
IWM,2026-03-20,Vie,combined,40,12:03,12:00-13:30,232,CALL,-41.86,-91.89,8.16,0.04,0.55,True,1173.47,673.47,2609.83,-418.64,117.35,44.9,173.99,-41.86,O:IWM260320C00250000,O:IWM260320P00244000,True,09:30
IWM,2026-03-20,Vie,combined,50,12:56,12:00-13:30,179,CALL,-50.36,-94.59,-6.12,0.03,0.47,True,1173.47,673.47,2939.43,-503.59,117.35,44.9,195.96,-50.36,O:IWM260320C00250000,O:IWM260320P00244000,True,09:30
IWM,2026-03-20,Vie,leg,20,09:31,09:30-10:30,384,PUT,-12.91,-5.41,-20.41,0.4,0.36,True,1173.47,3335.97,673.47,-602.04,117.35,222.4,44.9,-60.2,O:IWM260320C00250000,O:IWM260320P00244000,True,09:30
IWM,2026-03-20,Vie,leg,30,09:32,09:30-10:30,383,PUT,-15.36,16.22,-46.94,0.27,0.45,True,1173.47,4617.91,673.47,-734.69,117.35,307.86,44.9,-73.47,O:IWM260320C00250000,O:IWM260320P00244000,True,09:30
IWM,2026-03-20,Vie,leg,40,09:32,09:30-10:30,383,PUT,-15.36,16.22,-46.94,0.27,0.45,True,1173.47,4617.91,673.47,-734.69,117.35,307.86,44.9,-73.47,O:IWM260320C00250000,O:IWM260320P00244000,True,09:30
IWM,2026-03-20,Vie,leg,50,09:50,09:30-10:30,365,CALL,-21.92,-54.05,10.2,0.18,0.55,True,1173.47,673.47,2609.83,1403.2,117.35,44.9,173.99,140.32,O:IWM260320C00250000,O:IWM260320P00244000,True,09:30
IWM,2026-03-20,Vie,leg,60,09:55,09:30-10:30,360,CALL,-17.82,-62.16,26.53,0.15,0.63,True,1173.47,673.47,2363.95,1362.66,117.35,44.9,157.6,136.27,O:IWM260320C00250000,O:IWM260320P00244000,True,09:30
QQQ,2026-03-23,Lun,combined,20,09:31,09:30-10:30,384,PUT,-23.31,-11.63,-35.0,0.28,0.4,True,-987.5,-1469.64,-1487.5,-233.14,-98.75,-97.98,-99.17,-23.31,O:QQQ260323C00597000,O:QQQ260323P00580000,True,09:30
QQQ,2026-03-23,Lun,combined,30,10:04,09:30-10:30,351,PUT,-34.22,-20.93,-47.5,0.22,0.35,True,-987.5,-1464.77,-1487.5,-342.15,-98.75,-97.65,-99.17,-34.22,O:QQQ260323C00597000,O:QQQ260323P00580000,True,09:30
QQQ,2026-03-23,Lun,combined,40,10:08,09:30-10:30,347,PUT,-40.38,-23.26,-57.5,0.18,0.34,True,-987.5,-1459.72,-1487.5,-403.78,-98.75,-97.31,-99.17,-40.38,O:QQQ260323C00597000,O:QQQ260323P00580000,True,09:30
QQQ,2026-03-23,Lun,combined,50,10:44,10:30-12:00,311,PUT,-50.38,-23.26,-77.5,0.1,0.34,True,-987.5,-1437.5,-1487.5,-503.78,-98.75,-95.83,-99.17,-50.38,O:QQQ260323C00597000,O:QQQ260323P00580000,True,09:30
QQQ,2026-03-23,Lun,combined,60,11:20,10:30-12:00,275,PUT,-63.43,-41.86,-85.0,0.07,0.26,True,-987.5,-1416.07,-1487.5,-634.3,-98.75,-94.4,-99.17,-63.43,O:QQQ260323C00597000,O:QQQ260323P00580000,True,09:30
QQQ,2026-03-23,Lun,leg,20,09:31,09:30-10:30,384,PUT,-23.31,-11.63,-35.0,0.28,0.4,True,-987.5,-1469.64,-1487.5,-675.0,-98.75,-97.98,-99.17,-67.5,O:QQQ260323C00597000,O:QQQ260323P00580000,True,09:30
QQQ,2026-03-23,Lun,leg,30,09:31,09:30-10:30,384,PUT,-23.31,-11.63,-35.0,0.28,0.4,True,-987.5,-1469.64,-1487.5,-675.0,-98.75,-97.98,-99.17,-67.5,O:QQQ260323C00597000,O:QQQ260323P00580000,True,09:30
QQQ,2026-03-23,Lun,leg,40,09:38,09:30-10:30,377,PUT,-20.0,0.0,-40.0,0.25,0.44,True,-987.5,-1467.5,-1487.5,-700.0,-98.75,-97.83,-99.17,-70.0,O:QQQ260323C00597000,O:QQQ260323P00580000,True,09:30
QQQ,2026-03-23,Lun,leg,50,09:48,09:30-10:30,367,PUT,-13.46,25.58,-52.5,0.2,0.55,True,-987.5,-1462.5,-1487.5,-762.5,-98.75,-97.5,-99.17,-76.25,O:QQQ260323C00597000,O:QQQ260323P00580000,True,09:30
QQQ,2026-03-23,Lun,leg,60,09:52,09:30-10:30,363,PUT,-12.56,34.88,-60.0,0.17,0.59,True,-987.5,-1458.09,-1487.5,-800.0,-98.75,-97.21,-99.17,-80.0,O:QQQ260323C00597000,O:QQQ260323P00580000,True,09:30
SPY,2026-03-23,Lun,combined,20,09:32,09:30-10:30,383,CALL,-24.31,-37.5,-11.11,0.26,0.42,True,-988.89,-1488.89,-1476.98,-243.06,-98.89,-99.26,-98.47,-24.31,O:SPY260323C00667000,O:SPY260323P00646000,True,09:30
SPY,2026-03-23,Lun,combined,30,09:34,09:30-10:30,381,CALL,-30.28,-45.0,-15.56,0.23,0.39,True,-988.89,-1488.89,-1476.07,-302.78,-98.89,-99.26,-98.4,-30.28,O:SPY260323C00667000,O:SPY260323P00646000,True,09:30
SPY,2026-03-23,Lun,combined,40,09:46,09:30-10:30,369,CALL,-40.0,-40.0,-40.0,0.25,0.28,True,-988.89,-1488.89,-1471.03,-400.0,-98.89,-99.26,-98.07,-40.0,O:SPY260323C00667000,O:SPY260323P00646000,True,09:30
SPY,2026-03-23,Lun,combined,50,09:54,09:30-10:30,361,PUT,-50.14,-42.5,-57.78,0.2,0.24,True,-988.89,-1463.89,-1488.89,-501.39,-98.89,-97.59,-99.26,-50.14,O:SPY260323C00667000,O:SPY260323P00646000,True,09:30
SPY,2026-03-23,Lun,combined,60,10:05,09:30-10:30,350,PUT,-60.83,-55.0,-66.67,0.16,0.19,True,-988.89,-1457.64,-1488.89,-608.33,-98.89,-97.18,-99.26,-60.83,O:SPY260323C00667000,O:SPY260323P00646000,True,09:30
SPY,2026-03-23,Lun,leg,20,09:31,09:30-10:30,384,PUT,-19.86,-17.5,-22.22,0.36,0.34,True,-988.89,-1475.0,-1488.89,-611.11,-98.89,-98.33,-99.26,-61.11,O:SPY260323C00667000,O:SPY260323P00646000,True,09:30
SPY,2026-03-23,Lun,leg,30,09:32,09:30-10:30,383,CALL,-24.31,-37.5,-11.11,0.26,0.42,True,-988.89,-1488.89,-1476.98,-676.39,-98.89,-99.26,-98.47,-67.64,O:SPY260323C00667000,O:SPY260323P00646000,True,09:30
SPY,2026-03-23,Lun,leg,40,09:34,09:30-10:30,381,CALL,-30.28,-45.0,-15.56,0.23,0.39,True,-988.89,-1488.89,-1476.07,-713.89,-98.89,-99.26,-98.4,-71.39,O:SPY260323C00667000,O:SPY260323P00646000,True,09:30
SPY,2026-03-23,Lun,leg,50,09:35,09:30-10:30,380,CALL,-31.81,-52.5,-11.11,0.2,0.41,True,-988.89,-1488.89,-1476.69,-751.39,-98.89,-99.26,-98.45,-75.14,O:SPY260323C00667000,O:SPY260323P00646000,True,09:30
SPY,2026-03-23,Lun,leg,60,09:52,09:30-10:30,363,PUT,-47.5,-35.0,-60.0,0.19,0.27,True,-988.89,-1462.57,-1488.89,-800.0,-98.89,-97.5,-99.26,-80.0,O:SPY260323C00667000,O:SPY260323P00646000,True,09:30
IWM,2026-03-23,Lun,combined,20,09:36,09:30-10:30,379,CALL,-23.36,-50.0,3.28,0.35,0.64,True,-991.8,-1491.8,-1483.99,-233.61,-99.18,-99.45,-98.93,-23.36,O:IWM260323C00250000,O:IWM260323P00244000,True,09:30
IWM,2026-03-23,Lun,combined,30,09:39,09:30-10:30,376,CALL,-30.03,-33.82,-26.23,0.46,0.46,True,-991.8,-1491.8,-1480.93,-300.27,-99.18,-99.45,-98.73,-30.03,O:IWM260323C00250000,O:IWM260323P00244000,True,09:30
IWM,2026-03-23,Lun,combined,40,10:36,10:30-12:00,319,PUT,-48.99,-17.65,-80.33,0.13,0.57,True,-991.8,-1453.34,-1491.8,-489.87,-99.18,-96.89,-99.45,-48.99,O:IWM260323C00250000,O:IWM260323P00244000,True,09:30
IWM,2026-03-23,Lun,combined,50,10:37,10:30-12:00,318,PUT,-53.31,-27.94,-78.69,0.14,0.5,True,-991.8,-1456.09,-1491.8,-533.15,-99.18,-97.07,-99.45,-53.31,O:IWM260323C00250000,O:IWM260323P00244000,True,09:30
IWM,2026-03-23,Lun,combined,60,11:45,10:30-12:00,250,PUT,-60.27,-35.29,-85.25,0.1,0.45,True,-991.8,-1441.8,-1491.8,-602.7,-99.18,-96.12,-99.45,-60.27,O:IWM260323C00250000,O:IWM260323P00244000,True,09:30
IWM,2026-03-23,Lun,leg,20,09:31,09:30-10:30,384,CALL,-16.24,-45.59,13.11,0.39,0.7,True,-991.8,-1491.8,-1484.66,-719.74,-99.18,-99.45,-98.98,-71.97,O:IWM260323C00250000,O:IWM260323P00244000,True,09:30
IWM,2026-03-23,Lun,leg,30,09:31,09:30-10:30,384,CALL,-16.24,-45.59,13.11,0.39,0.7,True,-991.8,-1491.8,-1484.66,-719.74,-99.18,-99.45,-98.98,-71.97,O:IWM260323C00250000,O:IWM260323P00244000,True,09:30
IWM,2026-03-23,Lun,leg,40,09:31,09:30-10:30,384,CALL,-16.24,-45.59,13.11,0.39,0.7,True,-991.8,-1491.8,-1484.66,-719.74,-99.18,-99.45,-98.98,-71.97,O:IWM260323C00250000,O:IWM260323P00244000,True,09:30
IWM,2026-03-23,Lun,leg,50,09:32,09:30-10:30,383,CALL,-18.44,-50.0,13.11,0.36,0.71,True,-991.8,-1491.8,-1484.76,-741.8,-99.18,-99.45,-98.98,-74.18,O:IWM260323C00250000,O:IWM260323P00244000,True,09:30
IWM,2026-03-23,Lun,leg,60,09:35,09:30-10:30,380,CALL,-16.04,-63.24,31.15,0.26,0.81,True,-991.8,-1491.8,-1485.63,-807.98,-99.18,-99.45,-99.04,-80.8,O:IWM260323C00250000,O:IWM260323P00244000,True,09:30
QQQ,2026-03-24,Mar,combined,20,09:32,09:30-10:30,383,PUT,-23.86,2.27,-50.0,0.19,0.46,True,-1000.0,-1500.0,-1500.0,-238.64,-100.0,-100.0,-100.0,-23.86,O:QQQ260324C00592000,O:QQQ260324P00575000,True,09:30
QQQ,2026-03-24,Mar,combined,30,09:33,09:30-10:30,382,PUT,-32.49,-9.09,-55.88,0.16,0.41,True,-1000.0,-1500.0,-1500.0,-324.87,-100.0,-100.0,-100.0,-32.49,O:QQQ260324C00592000,O:QQQ260324P00575000,True,09:30
QQQ,2026-03-24,Mar,combined,40,09:35,09:30-10:30,380,PUT,-41.24,-29.55,-52.94,0.17,0.32,True,-1000.0,-1500.0,-1500.0,-412.43,-100.0,-100.0,-100.0,-41.24,O:QQQ260324C00592000,O:QQQ260324P00575000,True,09:30
QQQ,2026-03-24,Mar,combined,50,09:46,09:30-10:30,369,CALL,-50.6,-65.91,-35.29,0.16,0.24,True,-1000.0,-1500.0,-1500.0,-506.02,-100.0,-100.0,-100.0,-50.6,O:QQQ260324C00592000,O:QQQ260324P00575000,True,09:30
QQQ,2026-03-24,Mar,combined,60,10:07,09:30-10:30,348,CALL,-61.23,-63.64,-58.82,0.17,0.15,True,-1000.0,-1500.0,-1500.0,-612.3,-100.0,-100.0,-100.0,-61.23,O:QQQ260324C00592000,O:QQQ260324P00575000,True,09:30
QQQ,2026-03-24,Mar,leg,20,09:30,09:30-10:30,385,PUT,-19.92,-4.55,-35.29,0.25,0.44,True,-1000.0,-1500.0,-1500.0,-676.47,-100.0,-100.0,-100.0,-67.65,O:QQQ260324C00592000,O:QQQ260324P00575000,True,09:30
QQQ,2026-03-24,Mar,leg,30,09:30,09:30-10:30,385,PUT,-19.92,-4.55,-35.29,0.25,0.44,True,-1000.0,-1500.0,-1500.0,-676.47,-100.0,-100.0,-100.0,-67.65,O:QQQ260324C00592000,O:QQQ260324P00575000,True,09:30
QQQ,2026-03-24,Mar,leg,40,09:31,09:30-10:30,384,PUT,-13.17,29.55,-55.88,0.16,0.58,True,-1000.0,-1500.0,-1500.0,-779.41,-100.0,-100.0,-100.0,-77.94,O:QQQ260324C00592000,O:QQQ260324P00575000,True,09:30
QQQ,2026-03-24,Mar,leg,50,09:31,09:30-10:30,384,PUT,-13.17,29.55,-55.88,0.16,0.58,True,-1000.0,-1500.0,-1500.0,-779.41,-100.0,-100.0,-100.0,-77.94,O:QQQ260324C00592000,O:QQQ260324P00575000,True,09:30
QQQ,2026-03-24,Mar,leg,60,09:34,09:30-10:30,381,PUT,-34.29,-6.82,-61.76,0.14,0.42,True,-1000.0,-1500.0,-1500.0,-808.82,-100.0,-100.0,-100.0,-80.88,O:QQQ260324C00592000,O:QQQ260324P00575000,True,09:30
SPY,2026-03-24,Mar,combined,20,09:30,09:30-10:30,385,PUT,-22.5,-2.5,-42.5,0.24,0.4,True,-987.5,-1466.67,-1487.5,-225.0,-98.75,-97.78,-99.17,-22.5,O:SPY260324C00659000,O:SPY260324P00641000,True,09:30
SPY,2026-03-24,Mar,combined,30,09:33,09:30-10:30,382,PUT,-33.75,0.0,-67.5,0.14,0.41,True,-987.5,-1451.79,-1487.5,-337.5,-98.75,-96.79,-99.17,-33.75,O:SPY260324C00659000,O:SPY260324P00641000,True,09:30
SPY,2026-03-24,Mar,combined,40,09:35,09:30-10:30,380,PUT,-40.0,-12.5,-67.5,0.14,0.36,True,-987.5,-1451.79,-1487.5,-400.0,-98.75,-96.79,-99.17,-40.0,O:SPY260324C00659000,O:SPY260324P00641000,True,09:30
SPY,2026-03-24,Mar,combined,50,09:45,09:30-10:30,370,CALL,-51.25,-55.0,-47.5,0.19,0.22,True,-987.5,-1487.5,-1464.77,-512.5,-98.75,-99.17,-97.65,-51.25,O:SPY260324C00659000,O:SPY260324P00641000,True,09:30
SPY,2026-03-24,Mar,combined,60,09:58,09:30-10:30,357,CALL,-60.0,-62.5,-57.5,0.16,0.18,True,-987.5,-1487.5,-1459.72,-600.0,-98.75,-99.17,-97.31,-60.0,O:SPY260324C00659000,O:SPY260324P00641000,True,09:30
SPY,2026-03-24,Mar,leg,20,09:30,09:30-10:30,385,PUT,-22.5,-2.5,-42.5,0.24,0.4,True,-987.5,-1466.67,-1487.5,-712.5,-98.75,-97.78,-99.17,-71.25,O:SPY260324C00659000,O:SPY260324P00641000,True,09:30
SPY,2026-03-24,Mar,leg,30,09:30,09:30-10:30,385,PUT,-22.5,-2.5,-42.5,0.24,0.4,True,-987.5,-1466.67,-1487.5,-712.5,-98.75,-97.78,-99.17,-71.25,O:SPY260324C00659000,O:SPY260324P00641000,True,09:30
SPY,2026-03-24,Mar,leg,40,09:30,09:30-10:30,385,PUT,-22.5,-2.5,-42.5,0.24,0.4,True,-987.5,-1466.67,-1487.5,-712.5,-98.75,-97.78,-99.17,-71.25,O:SPY260324C00659000,O:SPY260324P00641000,True,09:30
SPY,2026-03-24,Mar,leg,50,09:31,09:30-10:30,384,PUT,-22.5,12.5,-57.5,0.18,0.46,True,-987.5,-1459.72,-1487.5,-787.5,-98.75,-97.31,-99.17,-78.75,O:SPY260324C00659000,O:SPY260324P00641000,True,09:30
SPY,2026-03-24,Mar,leg,60,09:32,09:30-10:30,383,PUT,-28.75,2.5,-60.0,0.17,0.42,True,-987.5,-1458.09,-1487.5,-800.0,-98.75,-97.21,-99.17,-80.0,O:SPY260324C00659000,O:SPY260324P00641000,True,09:30
IWM,2026-03-24,Mar,combined,20,09:45,09:30-10:30,370,PUT,-20.5,-6.12,-34.88,0.3,0.48,True,-316.33,-816.33,-118.41,-205.03,-31.63,-54.42,-7.89,-20.5,O:IWM260324C00248000,O:IWM260324P00242000,True,09:30
IWM,2026-03-24,Mar,combined,30,09:53,09:30-10:30,362,CALL,-33.34,-38.78,-27.91,0.32,0.32,True,-316.33,230.55,-816.33,-333.41,-31.63,15.37,-54.42,-33.34,O:IWM260324C00248000,O:IWM260324P00242000,True,09:30
IWM,2026-03-24,Mar,combined,40,10:13,09:30-10:30,342,PUT,-40.29,-22.45,-58.14,0.19,0.39,True,-316.33,-816.33,42.65,-402.94,-31.63,-54.42,2.84,-40.29,O:IWM260324C00248000,O:IWM260324P00242000,True,09:30
IWM,2026-03-24,Mar,combined,50,13:17,12:00-13:30,158,PUT,-50.74,-6.12,-95.35,0.03,0.47,True,-316.33,-816.33,-103.56,-507.36,-31.63,-54.42,-6.9,-50.74,O:IWM260324C00248000,O:IWM260324P00242000,True,09:30
IWM,2026-03-24,Mar,leg,20,09:32,09:30-10:30,383,PUT,0.62,24.49,-23.26,0.35,0.62,True,-316.33,-816.33,-276.0,67.39,-31.63,-54.42,-18.4,6.74,O:IWM260324C00248000,O:IWM260324P00242000,True,09:30
IWM,2026-03-24,Mar,leg,30,09:33,09:30-10:30,382,PUT,-4.18,26.53,-34.88,0.29,0.63,True,-316.33,-816.33,-284.58,9.25,-31.63,-54.42,-18.97,0.93,O:IWM260324C00248000,O:IWM260324P00242000,True,09:30
IWM,2026-03-24,Mar,leg,40,09:34,09:30-10:30,381,PUT,-0.95,46.94,-48.84,0.23,0.74,True,-316.33,-816.33,-363.62,-60.51,-31.63,-54.42,-24.24,-6.05,O:IWM260324C00248000,O:IWM260324P00242000,True,09:30
IWM,2026-03-24,Mar,leg,50,10:02,09:30-10:30,353,PUT,-35.05,-14.29,-55.81,0.2,0.43,True,-316.33,-816.33,-37.26,-95.4,-31.63,-54.42,-2.48,-9.54,O:IWM260324C00248000,O:IWM260324P00242000,True,09:30
IWM,2026-03-24,Mar,leg,60,10:04,09:30-10:30,351,PUT,-33.29,-6.12,-60.47,0.18,0.47,True,-316.33,-816.33,-103.56,-118.65,-31.63,-54.42,-6.9,-11.87,O:IWM260324C00248000,O:IWM260324P00242000,True,09:30
QQQ,2026-03-25,Mié,combined,20,09:47,09:30-10:30,368,CALL,-20.85,-26.32,-15.38,0.29,0.45,True,-990.38,-1490.38,-1479.27,-208.5,-99.04,-99.36,-98.62,-20.85,O:QQQ260325C00595000,O:QQQ260325P00583000,True,09:30
QQQ,2026-03-25,Mié,combined,30,10:13,09:30-10:30,342,CALL,-32.34,-47.37,-17.31,0.21,0.44,True,-990.38,-1490.38,-1479.02,-323.38,-99.04,-99.36,-98.6,-32.34,O:QQQ260325C00595000,O:QQQ260325P00583000,True,09:30
QQQ,2026-03-25,Mié,combined,40,10:36,10:30-12:00,319,PUT,-41.14,-34.21,-48.08,0.28,0.26,True,-990.38,-1472.53,-1490.38,-411.44,-99.04,-98.17,-99.36,-41.14,O:QQQ260325C00595000,O:QQQ260325P00583000,True,09:30
QQQ,2026-03-25,Mié,combined,50,10:59,10:30-12:00,296,PUT,-50.25,-44.74,-55.77,0.24,0.22,True,-990.38,-1469.55,-1490.38,-502.53,-99.04,-97.97,-99.36,-50.25,O:QQQ260325C00595000,O:QQQ260325P00583000,True,09:30
QQQ,2026-03-25,Mié,combined,60,11:31,10:30-12:00,264,CALL,-60.53,-71.05,-50.0,0.12,0.27,True,-990.38,-1490.38,-1471.87,-605.26,-99.04,-99.36,-98.12,-60.53,O:QQQ260325C00595000,O:QQQ260325P00583000,True,09:30
QQQ,2026-03-25,Mié,leg,20,09:32,09:30-10:30,383,CALL,-16.3,-21.05,-11.54,0.31,0.47,True,-990.38,-1490.38,-1479.75,-595.65,-99.04,-99.36,-98.65,-59.56,O:QQQ260325C00595000,O:QQQ260325P00583000,True,09:30
QQQ,2026-03-25,Mié,leg,30,09:33,09:30-10:30,382,CALL,-18.07,-34.21,-1.92,0.26,0.52,True,-990.38,-1490.38,-1480.77,-661.44,-99.04,-99.36,-98.72,-66.14,O:QQQ260325C00595000,O:QQQ260325P00583000,True,09:30
QQQ,2026-03-25,Mié,leg,40,09:50,09:30-10:30,365,CALL,0.1,-42.11,42.31,0.23,0.75,True,-990.38,-1490.38,-1483.72,-700.91,-99.04,-99.36,-98.91,-70.09,O:QQQ260325C00595000,O:QQQ260325P00583000,True,09:30
QQQ,2026-03-25,Mié,leg,50,10:00,09:30-10:30,355,CALL,9.51,-57.89,76.92,0.17,0.94,True,-990.38,-1490.38,-1485.07,-779.86,-99.04,-99.36,-99.0,-77.99,O:QQQ260325C00595000,O:QQQ260325P00583000,True,09:30
QQQ,2026-03-25,Mié,leg,60,10:50,10:30-12:00,305,PUT,-38.66,-15.79,-61.54,0.21,0.33,True,-990.38,-1466.58,-1490.38,-807.69,-99.04,-97.77,-99.36,-80.77,O:QQQ260325C00595000,O:QQQ260325P00583000,True,09:30
SPY,2026-03-25,Mié,combined,20,10:23,09:30-10:30,332,PUT,-20.64,-20.0,-21.28,0.38,0.29,True,-978.72,-1452.41,-1478.72,-206.38,-97.87,-96.83,-98.58,-20.64,O:SPY260325C00663000,O:SPY260325P00652000,True,09:30
SPY,2026-03-25,Mié,combined,30,10:39,10:30-12:00,316,CALL,-30.61,-31.43,-29.79,0.25,0.34,True,-978.72,-1478.72,-1449.31,-306.08,-97.87,-98.58,-96.62,-30.61,O:SPY260325C00663000,O:SPY260325P00652000,True,09:30
SPY,2026-03-25,Mié,combined,40,10:59,10:30-12:00,296,PUT,-40.55,-34.29,-46.81,0.26,0.24,True,-978.72,-1440.26,-1478.72,-405.47,-97.87,-96.02,-98.58,-40.55,O:SPY260325C00663000,O:SPY260325P00652000,True,09:30
SPY,2026-03-25,Mié,combined,50,11:29,10:30-12:00,266,CALL,-52.37,-68.57,-36.17,0.12,0.31,True,-978.72,-1478.72,-1446.47,-523.71,-97.87,-98.58,-96.43,-52.37,O:SPY260325C00663000,O:SPY260325P00652000,True,09:30
SPY,2026-03-25,Mié,combined,60,11:56,10:30-12:00,239,CALL,-62.71,-82.86,-42.55,0.07,0.28,True,-978.72,-1478.72,-1443.01,-627.05,-97.87,-98.58,-96.2,-62.71,O:SPY260325C00663000,O:SPY260325P00652000,True,09:30
SPY,2026-03-25,Mié,leg,20,09:36,09:30-10:30,379,PUT,80.09,185.71,-25.53,0.36,1.02,True,-978.72,-1450.95,-1478.72,-627.66,-97.87,-96.73,-98.58,-62.77,O:SPY260325C00663000,O:SPY260325P00652000,True,09:30
SPY,2026-03-25,Mié,leg,30,10:24,09:30-10:30,331,CALL,-13.25,-37.14,10.64,0.23,0.53,True,-978.72,-1478.72,-1459.86,-664.44,-97.87,-98.58,-97.32,-66.44,O:SPY260325C00663000,O:SPY260325P00652000,True,09:30
SPY,2026-03-25,Mié,leg,40,10:47,10:30-12:00,308,PUT,-30.21,-20.0,-40.43,0.29,0.29,True,-978.72,-1444.24,-1478.72,-702.13,-97.87,-96.28,-98.58,-70.21,O:SPY260325C00663000,O:SPY260325P00652000,True,09:30
SPY,2026-03-25,Mié,leg,50,10:50,10:30-12:00,305,PUT,-29.82,-8.57,-51.06,0.24,0.33,True,-978.72,-1437.06,-1478.72,-755.32,-97.87,-95.8,-98.58,-75.53,O:SPY260325C00663000,O:SPY260325P00652000,True,09:30
SPY,2026-03-25,Mié,leg,60,11:09,10:30-12:00,286,CALL,-39.94,-62.86,-17.02,0.14,0.4,True,-978.72,-1478.72,-1453.72,-793.01,-97.87,-98.58,-96.91,-79.3,O:SPY260325C00663000,O:SPY260325P00652000,True,09:30
IWM,2026-03-25,Mié,combined,20,10:09,09:30-10:30,346,CALL,-23.33,-50.0,3.33,0.36,0.63,True,-991.67,-1491.67,-1483.73,-233.33,-99.17,-99.44,-98.92,-23.33,O:IWM260325C00254000,O:IWM260325P00250000,True,09:30
IWM,2026-03-25,Mié,combined,30,10:23,09:30-10:30,332,CALL,-36.79,-38.57,-35.0,0.45,0.41,True,-991.67,-1491.67,-1479.47,-367.86,-99.17,-99.44,-98.63,-36.79,O:IWM260325C00254000,O:IWM260325P00250000,True,09:30
IWM,2026-03-25,Mié,combined,40,10:37,10:30-12:00,318,CALL,-40.0,-40.0,-40.0,0.43,0.37,True,-991.67,-1491.67,-1478.15,-400.0,-99.17,-99.44,-98.54,-40.0,O:IWM260325C00254000,O:IWM260325P00250000,True,09:30
IWM,2026-03-25,Mié,combined,50,10:52,10:30-12:00,303,CALL,-50.48,-54.29,-46.67,0.33,0.33,True,-991.67,-1491.67,-1476.52,-504.76,-99.17,-99.44,-98.43,-50.48,O:IWM260325C00254000,O:IWM260325P00250000,True,09:30
IWM,2026-03-25,Mié,combined,60,11:51,10:30-12:00,244,CALL,-60.12,-78.57,-41.67,0.16,0.37,True,-991.67,-1491.67,-1478.15,-601.19,-99.17,-99.44,-98.54,-60.12,O:IWM260325C00254000,O:IWM260325P00250000,True,09:30
IWM,2026-03-25,Mié,leg,20,09:33,09:30-10:30,382,CALL,-13.69,-25.71,-1.67,0.53,0.61,True,-991.67,-1491.67,-1483.47,-620.24,-99.17,-99.44,-98.9,-62.02,O:IWM260325C00254000,O:IWM260325P00250000,True,09:30
IWM,2026-03-25,Mié,leg,30,09:40,09:30-10:30,375,PUT,-14.52,4.29,-33.33,0.41,0.74,True,-991.67,-1479.47,-1491.67,-666.67,-99.17,-98.63,-99.44,-66.67,O:IWM260325C00254000,O:IWM260325P00250000,True,09:30
IWM,2026-03-25,Mié,leg,40,09:50,09:30-10:30,365,CALL,-0.83,-40.0,38.33,0.43,0.84,True,-991.67,-1491.67,-1485.71,-691.67,-99.17,-99.44,-99.05,-69.17,O:IWM260325C00254000,O:IWM260325P00250000,True,09:30
IWM,2026-03-25,Mié,leg,50,09:59,09:30-10:30,356,CALL,1.79,-51.43,55.0,0.35,0.94,True,-991.67,-1491.67,-1486.35,-748.81,-99.17,-99.44,-99.09,-74.88,O:IWM260325C00254000,O:IWM260325P00250000,True,09:30
IWM,2026-03-25,Mié,leg,60,10:07,09:30-10:30,348,CALL,-16.55,-61.43,28.33,0.28,0.79,True,-991.67,-1491.67,-1485.34,-798.81,-99.17,-99.44,-99.02,-79.88,O:IWM260325C00254000,O:IWM260325P00250000,True,09:30
QQQ,2026-03-26,Jue,combined,20,11:21,10:30-12:00,274,CALL,-22.79,-73.08,27.5,0.15,0.52,True,4025.0,3525.0,7390.38,-227.88,402.5,235.0,492.69,-22.79,O:QQQ260326C00587000,O:QQQ260326P00578000,True,09:30
QQQ,2026-03-26,Jue,combined,30,11:46,10:30-12:00,249,CALL,-35.58,-71.15,0.0,0.16,0.42,True,4025.0,3525.0,8310.71,-355.77,402.5,235.0,554.05,-35.58,O:QQQ260326C00587000,O:QQQ260326P00578000,True,09:30
QQQ,2026-03-26,Jue,combined,40,11:51,10:30-12:00,244,CALL,-43.75,-75.0,-12.5,0.14,0.36,True,4025.0,3525.0,9108.33,-437.5,402.5,235.0,607.22,-43.75,O:QQQ260326C00587000,O:QQQ260326P00578000,True,09:30
QQQ,2026-03-26,Jue,leg,20,09:35,09:30-10:30,380,CALL,60.67,-21.15,142.5,0.42,0.99,True,4025.0,3525.0,5555.3,4419.23,402.5,235.0,370.35,441.92,O:QQQ260326C00587000,O:QQQ260326P00578000,True,09:30
QQQ,2026-03-26,Jue,leg,30,09:39,09:30-10:30,376,CALL,82.4,-32.69,197.5,0.36,1.2,True,4025.0,3525.0,5200.0,4361.54,402.5,235.0,346.67,436.15,O:QQQ260326C00587000,O:QQQ260326P00578000,True,09:30
QQQ,2026-03-26,Jue,leg,40,10:44,10:30-12:00,311,CALL,-2.12,-44.23,40.0,0.3,0.57,True,4025.0,3525.0,7051.32,4303.85,402.5,235.0,470.09,430.38,O:QQQ260326C00587000,O:QQQ260326P00578000,True,09:30
QQQ,2026-03-26,Jue,leg,50,10:46,10:30-12:00,309,CALL,1.54,-51.92,55.0,0.26,0.63,True,4025.0,3525.0,6715.48,4265.38,402.5,235.0,447.7,426.54,O:QQQ260326C00587000,O:QQQ260326P00578000,True,09:30
QQQ,2026-03-26,Jue,leg,60,10:53,10:30-12:00,302,CALL,11.73,-61.54,85.0,0.21,0.75,True,4025.0,3525.0,6205.0,4217.31,402.5,235.0,413.67,421.73,O:QQQ260326C00587000,O:QQQ260326P00578000,True,09:30
SPY,2026-03-26,Jue,combined,20,10:33,10:30-12:00,322,PUT,-20.75,12.5,-54.0,0.24,0.46,True,710.0,3772.5,210.0,-207.5,71.0,251.5,14.0,-20.75,O:SPY260326C00658000,O:SPY260326P00647000,True,09:30
SPY,2026-03-26,Jue,combined,30,10:43,10:30-12:00,312,PUT,-32.5,-25.0,-40.0,0.31,0.31,True,710.0,2968.06,210.0,-325.0,71.0,197.87,14.0,-32.5,O:SPY260326C00658000,O:SPY260326P00647000,True,09:30
SPY,2026-03-26,Jue,combined,40,10:51,10:30-12:00,304,CALL,-40.25,-42.5,-38.0,0.24,0.32,True,710.0,210.0,2881.88,-402.5,71.0,14.0,192.12,-40.25,O:SPY260326C00658000,O:SPY260326P00647000,True,09:30
SPY,2026-03-26,Jue,combined,50,11:09,10:30-12:00,286,CALL,-50.75,-57.5,-44.0,0.18,0.29,True,710.0,210.0,3158.28,-507.5,71.0,14.0,210.55,-50.75,O:SPY260326C00658000,O:SPY260326P00647000,True,09:30
SPY,2026-03-26,Jue,combined,60,11:28,10:30-12:00,267,CALL,-60.0,-70.0,-50.0,0.13,0.26,True,710.0,210.0,3498.46,-600.0,71.0,14.0,233.23,-60.0,O:SPY260326C00658000,O:SPY260326P00647000,True,09:30
SPY,2026-03-26,Jue,leg,20,09:33,09:30-10:30,382,CALL,12.0,-20.0,44.0,0.33,0.73,True,710.0,210.0,1381.23,1110.0,71.0,14.0,92.08,111.0,O:SPY260326C00658000,O:SPY260326P00647000,True,09:30
SPY,2026-03-26,Jue,leg,30,09:35,09:30-10:30,380,CALL,6.75,-32.5,46.0,0.28,0.74,True,710.0,210.0,1365.41,1047.5,71.0,14.0,91.03,104.75,O:SPY260326C00658000,O:SPY260326P00647000,True,09:30
SPY,2026-03-26,Jue,leg,40,10:13,09:30-10:30,342,PUT,0.25,42.5,-42.0,0.3,0.58,True,710.0,3060.0,210.0,-710.0,71.0,204.0,14.0,-71.0,O:SPY260326C00658000,O:SPY260326P00647000,True,09:30
SPY,2026-03-26,Jue,leg,50,10:15,09:30-10:30,340,PUT,10.0,70.0,-50.0,0.26,0.69,True,710.0,3498.46,210.0,-750.0,71.0,233.23,14.0,-75.0,O:SPY260326C00658000,O:SPY260326P00647000,True,09:30
SPY,2026-03-26,Jue,leg,60,11:15,10:30-12:00,280,CALL,-55.0,-60.0,-50.0,0.17,0.26,True,710.0,210.0,3498.46,910.0,71.0,14.0,233.23,91.0,O:SPY260326C00658000,O:SPY260326P00647000,True,09:30
IWM,2026-03-26,Jue,combined,20,10:49,10:30-12:00,306,PUT,-21.81,-7.5,-36.11,0.24,0.38,True,-777.78,-944.44,-1277.78,-218.06,-77.78,-62.96,-85.19,-21.81,O:IWM260326C00252000,O:IWM260326P00247000,True,09:30
IWM,2026-03-26,Jue,combined,30,10:54,10:30-12:00,301,CALL,-31.11,-40.0,-22.22,0.25,0.29,True,-777.78,-1277.78,-1001.92,-311.11,-77.78,-85.19,-66.79,-31.11,O:IWM260326C00252000,O:IWM260326P00247000,True,09:30
IWM,2026-03-26,Jue,combined,40,11:10,10:30-12:00,285,PUT,-40.28,-25.0,-55.56,0.17,0.31,True,-777.78,-807.19,-1277.78,-402.78,-77.78,-53.81,-85.19,-40.28,O:IWM260326C00252000,O:IWM260326P00247000,True,09:30
IWM,2026-03-26,Jue,combined,50,11:29,10:30-12:00,266,PUT,-50.42,-42.5,-58.33,0.16,0.24,True,-777.78,-777.78,-1277.78,-504.17,-77.78,-51.85,-85.19,-50.42,O:IWM260326C00252000,O:IWM260326P00247000,True,09:30
IWM,2026-03-26,Jue,combined,60,11:55,10:30-12:00,240,PUT,-60.0,-45.0,-75.0,0.1,0.23,True,-777.78,-477.78,-1277.78,-600.0,-77.78,-31.85,-85.19,-60.0,O:IWM260326C00252000,O:IWM260326P00247000,True,09:30
IWM,2026-03-26,Jue,leg,20,09:45,09:30-10:30,370,PUT,24.86,77.5,-27.78,0.27,0.73,True,-777.78,-981.48,-1277.78,-638.89,-77.78,-65.43,-85.19,-63.89,O:IWM260326C00252000,O:IWM260326P00247000,True,09:30
IWM,2026-03-26,Jue,leg,30,09:47,09:30-10:30,368,PUT,32.22,95.0,-30.56,0.26,0.79,True,-777.78,-970.09,-1277.78,-652.78,-77.78,-64.67,-85.19,-65.28,O:IWM260326C00252000,O:IWM260326P00247000,True,09:30
IWM,2026-03-26,Jue,leg,40,10:07,09:30-10:30,348,PUT,35.42,112.5,-41.67,0.22,0.86,True,-777.78,-914.14,-1277.78,-708.33,-77.78,-60.94,-85.19,-70.83,O:IWM260326C00252000,O:IWM260326P00247000,True,09:30
IWM,2026-03-26,Jue,leg,50,10:14,09:30-10:30,341,PUT,33.61,120.0,-52.78,0.18,0.89,True,-777.78,-833.33,-1277.78,-763.89,-77.78,-55.56,-85.19,-76.39,O:IWM260326C00252000,O:IWM260326P00247000,True,09:30
IWM,2026-03-26,Jue,leg,60,10:22,09:30-10:30,333,PUT,34.44,130.0,-61.11,0.15,0.93,True,-777.78,-744.44,-1277.78,-805.56,-77.78,-49.63,-85.19,-80.56,O:IWM260326C00252000,O:IWM260326P00247000,True,09:30
QQQ,2026-03-27,Vie,combined,20,09:45,09:30-10:30,370,CALL,-24.46,-38.71,-10.2,0.2,0.45,True,-316.33,-816.33,-71.88,-244.57,-31.63,-54.42,-4.79,-24.46,O:QQQ260327C00579000,O:QQQ260327P00563000,True,09:31
QQQ,2026-03-27,Vie,combined,30,09:48,09:30-10:30,367,CALL,-32.62,-38.71,-26.53,0.2,0.37,True,-316.33,-816.33,89.08,-326.2,-31.63,-54.42,5.94,-32.62,O:QQQ260327C00579000,O:QQQ260327P00563000,True,09:31
QQQ,2026-03-27,Vie,combined,40,10:50,10:30-12:00,305,CALL,-42.36,-80.65,-4.08,0.07,0.48,True,-316.33,-816.33,-118.41,-423.63,-31.63,-54.42,-7.89,-42.36,O:QQQ260327C00579000,O:QQQ260327P00563000,True,09:31
QQQ,2026-03-27,Vie,combined,50,11:25,10:30-12:00,270,CALL,-50.95,-77.42,-24.49,0.08,0.38,True,-316.33,-816.33,65.25,-509.55,-31.63,-54.42,4.35,-50.95,O:QQQ260327C00579000,O:QQQ260327P00563000,True,09:31
QQQ,2026-03-27,Vie,combined,60,11:50,10:30-12:00,245,CALL,-61.16,-77.42,-44.9,0.08,0.28,True,-316.33,-816.33,380.1,-611.59,-31.63,-54.42,25.34,-61.16,O:QQQ260327C00579000,O:QQQ260327P00563000,True,09:31
QQQ,2026-03-27,Vie,leg,20,09:32,09:30-10:30,383,CALL,-1.09,-22.58,20.41,0.25,0.6,True,-316.33,-816.33,-257.99,70.77,-31.63,-54.42,-17.2,7.08,O:QQQ260327C00579000,O:QQQ260327P00563000,True,09:31
QQQ,2026-03-27,Vie,leg,30,09:33,09:30-10:30,382,CALL,-0.39,-35.48,34.69,0.21,0.67,True,-316.33,-816.33,-316.33,6.25,-31.63,-54.42,-21.09,0.63,O:QQQ260327C00579000,O:QQQ260327P00563000,True,09:31
QQQ,2026-03-27,Vie,leg,40,09:34,09:30-10:30,381,CALL,5.56,-41.94,53.06,0.19,0.76,True,-316.33,-816.33,-375.54,-26.0,-31.63,-54.42,-25.04,-2.6,O:QQQ260327C00579000,O:QQQ260327P00563000,True,09:31
QQQ,2026-03-27,Vie,leg,50,09:50,09:30-10:30,365,CALL,-16.62,-51.61,18.37,0.16,0.59,True,-316.33,-816.33,-248.53,-74.39,-31.63,-54.42,-16.57,-7.44,O:QQQ260327C00579000,O:QQQ260327P00563000,True,09:31
QQQ,2026-03-27,Vie,leg,60,09:56,09:30-10:30,359,CALL,2.01,-61.29,65.31,0.13,0.82,True,-316.33,-816.33,-407.79,-122.78,-31.63,-54.42,-27.19,-12.28,O:QQQ260327C00579000,O:QQQ260327P00563000,True,09:31
SPY,2026-03-27,Vie,combined,20,09:33,09:30-10:30,382,CALL,-24.51,-29.79,-19.23,0.34,0.22,True,-777.82,-1263.12,-1027.82,-245.09,-77.78,-84.21,-68.52,-24.51,O:SPY260327C00649000,O:SPY260327P00631000,True,09:30
SPY,2026-03-27,Vie,combined,30,09:45,09:30-10:30,370,PUT,-30.07,-25.53,-34.62,0.18,0.36,True,-777.82,-972.27,-1263.93,-300.74,-77.78,-64.82,-84.26,-30.07,O:SPY260327C00649000,O:SPY260327P00631000,True,09:30
SPY,2026-03-27,Vie,combined,40,10:16,09:30-10:30,339,CALL,-41.33,-59.57,-23.08,0.2,0.21,True,-777.82,-1252.82,-1015.92,-413.26,-77.78,-83.52,-67.73,-41.33,O:SPY260327C00649000,O:SPY260327P00631000,True,09:30
SPY,2026-03-27,Vie,combined,50,10:47,10:30-12:00,308,CALL,-50.7,-74.47,-26.92,0.13,0.2,True,-777.82,-1239.36,-1002.82,-506.96,-77.78,-82.62,-66.85,-50.7,O:SPY260327C00649000,O:SPY260327P00631000,True,09:30
SPY,2026-03-27,Vie,combined,60,11:03,10:30-12:00,292,CALL,-60.11,-70.21,-50.0,0.15,0.14,True,-777.82,-1244.49,-884.97,-601.06,-77.78,-82.97,-59.0,-60.11,O:SPY260327C00649000,O:SPY260327P00631000,True,09:30
SPY,2026-03-27,Vie,leg,20,09:33,09:30-10:30,382,CALL,-24.51,-29.79,-19.23,0.34,0.22,True,-777.82,-1263.12,-1027.82,-437.4,-77.78,-84.21,-68.52,-43.74,O:SPY260327C00649000,O:SPY260327P00631000,True,09:30
SPY,2026-03-27,Vie,leg,30,09:34,09:30-10:30,381,CALL,-20.01,-36.17,-3.85,0.31,0.26,True,-777.82,-1261.69,-1066.28,-469.31,-77.78,-84.11,-71.09,-46.93,O:SPY260327C00649000,O:SPY260327P00631000,True,09:30
SPY,2026-03-27,Vie,leg,40,09:35,09:30-10:30,380,CALL,-14.44,-40.43,11.54,0.29,0.3,True,-777.82,-1260.58,-1094.49,-490.59,-77.78,-84.04,-72.97,-49.06,O:SPY260327C00649000,O:SPY260327P00631000,True,09:30
SPY,2026-03-27,Vie,leg,50,09:56,09:30-10:30,359,CALL,-22.75,-53.19,7.69,0.23,0.29,True,-777.82,-1256.08,-1088.17,-554.42,-77.78,-83.74,-72.54,-55.44,O:SPY260327C00649000,O:SPY260327P00631000,True,09:30
SPY,2026-03-27,Vie,leg,60,10:13,09:30-10:30,342,CALL,-30.85,-61.7,0.0,0.19,0.27,True,-777.82,-1251.51,-1074.12,-596.97,-77.78,-83.43,-71.61,-59.7,O:SPY260327C00649000,O:SPY260327P00631000,True,09:30
IWM,2026-03-27,Vie,combined,20,09:40,09:30-10:30,375,CALL,-20.98,-22.73,-19.23,0.35,0.43,True,-740.38,-1240.38,-926.43,-209.79,-74.04,-82.69,-61.76,-20.98,O:IWM260327C00249000,O:IWM260327P00243000,True,09:31
IWM,2026-03-27,Vie,combined,30,09:48,09:30-10:30,367,PUT,-30.42,-20.45,-40.38,0.32,0.36,True,-740.38,-818.51,-1240.38,-304.2,-74.04,-54.57,-82.69,-30.42,O:IWM260327C00249000,O:IWM260327P00243000,True,09:31
IWM,2026-03-27,Vie,combined,40,10:16,09:30-10:30,339,CALL,-41.7,-54.55,-28.85,0.21,0.39,True,-740.38,-1240.38,-894.23,-416.96,-74.04,-82.69,-59.62,-41.7,O:IWM260327C00249000,O:IWM260327P00243000,True,09:31
IWM,2026-03-27,Vie,combined,50,10:49,10:30-12:00,306,CALL,-53.5,-70.45,-36.54,0.14,0.34,True,-740.38,-1240.38,-843.33,-534.97,-74.04,-82.69,-56.22,-53.5,O:IWM260327C00249000,O:IWM260327P00243000,True,09:31
IWM,2026-03-27,Vie,combined,60,11:25,10:30-12:00,270,CALL,-60.58,-75.0,-46.15,0.12,0.29,True,-740.38,-1240.38,-774.87,-605.77,-74.04,-82.69,-51.66,-60.58,O:IWM260327C00249000,O:IWM260327P00243000,True,09:31
IWM,2026-03-27,Vie,leg,20,09:36,09:30-10:30,379,CALL,-5.77,-25.0,13.46,0.34,0.6,True,-740.38,-1240.38,-1015.38,-365.38,-74.04,-82.69,-67.69,-36.54,O:IWM260327C00249000,O:IWM260327P00243000,True,09:31
IWM,2026-03-27,Vie,leg,30,09:45,09:30-10:30,370,PUT,-27.97,-13.64,-42.31,0.31,0.39,True,-740.38,-804.9,-1240.38,-711.54,-74.04,-53.66,-82.69,-71.15,O:IWM260327C00249000,O:IWM260327P00243000,True,09:31
IWM,2026-03-27,Vie,leg,40,09:45,09:30-10:30,370,PUT,-27.97,-13.64,-42.31,0.31,0.39,True,-740.38,-804.9,-1240.38,-711.54,-74.04,-53.66,-82.69,-71.15,O:IWM260327C00249000,O:IWM260327P00243000,True,09:31
IWM,2026-03-27,Vie,leg,50,09:53,09:30-10:30,362,CALL,-23.08,-50.0,3.85,0.23,0.55,True,-740.38,-1240.38,-994.93,-490.38,-74.04,-82.69,-66.33,-49.04,O:IWM260327C00249000,O:IWM260327P00243000,True,09:31
IWM,2026-03-27,Vie,leg,60,09:55,09:30-10:30,360,CALL,-22.99,-61.36,15.38,0.18,0.61,True,-740.38,-1240.38,-1019.07,-547.2,-74.04,-82.69,-67.94,-54.72,O:IWM260327C00249000,O:IWM260327P00243000,True,09:31
QQQ,2026-03-30,Lun,combined,20,10:57,10:30-12:00,298,CALL,-20.59,-74.51,33.33,0.14,0.57,True,-297.62,-797.62,-280.08,-205.88,-29.76,-53.17,-18.67,-20.59,O:QQQ260330C00572000,O:QQQ260330P00559000,True,09:31
QQQ,2026-03-30,Lun,combined,30,10:59,10:30-12:00,296,CALL,-30.32,-72.55,11.9,0.15,0.48,True,-297.62,-797.62,-183.04,-303.22,-29.76,-53.17,-12.2,-30.32,O:QQQ260330C00572000,O:QQQ260330P00559000,True,09:31
QQQ,2026-03-30,Lun,combined,40,11:03,10:30-12:00,292,CALL,-44.82,-70.59,-19.05,0.16,0.35,True,-297.62,-797.62,45.24,-448.18,-29.76,-53.17,3.02,-44.82,O:QQQ260330C00572000,O:QQQ260330P00559000,True,09:31
QQQ,2026-03-30,Lun,combined,50,11:33,10:30-12:00,262,CALL,-51.68,-84.31,-19.05,0.09,0.35,True,-297.62,-797.62,45.24,-516.81,-29.76,-53.17,3.02,-51.68,O:QQQ260330C00572000,O:QQQ260330P00559000,True,09:31
QQQ,2026-03-30,Lun,combined,60,11:50,10:30-12:00,245,CALL,-62.61,-82.35,-42.86,0.1,0.25,True,-297.62,-797.62,382.38,-626.05,-29.76,-53.17,25.49,-62.61,O:QQQ260330C00572000,O:QQQ260330P00559000,True,09:31
QQQ,2026-03-30,Lun,leg,20,09:31,09:30-10:30,384,PUT,0.42,29.41,-28.57,0.31,0.67,True,-297.62,153.99,-797.62,-642.86,-29.76,10.27,-53.17,-64.29,O:QQQ260330C00572000,O:QQQ260330P00559000,True,09:31
QQQ,2026-03-30,Lun,leg,30,09:36,09:30-10:30,379,CALL,9.31,-31.37,50.0,0.36,0.64,True,-297.62,-797.62,-336.68,45.52,-29.76,-53.17,-22.45,4.55,O:QQQ260330C00572000,O:QQQ260330P00559000,True,09:31
QQQ,2026-03-30,Lun,leg,40,09:45,09:30-10:30,370,CALL,9.17,-41.18,59.52,0.31,0.68,True,-297.62,-797.62,-363.8,-3.5,-29.76,-53.17,-24.25,-0.35,O:QQQ260330C00572000,O:QQQ260330P00559000,True,09:31
QQQ,2026-03-30,Lun,leg,50,09:53,09:30-10:30,362,CALL,23.32,-50.98,97.62,0.26,0.84,True,-297.62,-797.62,-446.43,-52.52,-29.76,-53.17,-29.76,-5.25,O:QQQ260330C00572000,O:QQQ260330P00559000,True,09:31
QQQ,2026-03-30,Lun,leg,60,09:58,09:30-10:30,357,CALL,51.75,-60.78,164.29,0.21,1.12,True,-297.62,-797.62,-534.23,-101.54,-29.76,-53.17,-35.62,-10.15,O:QQQ260330C00572000,O:QQQ260330P00559000,True,09:31
SPY,2026-03-30,Lun,combined,20,09:32,09:30-10:30,383,PUT,-20.48,-18.52,-22.45,0.39,0.23,True,-724.49,-878.34,-1224.49,-204.84,-72.45,-58.56,-81.63,-20.48,O:SPY260330C00648000,O:SPY260330P00632000,True,09:30
SPY,2026-03-30,Lun,combined,30,10:57,10:30-12:00,298,CALL,-32.96,-74.07,8.16,0.08,0.54,True,-724.49,-1224.49,-974.49,-329.55,-72.45,-81.63,-64.97,-32.96,O:SPY260330C00648000,O:SPY260330P00632000,True,09:30
SPY,2026-03-30,Lun,combined,40,10:58,10:30-12:00,297,CALL,-40.1,-74.07,-6.12,0.08,0.47,True,-724.49,-1224.49,-937.26,-400.98,-72.45,-81.63,-62.48,-40.1,O:SPY260330C00648000,O:SPY260330P00632000,True,09:30
SPY,2026-03-30,Lun,combined,50,11:03,10:30-12:00,292,CALL,-50.49,-70.37,-30.61,0.09,0.35,True,-724.49,-1224.49,-838.78,-504.91,-72.45,-81.63,-55.92,-50.49,O:SPY260330C00648000,O:SPY260330P00632000,True,09:30
SPY,2026-03-30,Lun,combined,60,11:36,10:30-12:00,259,CALL,-61.15,-81.48,-40.82,0.06,0.3,True,-724.49,-1224.49,-774.49,-611.49,-72.45,-81.63,-51.63,-61.15,O:SPY260330C00648000,O:SPY260330P00632000,True,09:30
SPY,2026-03-30,Lun,leg,20,09:31,09:30-10:30,384,PUT,-13.08,-3.7,-22.45,0.39,0.27,True,-724.49,-878.34,-1224.49,-612.24,-72.45,-58.56,-81.63,-61.22,O:SPY260330C00648000,O:SPY260330P00632000,True,09:30
SPY,2026-03-30,Lun,leg,30,09:34,09:30-10:30,381,CALL,-7.48,-33.33,18.37,0.19,0.59,True,-724.49,-1224.49,-995.68,-391.16,-72.45,-81.63,-66.38,-39.12,O:SPY260330C00648000,O:SPY260330P00632000,True,09:30
SPY,2026-03-30,Lun,leg,40,09:37,09:30-10:30,378,CALL,-5.06,-40.74,30.61,0.17,0.65,True,-724.49,-1224.49,-1016.8,-428.19,-72.45,-81.63,-67.79,-42.82,O:SPY260330C00648000,O:SPY260330P00632000,True,09:30
SPY,2026-03-30,Lun,leg,50,09:44,09:30-10:30,371,CALL,6.73,-51.85,65.31,0.14,0.82,True,-724.49,-1224.49,-1059.86,-483.75,-72.45,-81.63,-70.66,-48.37,O:SPY260330C00648000,O:SPY260330P00632000,True,09:30
SPY,2026-03-30,Lun,leg,60,09:56,09:30-10:30,359,CALL,41.99,-62.96,146.94,0.11,1.22,True,-724.49,-1224.49,-1113.83,-539.3,-72.45,-81.63,-74.26,-53.93,O:SPY260330C00648000,O:SPY260330P00632000,True,09:30
IWM,2026-03-30,Lun,combined,20,09:30,09:30-10:30,385,CALL,-36.83,-69.49,-4.17,0.19,0.48,True,1177.08,677.08,2854.17,-368.29,117.71,45.14,190.28,-36.83,O:IWM260330C00249000,O:IWM260330P00242000,True,09:30
IWM,2026-03-30,Lun,combined,30,09:30,09:30-10:30,385,CALL,-36.83,-69.49,-4.17,0.19,0.48,True,1177.08,677.08,2854.17,-368.29,117.71,45.14,190.28,-36.83,O:IWM260330C00249000,O:IWM260330P00242000,True,09:30
IWM,2026-03-30,Lun,combined,40,09:31,09:30-10:30,384,CALL,-40.41,-74.58,-6.25,0.16,0.46,True,1177.08,677.08,2948.82,-404.13,117.71,45.14,196.59,-40.41,O:IWM260330C00249000,O:IWM260330P00242000,True,09:30
IWM,2026-03-30,Lun,leg,20,09:30,09:30-10:30,385,CALL,-36.83,-69.49,-4.17,0.19,0.48,True,1177.08,677.08,2854.17,1329.63,117.71,45.14,190.28,132.96,O:IWM260330C00249000,O:IWM260330P00242000,True,09:30
IWM,2026-03-30,Lun,leg,30,09:30,09:30-10:30,385,CALL,-36.83,-69.49,-4.17,0.19,0.48,True,1177.08,677.08,2854.17,1329.63,117.71,45.14,190.28,132.96,O:IWM260330C00249000,O:IWM260330P00242000,True,09:30
IWM,2026-03-30,Lun,leg,40,09:30,09:30-10:30,385,CALL,-36.83,-69.49,-4.17,0.19,0.48,True,1177.08,677.08,2854.17,1329.63,117.71,45.14,190.28,132.96,O:IWM260330C00249000,O:IWM260330P00242000,True,09:30
IWM,2026-03-30,Lun,leg,50,09:30,09:30-10:30,385,CALL,-36.83,-69.49,-4.17,0.19,0.48,True,1177.08,677.08,2854.17,1329.63,117.71,45.14,190.28,132.96,O:IWM260330C00249000,O:IWM260330P00242000,True,09:30
IWM,2026-03-30,Lun,leg,60,09:30,09:30-10:30,385,CALL,-36.83,-69.49,-4.17,0.19,0.48,True,1177.08,677.08,2854.17,1329.63,117.71,45.14,190.28,132.96,O:IWM260330C00249000,O:IWM260330P00242000,True,09:30
QQQ,2026-03-31,Mar,combined,20,09:42,09:30-10:30,373,PUT,-20.1,-16.67,-23.53,0.4,0.26,True,5476.47,4988.97,12438.01,-200.98,547.65,332.6,829.2,-20.1,O:QQQ260331C00573000,O:QQQ260331P00558000,True,09:30
QQQ,2026-03-31,Mar,combined,30,10:37,10:30-12:00,318,PUT,-30.78,-6.67,-54.9,0.24,0.29,True,5476.47,4997.3,11666.13,-307.84,547.65,333.15,777.74,-30.78,O:QQQ260331C00573000,O:QQQ260331P00558000,True,09:30
QQQ,2026-03-31,Mar,combined,40,10:43,10:30-12:00,312,PUT,-42.16,-33.33,-50.98,0.26,0.21,True,5476.47,4995.7,14214.57,-421.57,547.65,333.05,947.64,-42.16,O:QQQ260331C00573000,O:QQQ260331P00558000,True,09:30
QQQ,2026-03-31,Mar,combined,50,10:50,10:30-12:00,305,CALL,-50.88,-56.67,-45.1,0.14,0.29,True,5476.47,18833.61,4993.71,-508.82,547.65,1255.57,332.91,-50.88,O:QQQ260331C00573000,O:QQQ260331P00558000,True,09:30
QQQ,2026-03-31,Mar,combined,60,11:00,10:30-12:00,295,CALL,-63.43,-70.0,-56.86,0.1,0.23,True,5476.47,24376.47,4998.21,-634.31,547.65,1625.1,333.21,-63.43,O:QQQ260331C00573000,O:QQQ260331P00558000,True,09:30
QQQ,2026-03-31,Mar,leg,20,09:32,09:30-10:30,383,CALL,-2.84,-23.33,17.65,0.24,0.61,True,5476.47,13059.8,4984.67,-606.86,547.65,870.65,332.31,-60.69,O:QQQ260331C00573000,O:QQQ260331P00558000,True,09:30
QQQ,2026-03-31,Mar,leg,30,09:44,09:30-10:30,371,CALL,-20.88,-30.0,-11.76,0.22,0.46,True,5476.47,13794.65,4987.34,-640.2,547.65,919.64,332.49,-64.02,O:QQQ260331C00573000,O:QQQ260331P00558000,True,09:30
QQQ,2026-03-31,Mar,leg,40,09:49,09:30-10:30,366,PUT,6.76,56.67,-43.14,0.3,0.48,True,5476.47,4993.14,9018.14,5750.98,547.65,332.88,601.21,575.1,O:QQQ260331C00573000,O:QQQ260331P00558000,True,09:30
QQQ,2026-03-31,Mar,leg,50,09:54,09:30-10:30,361,PUT,17.84,86.67,-50.98,0.26,0.57,True,5476.47,4995.7,8379.98,5711.76,547.65,333.05,558.67,571.18,O:QQQ260331C00573000,O:QQQ260331P00558000,True,09:30
QQQ,2026-03-31,Mar,leg,60,10:18,09:30-10:30,337,PUT,-2.06,56.67,-60.78,0.21,0.48,True,5476.47,5000.28,9018.14,5662.75,547.65,333.35,601.21,566.27,O:QQQ260331C00573000,O:QQQ260331P00558000,True,09:30
SPY,2026-03-31,Mar,combined,20,10:50,10:30-12:00,305,PUT,-21.51,-11.76,-31.25,0.34,0.31,True,6083.95,5598.65,13342.01,-215.07,608.39,373.24,889.47,-21.51,O:SPY260331C00645000,O:SPY260331P00632000,True,09:30
SPY,2026-03-31,Mar,combined,30,10:52,10:30-12:00,303,PUT,-30.33,-29.41,-31.25,0.34,0.25,True,6083.95,5598.65,15203.95,-303.31,608.39,373.24,1013.6,-30.33,O:SPY260331C00645000,O:SPY260331P00632000,True,09:30
SPY,2026-03-31,Mar,combined,40,11:47,10:30-12:00,248,PUT,-40.07,-17.65,-62.5,0.19,0.29,True,6083.95,5610.26,13877.05,-400.74,608.39,374.02,925.14,-40.07,O:SPY260331C00645000,O:SPY260331P00632000,True,09:30
SPY,2026-03-31,Mar,combined,50,11:59,10:30-12:00,236,PUT,-51.41,-38.24,-64.58,0.18,0.22,True,6083.95,5611.72,16515.76,-514.09,608.39,374.11,1101.05,-51.41,O:SPY260331C00645000,O:SPY260331P00632000,True,09:30
SPY,2026-03-31,Mar,leg,20,09:42,09:30-10:30,373,PUT,25.31,73.53,-22.92,0.38,0.6,True,6083.95,5597.1,9592.28,6458.95,608.39,373.14,639.49,645.89,O:SPY260331C00645000,O:SPY260331P00632000,True,09:30
SPY,2026-03-31,Mar,leg,30,09:48,09:30-10:30,367,PUT,38.79,108.82,-31.25,0.34,0.72,True,6083.95,5598.65,8924.22,6417.28,608.39,373.24,594.95,641.73,O:SPY260331C00645000,O:SPY260331P00632000,True,09:30
SPY,2026-03-31,Mar,leg,40,09:58,09:30-10:30,357,PUT,90.93,223.53,-41.67,0.29,1.11,True,6083.95,5601.19,7750.61,6365.2,608.39,373.41,516.71,636.52,O:SPY260331C00645000,O:SPY260331P00632000,True,09:30
SPY,2026-03-31,Mar,leg,50,11:02,10:30-12:00,293,PUT,-30.88,-11.76,-50.0,0.25,0.31,True,6083.95,5603.95,13342.01,6323.53,608.39,373.6,889.47,632.35,O:SPY260331C00645000,O:SPY260331P00632000,True,09:30
SPY,2026-03-31,Mar,leg,60,11:06,10:30-12:00,289,PUT,-9.62,41.18,-60.42,0.2,0.49,True,6083.95,5608.95,10492.11,6271.45,608.39,373.93,699.47,627.14,O:SPY260331C00645000,O:SPY260331P00632000,True,09:30
IWM,2026-03-31,Mar,combined,20,09:37,09:30-10:30,378,CALL,-21.15,-33.96,-8.33,0.36,0.46,True,547.17,2324.95,47.17,-211.48,54.72,155.0,3.14,-21.15,O:IWM260331C00246000,O:IWM260331P00241000,True,09:30
IWM,2026-03-31,Mar,combined,30,10:08,09:30-10:30,347,PUT,-31.11,-22.64,-39.58,0.3,0.42,True,547.17,47.17,1999.55,-311.12,54.72,3.14,133.3,-31.11,O:IWM260331C00246000,O:IWM260331P00241000,True,09:30
IWM,2026-03-31,Mar,combined,40,10:37,10:30-12:00,318,CALL,-40.45,-43.4,-37.5,0.32,0.31,True,547.17,2609.67,47.17,-404.48,54.72,173.98,3.14,-40.45,O:IWM260331C00246000,O:IWM260331P00241000,True,09:30
IWM,2026-03-31,Mar,combined,50,11:01,10:30-12:00,294,CALL,-53.66,-69.81,-37.5,0.17,0.31,True,547.17,4870.7,47.17,-536.56,54.72,324.71,3.14,-53.66,O:IWM260331C00246000,O:IWM260331P00241000,True,09:30
IWM,2026-03-31,Mar,combined,60,11:34,10:30-12:00,261,CALL,-60.95,-69.81,-52.08,0.17,0.24,True,547.17,4870.7,47.17,-609.47,54.72,324.71,3.14,-60.95,O:IWM260331C00246000,O:IWM260331P00241000,True,09:30
IWM,2026-03-31,Mar,leg,20,09:31,09:30-10:30,384,CALL,-15.19,-28.3,-2.08,0.39,0.48,True,547.17,2149.73,47.17,-641.51,54.72,143.32,3.14,-64.15,O:IWM260331C00246000,O:IWM260331P00241000,True,09:30
IWM,2026-03-31,Mar,leg,30,09:32,09:30-10:30,383,CALL,-5.97,-45.28,33.33,0.3,0.66,True,547.17,2780.5,47.17,-726.42,54.72,185.37,3.14,-72.64,O:IWM260331C00246000,O:IWM260331P00241000,True,09:30
IWM,2026-03-31,Mar,leg,40,09:32,09:30-10:30,383,CALL,-5.97,-45.28,33.33,0.3,0.66,True,547.17,2780.5,47.17,-726.42,54.72,185.37,3.14,-72.64,O:IWM260331C00246000,O:IWM260331P00241000,True,09:30
IWM,2026-03-31,Mar,leg,50,09:51,09:30-10:30,364,PUT,-10.85,28.3,-50.0,0.25,0.69,True,547.17,47.17,1235.58,797.17,54.72,3.14,82.37,79.72,O:IWM260331C00246000,O:IWM260331P00241000,True,09:30
IWM,2026-03-31,Mar,leg,60,10:43,10:30-12:00,312,CALL,-41.45,-64.15,-18.75,0.2,0.4,True,547.17,4147.17,47.17,-820.75,54.72,276.48,3.14,-82.08,O:IWM260331C00246000,O:IWM260331P00241000,True,09:30
QQQ,2026-04-01,Mié,combined,20,14:16,13:30-15:55,99,PUT,-24.36,44.0,-92.73,0.05,0.73,True,-900.91,-1300.91,-1339.27,-243.64,-90.09,-86.73,-89.28,-24.36,O:QQQ260401C00585000,O:QQQ260401P00575000,True,09:30
QQQ,2026-04-01,Mié,combined,30,14:17,13:30-15:55,98,PUT,-32.36,28.0,-92.73,0.05,0.66,True,-900.91,-1300.91,-1332.73,-323.64,-90.09,-86.73,-88.85,-32.36,O:QQQ260401C00585000,O:QQQ260401P00575000,True,09:30
QQQ,2026-04-01,Mié,combined,40,14:18,13:30-15:55,97,PUT,-41.36,10.0,-92.73,0.05,0.56,True,-900.91,-1300.91,-1320.55,-413.64,-90.09,-86.73,-88.04,-41.36,O:QQQ260401C00585000,O:QQQ260401P00575000,True,09:30
QQQ,2026-04-01,Mié,combined,50,14:21,13:30-15:55,94,PUT,-51.45,-12.0,-90.91,0.06,0.45,True,-900.91,-1317.58,-1300.91,-514.55,-90.09,-87.84,-86.73,-51.45,O:QQQ260401C00585000,O:QQQ260401P00575000,True,09:30
QQQ,2026-04-01,Mié,combined,60,14:24,13:30-15:55,91,PUT,-61.55,-34.0,-89.09,0.07,0.34,True,-900.91,-1329.48,-1268.56,-615.45,-90.09,-88.63,-84.57,-61.55,O:QQQ260401C00585000,O:QQQ260401P00575000,True,09:30
QQQ,2026-04-01,Mié,leg,20,09:33,09:30-10:30,382,PUT,55.36,138.0,-27.27,0.41,1.2,True,-900.91,-1388.71,-1363.41,-546.36,-90.09,-92.58,-90.89,-54.64,O:QQQ260401C00585000,O:QQQ260401P00575000,True,09:30
QQQ,2026-04-01,Mié,leg,30,09:34,09:30-10:30,381,PUT,63.64,160.0,-32.73,0.38,1.31,True,-900.91,-1387.75,-1366.56,-573.64,-90.09,-92.52,-91.1,-57.36,O:QQQ260401C00585000,O:QQQ260401P00575000,True,09:30
QQQ,2026-04-01,Mié,leg,40,09:38,09:30-10:30,377,PUT,77.0,194.0,-40.0,0.34,1.48,True,-900.91,-1386.2,-1370.5,-610.0,-90.09,-92.41,-91.37,-61.0,O:QQQ260401C00585000,O:QQQ260401P00575000,True,09:30
QQQ,2026-04-01,Mié,leg,50,10:08,09:30-10:30,347,PUT,28.55,108.0,-50.91,0.28,1.05,True,-900.91,-1383.05,-1358.05,-664.55,-90.09,-92.2,-90.54,-66.45,O:QQQ260401C00585000,O:QQQ260401P00575000,True,09:30
QQQ,2026-04-01,Mié,leg,60,10:22,09:30-10:30,333,PUT,50.18,164.0,-63.64,0.21,1.33,True,-900.91,-1377.1,-1367.07,-728.18,-90.09,-91.81,-91.14,-72.82,O:QQQ260401C00585000,O:QQQ260401P00575000,True,09:30
SPY,2026-04-01,Mié,combined,20,10:24,09:30-10:30,331,PUT,-20.11,-6.9,-33.33,0.23,0.28,True,-984.85,-1463.11,-1484.85,-201.15,-98.48,-97.54,-98.99,-20.11,O:SPY260401C00659000,O:SPY260401P00646000,True,09:30
SPY,2026-04-01,Mié,combined,30,10:35,10:30-12:00,320,PUT,-30.46,-27.59,-33.33,0.23,0.22,True,-984.85,-1463.11,-1484.85,-304.6,-98.48,-97.54,-98.99,-30.46,O:SPY260401C00659000,O:SPY260401P00646000,True,09:30
SPY,2026-04-01,Mié,combined,40,13:57,13:30-15:55,118,PUT,-43.94,0.0,-87.88,0.05,0.3,True,-984.85,-1384.85,-1484.85,-439.39,-98.48,-92.32,-98.99,-43.94,O:SPY260401C00659000,O:SPY260401P00646000,True,09:30
SPY,2026-04-01,Mié,combined,50,13:59,13:30-15:55,116,PUT,-50.84,-13.79,-87.88,0.05,0.26,True,-984.85,-1384.85,-1484.85,-508.36,-98.48,-92.32,-98.99,-50.84,O:SPY260401C00659000,O:SPY260401P00646000,True,09:30
SPY,2026-04-01,Mié,combined,60,14:02,13:30-15:55,113,PUT,-63.11,-41.38,-84.85,0.06,0.18,True,-984.85,-1401.52,-1484.85,-631.14,-98.48,-93.43,-98.99,-63.11,O:SPY260401C00659000,O:SPY260401P00646000,True,09:30
SPY,2026-04-01,Mié,leg,20,09:33,09:30-10:30,382,PUT,39.39,100.0,-21.21,0.27,0.59,True,-984.85,-1466.33,-1484.85,-606.06,-98.48,-97.76,-98.99,-60.61,O:SPY260401C00659000,O:SPY260401P00646000,True,09:30
SPY,2026-04-01,Mié,leg,30,10:08,09:30-10:30,347,PUT,-4.6,24.14,-33.33,0.23,0.37,True,-984.85,-1463.11,-1484.85,-666.67,-98.48,-97.54,-98.99,-66.67,O:SPY260401C00659000,O:SPY260401P00646000,True,09:30
SPY,2026-04-01,Mié,leg,40,10:30,10:30-12:00,325,PUT,-16.04,10.34,-42.42,0.2,0.33,True,-984.85,-1459.85,-1484.85,-712.12,-98.48,-97.32,-98.99,-71.21,O:SPY260401C00659000,O:SPY260401P00646000,True,09:30
SPY,2026-04-01,Mié,leg,50,10:39,10:30-12:00,316,PUT,-10.24,31.03,-51.52,0.17,0.39,True,-984.85,-1455.44,-1484.85,-757.58,-98.48,-97.03,-98.99,-75.76,O:SPY260401C00659000,O:SPY260401P00646000,True,09:30
SPY,2026-04-01,Mié,leg,60,10:53,10:30-12:00,302,PUT,26.8,117.24,-63.64,0.13,0.64,True,-984.85,-1446.39,-1484.85,-818.18,-98.48,-96.43,-98.99,-81.82,O:SPY260401C00659000,O:SPY260401P00646000,True,09:30
IWM,2026-04-01,Mié,combined,20,13:46,13:30-15:55,129,PUT,-21.04,52.83,-94.92,0.04,0.83,True,-982.09,-1357.09,-1476.07,-210.43,-98.21,-90.47,-98.4,-21.04,O:IWM260401C00251000,O:IWM260401P00248000,True,09:30
IWM,2026-04-01,Mié,combined,30,13:57,13:30-15:55,118,PUT,-38.12,16.98,-93.22,0.05,0.63,True,-982.09,-1382.09,-1474.15,-381.2,-98.21,-92.14,-98.28,-38.12,O:IWM260401C00251000,O:IWM260401P00248000,True,09:30
IWM,2026-04-01,Mié,combined,40,13:58,13:30-15:55,117,PUT,-41.05,9.43,-91.53,0.06,0.59,True,-982.09,-1398.76,-1473.62,-410.46,-98.21,-93.25,-98.24,-41.05,O:IWM260401C00251000,O:IWM260401P00248000,True,09:30
IWM,2026-04-01,Mié,combined,50,14:02,13:30-15:55,113,PUT,-53.5,-18.87,-88.14,0.08,0.44,True,-982.09,-1419.59,-1470.73,-535.02,-98.21,-94.64,-98.05,-53.5,O:IWM260401C00251000,O:IWM260401P00248000,True,09:30
IWM,2026-04-01,Mié,combined,60,14:07,13:30-15:55,108,PUT,-60.11,-32.08,-88.14,0.08,0.38,True,-982.09,-1419.59,-1468.93,-601.06,-98.21,-94.64,-97.93,-60.11,O:IWM260401C00251000,O:IWM260401P00248000,True,09:30
IWM,2026-04-01,Mié,leg,20,09:32,09:30-10:30,383,PUT,37.58,105.66,-30.51,0.43,1.12,True,-982.09,-1470.46,-1477.63,-643.11,-98.21,-98.03,-98.51,-64.31,O:IWM260401C00251000,O:IWM260401P00248000,True,09:30
IWM,2026-04-01,Mié,leg,30,09:32,09:30-10:30,383,PUT,37.58,105.66,-30.51,0.43,1.12,True,-982.09,-1470.46,-1477.63,-643.11,-98.21,-98.03,-98.51,-64.31,O:IWM260401C00251000,O:IWM260401P00248000,True,09:30
IWM,2026-04-01,Mié,leg,40,09:36,09:30-10:30,379,PUT,35.32,111.32,-40.68,0.36,1.14,True,-982.09,-1468.2,-1477.71,-693.96,-98.21,-97.88,-98.51,-69.4,O:IWM260401C00251000,O:IWM260401P00248000,True,09:30
IWM,2026-04-01,Mié,leg,50,10:21,09:30-10:30,334,PUT,0.24,54.72,-54.24,0.28,0.83,True,-982.09,-1464.23,-1476.07,-761.75,-98.21,-97.62,-98.4,-76.18,O:IWM260401C00251000,O:IWM260401P00248000,True,09:30
IWM,2026-04-01,Mié,leg,60,10:28,09:30-10:30,327,PUT,11.0,83.02,-61.02,0.24,0.99,True,-982.09,-1461.26,-1477.04,-795.65,-98.21,-97.42,-98.47,-79.57,O:IWM260401C00251000,O:IWM260401P00248000,True,09:30
QQQ,2026-04-02,Jue,combined,20,09:33,09:30-10:30,382,CALL,-21.07,-36.36,-5.77,0.22,0.5,True,3106.06,8765.15,2606.06,-210.66,310.61,584.34,173.74,-21.07,O:QQQ260402C00582000,O:QQQ260402P00568000,True,09:30
QQQ,2026-04-02,Jue,leg,20,09:32,09:30-10:30,383,CALL,-19.14,-36.36,-1.92,0.22,0.52,True,3106.06,8765.15,2606.06,-681.82,310.61,584.34,173.74,-68.18,O:QQQ260402C00582000,O:QQQ260402P00568000,True,09:30
QQQ,2026-04-02,Jue,leg,30,09:32,09:30-10:30,383,CALL,-19.14,-36.36,-1.92,0.22,0.52,True,3106.06,8765.15,2606.06,-681.82,310.61,584.34,173.74,-68.18,O:QQQ260402C00582000,O:QQQ260402P00568000,True,09:30
QQQ,2026-04-02,Jue,leg,40,09:35,09:30-10:30,380,CALL,-14.92,-60.61,30.77,0.14,0.69,True,3106.06,12284.63,2606.06,-803.03,310.61,818.98,173.74,-80.3,O:QQQ260402C00582000,O:QQQ260402P00568000,True,09:30
QQQ,2026-04-02,Jue,leg,50,09:35,09:30-10:30,380,CALL,-14.92,-60.61,30.77,0.14,0.69,True,3106.06,12284.63,2606.06,-803.03,310.61,818.98,173.74,-80.3,O:QQQ260402C00582000,O:QQQ260402P00568000,True,09:30
QQQ,2026-04-02,Jue,leg,60,09:35,09:30-10:30,380,CALL,-14.92,-60.61,30.77,0.14,0.69,True,3106.06,12284.63,2606.06,-803.03,310.61,818.98,173.74,-80.3,O:QQQ260402C00582000,O:QQQ260402P00568000,True,09:30
SPY,2026-04-02,Jue,leg,20,09:32,09:30-10:30,383,CALL,11.98,-23.26,47.22,0.34,0.54,True,2223.19,5782.01,1732.45,-602.39,222.32,385.47,115.5,-60.24,O:SPY260402C00653000,O:SPY260402P00640000,True,09:30
SPY,2026-04-02,Jue,leg,30,09:36,09:30-10:30,379,CALL,18.22,-30.23,66.67,0.31,0.61,True,2223.19,6174.8,1731.39,-637.27,222.32,411.65,115.43,-63.73,O:SPY260402C00653000,O:SPY260402P00640000,True,09:30
SPY,2026-04-02,Jue,leg,40,10:35,10:30-12:00,320,PUT,226.39,500.0,-47.22,0.2,2.65,True,2223.19,1748.19,2243.95,2473.19,222.32,116.55,149.6,247.32,O:SPY260402C00653000,O:SPY260402P00640000,True,09:30
SPY,2026-04-02,Jue,leg,50,10:37,10:30-12:00,318,PUT,595.93,1241.86,-50.0,0.19,5.86,True,2223.19,1749.51,1958.69,2459.3,222.32,116.63,130.58,245.93,O:SPY260402C00653000,O:SPY260402P00640000,True,09:30
SPY,2026-04-02,Jue,leg,60,10:55,10:30-12:00,300,PUT,355.49,772.09,-61.11,0.15,3.79,True,2223.19,1756.52,2087.31,2403.75,222.32,117.1,139.15,240.37,O:SPY260402C00653000,O:SPY260402P00640000,True,09:30
IWM,2026-04-02,Jue,leg,20,09:31,09:30-10:30,384,PUT,-5.55,15.09,-26.19,0.32,0.62,True,2896.23,2396.23,5726.87,3265.27,289.62,159.75,381.79,326.53,O:IWM260402C00247000,O:IWM260402P00242000,True,09:30
IWM,2026-04-02,Jue,leg,30,09:33,09:30-10:30,382,PUT,-13.84,5.66,-33.33,0.29,0.58,True,2896.23,2396.23,5956.57,3229.56,289.62,159.75,397.1,322.96,O:IWM260402C00247000,O:IWM260402P00242000,True,09:30
IWM,2026-04-02,Jue,leg,40,09:41,09:30-10:30,374,PUT,-8.22,26.42,-42.86,0.25,0.68,True,2896.23,2396.23,5432.99,3181.94,289.62,159.75,362.2,318.19,O:IWM260402C00247000,O:IWM260402P00242000,True,09:30
IWM,2026-04-02,Jue,leg,50,09:47,09:30-10:30,368,PUT,-0.02,54.72,-54.76,0.2,0.83,True,2896.23,2396.23,4884.18,3122.42,289.62,159.75,325.61,312.24,O:IWM260402C00247000,O:IWM260402P00242000,True,09:30
IWM,2026-04-02,Jue,leg,60,09:53,09:30-10:30,362,PUT,3.95,69.81,-61.9,0.17,0.92,True,2896.23,2396.23,4640.79,3086.7,289.62,159.75,309.39,308.67,O:IWM260402C00247000,O:IWM260402P00242000,True,09:30
QQQ,2026-04-06,Lun,combined,20,09:42,09:30-10:30,373,PUT,-21.13,-20.69,-21.57,0.41,0.47,True,-981.58,-1469.38,-1470.94,-211.29,-98.16,-97.96,-98.06,-21.13,O:QQQ260406C00593000,O:QQQ260406P00580000,True,09:30
QQQ,2026-04-06,Lun,combined,30,09:58,09:30-10:30,357,PUT,-30.66,-10.34,-50.98,0.26,0.53,True,-981.58,-1462.34,-1472.14,-306.63,-98.16,-97.49,-98.14,-30.66,O:QQQ260406C00593000,O:QQQ260406P00580000,True,09:30
QQQ,2026-04-06,Lun,combined,40,10:02,09:30-10:30,353,PUT,-42.61,-36.21,-49.02,0.27,0.38,True,-981.58,-1463.06,-1468.42,-426.13,-98.16,-97.54,-97.89,-42.61,O:QQQ260406C00593000,O:QQQ260406P00580000,True,09:30
QQQ,2026-04-06,Lun,combined,50,10:06,09:30-10:30,349,CALL,-53.35,-65.52,-41.18,0.21,0.31,True,-981.58,-1457.77,-1465.45,-533.47,-98.16,-97.18,-97.7,-53.35,O:QQQ260406C00593000,O:QQQ260406P00580000,True,09:30
QQQ,2026-04-06,Lun,combined,60,10:33,10:30-12:00,322,PUT,-60.92,-55.17,-66.67,0.18,0.27,True,-981.58,-1453.8,-1463.06,-609.2,-98.16,-96.92,-97.54,-60.92,O:QQQ260406C00593000,O:QQQ260406P00580000,True,09:30
QQQ,2026-04-06,Lun,leg,20,09:33,09:30-10:30,382,PUT,-1.42,20.69,-23.53,0.4,0.72,True,-981.58,-1469.08,-1474.63,-609.03,-98.16,-97.94,-98.31,-60.9,O:QQQ260406C00593000,O:QQQ260406P00580000,True,09:30
QQQ,2026-04-06,Lun,leg,30,09:36,09:30-10:30,379,CALL,9.11,-32.76,50.98,0.4,0.79,True,-981.58,-1469.08,-1475.25,-653.99,-98.16,-97.94,-98.35,-65.4,O:QQQ260406C00593000,O:QQQ260406P00580000,True,09:30
QQQ,2026-04-06,Lun,leg,40,09:45,09:30-10:30,370,PUT,-27.6,-12.07,-43.14,0.3,0.52,True,-981.58,-1464.91,-1471.96,-707.07,-98.16,-97.66,-98.13,-70.71,O:QQQ260406C00593000,O:QQQ260406P00580000,True,09:30
QQQ,2026-04-06,Lun,leg,50,09:56,09:30-10:30,359,PUT,-27.21,-3.45,-50.98,0.26,0.58,True,-981.58,-1462.34,-1472.95,-746.28,-98.16,-97.49,-98.2,-74.63,O:QQQ260406C00593000,O:QQQ260406P00580000,True,09:30
QQQ,2026-04-06,Lun,leg,60,10:05,09:30-10:30,350,CALL,-43.78,-62.07,-25.49,0.23,0.39,True,-981.58,-1459.84,-1468.75,-800.54,-98.16,-97.32,-97.92,-80.05,O:QQQ260406C00593000,O:QQQ260406P00580000,True,09:30
SPY,2026-04-06,Lun,combined,20,09:43,09:30-10:30,372,PUT,-26.16,-24.32,-28.0,0.37,0.29,True,-1000.0,-1500.0,-1500.0,-261.62,-100.0,-100.0,-100.0,-26.16,O:SPY260406C00663000,O:SPY260406P00650000,True,09:30
SPY,2026-04-06,Lun,combined,30,09:52,09:30-10:30,363,PUT,-31.16,-24.32,-38.0,0.32,0.29,True,-1000.0,-1500.0,-1500.0,-311.62,-100.0,-100.0,-100.0,-31.16,O:SPY260406C00663000,O:SPY260406P00650000,True,09:30
SPY,2026-04-06,Lun,combined,40,10:02,09:30-10:30,353,PUT,-43.22,-32.43,-54.0,0.24,0.26,True,-1000.0,-1500.0,-1500.0,-432.16,-100.0,-100.0,-100.0,-43.22,O:SPY260406C00663000,O:SPY260406P00650000,True,09:30
SPY,2026-04-06,Lun,combined,50,10:29,09:30-10:30,326,PUT,-51.57,-35.14,-68.0,0.17,0.25,True,-1000.0,-1500.0,-1500.0,-515.68,-100.0,-100.0,-100.0,-51.57,O:SPY260406C00663000,O:SPY260406P00650000,True,09:30
SPY,2026-04-06,Lun,combined,60,10:42,10:30-12:00,313,PUT,-60.38,-56.76,-64.0,0.19,0.17,True,-1000.0,-1500.0,-1500.0,-603.78,-100.0,-100.0,-100.0,-60.38,O:SPY260406C00663000,O:SPY260406P00650000,True,09:30
SPY,2026-04-06,Lun,leg,20,09:32,09:30-10:30,383,CALL,-9.51,-27.03,8.0,0.28,0.55,True,-1000.0,-1500.0,-1500.0,-635.14,-100.0,-100.0,-100.0,-63.51,O:SPY260406C00663000,O:SPY260406P00650000,True,09:30
SPY,2026-04-06,Lun,leg,30,09:45,09:30-10:30,370,PUT,-25.46,-18.92,-32.0,0.35,0.31,True,-1000.0,-1500.0,-1500.0,-660.0,-100.0,-100.0,-100.0,-66.0,O:SPY260406C00663000,O:SPY260406P00650000,True,09:30
SPY,2026-04-06,Lun,leg,40,09:53,09:30-10:30,362,PUT,-29.46,-18.92,-40.0,0.31,0.31,True,-1000.0,-1500.0,-1500.0,-700.0,-100.0,-100.0,-100.0,-70.0,O:SPY260406C00663000,O:SPY260406P00650000,True,09:30
SPY,2026-04-06,Lun,leg,50,09:59,09:30-10:30,356,PUT,-34.05,-8.11,-60.0,0.22,0.36,True,-1000.0,-1500.0,-1500.0,-800.0,-100.0,-100.0,-100.0,-80.0,O:SPY260406C00663000,O:SPY260406P00650000,True,09:30
SPY,2026-04-06,Lun,leg,60,09:59,09:30-10:30,356,PUT,-34.05,-8.11,-60.0,0.22,0.36,True,-1000.0,-1500.0,-1500.0,-800.0,-100.0,-100.0,-100.0,-80.0,O:SPY260406C00663000,O:SPY260406P00650000,True,09:30
IWM,2026-04-06,Lun,combined,20,09:45,09:30-10:30,370,PUT,-22.29,-21.05,-23.53,0.4,0.32,True,-977.04,-1464.54,-1461.41,-222.91,-97.7,-97.64,-97.43,-22.29,O:IWM260406C00254000,O:IWM260406P00249000,True,09:30
IWM,2026-04-06,Lun,combined,30,09:48,09:30-10:30,367,CALL,-31.86,-50.0,-13.73,0.2,0.45,True,-977.04,-1452.04,-1465.93,-318.63,-97.7,-96.8,-97.73,-31.86,O:IWM260406C00254000,O:IWM260406P00249000,True,09:30
IWM,2026-04-06,Lun,combined,40,09:58,09:30-10:30,357,CALL,-42.31,-47.37,-37.25,0.21,0.33,True,-977.04,-1453.23,-1461.89,-423.12,-97.7,-96.88,-97.46,-42.31,O:IWM260406C00254000,O:IWM260406P00249000,True,09:30
IWM,2026-04-06,Lun,combined,50,09:59,09:30-10:30,356,PUT,-50.77,-36.84,-64.71,0.26,0.25,True,-977.04,-1457.81,-1457.04,-507.74,-97.7,-97.19,-97.14,-50.77,O:IWM260406C00254000,O:IWM260406P00249000,True,09:30
IWM,2026-04-06,Lun,combined,60,10:53,10:30-12:00,302,CALL,-60.35,-65.79,-54.9,0.14,0.24,True,-977.04,-1441.32,-1456.2,-603.46,-97.7,-96.09,-97.08,-60.35,O:IWM260406C00254000,O:IWM260406P00249000,True,09:30
IWM,2026-04-06,Lun,leg,20,09:32,09:30-10:30,383,CALL,-13.21,-42.11,15.69,0.23,0.6,True,-977.04,-1455.3,-1468.7,-700.72,-97.7,-97.02,-97.91,-70.07,O:IWM260406C00254000,O:IWM260406P00249000,True,09:30
IWM,2026-04-06,Lun,leg,30,09:32,09:30-10:30,383,CALL,-13.21,-42.11,15.69,0.23,0.6,True,-977.04,-1455.3,-1468.7,-700.72,-97.7,-97.02,-97.91,-70.07,O:IWM260406C00254000,O:IWM260406P00249000,True,09:30
IWM,2026-04-06,Lun,leg,40,09:32,09:30-10:30,383,CALL,-13.21,-42.11,15.69,0.23,0.6,True,-977.04,-1455.3,-1468.7,-700.72,-97.7,-97.02,-97.91,-70.07,O:IWM260406C00254000,O:IWM260406P00249000,True,09:30
IWM,2026-04-06,Lun,leg,50,09:48,09:30-10:30,367,CALL,-31.86,-50.0,-13.73,0.2,0.45,True,-977.04,-1452.04,-1465.93,-740.2,-97.7,-96.8,-97.73,-74.02,O:IWM260406C00254000,O:IWM260406P00249000,True,09:30
IWM,2026-04-06,Lun,leg,60,09:59,09:30-10:30,356,PUT,-50.77,-36.84,-64.71,0.26,0.25,True,-977.04,-1457.81,-1457.04,-810.37,-97.7,-97.19,-97.14,-81.04,O:IWM260406C00254000,O:IWM260406P00249000,True,09:30
QQQ,2026-04-07,Mar,combined,20,09:34,09:30-10:30,381,CALL,-21.82,-34.55,-9.09,0.37,0.31,True,-881.82,-1206.14,-1381.82,-218.18,-88.18,-80.41,-92.12,-21.82,O:QQQ260407C00592000,O:QQQ260407P00576000,True,09:30
QQQ,2026-04-07,Mar,combined,30,09:38,09:30-10:30,377,CALL,-32.73,-38.18,-27.27,0.35,0.25,True,-881.82,-1196.1,-1381.82,-327.27,-88.18,-79.74,-92.12,-32.73,O:QQQ260407C00592000,O:QQQ260407P00576000,True,09:30
QQQ,2026-04-07,Mar,combined,40,09:42,09:30-10:30,373,CALL,-43.03,-52.73,-33.33,0.27,0.23,True,-881.82,-1141.08,-1381.82,-430.3,-88.18,-76.07,-92.12,-43.03,O:QQQ260407C00592000,O:QQQ260407P00576000,True,09:30
QQQ,2026-04-07,Mar,combined,50,09:55,09:30-10:30,360,CALL,-50.0,-63.64,-36.36,0.21,0.22,True,-881.82,-1072.29,-1381.82,-500.0,-88.18,-71.49,-92.12,-50.0,O:QQQ260407C00592000,O:QQQ260407P00576000,True,09:30
QQQ,2026-04-07,Mar,combined,60,12:11,12:00-13:30,224,CALL,-60.3,-69.09,-51.52,0.18,0.17,True,-881.82,-1020.71,-1381.82,-603.03,-88.18,-68.05,-92.12,-60.3,O:QQQ260407C00592000,O:QQQ260407P00576000,True,09:30
QQQ,2026-04-07,Mar,leg,20,09:31,09:30-10:30,384,CALL,-2.73,-23.64,18.18,0.43,0.4,True,-881.82,-1230.66,-1381.82,-618.18,-88.18,-82.04,-92.12,-61.82,O:QQQ260407C00592000,O:QQQ260407P00576000,True,09:30
QQQ,2026-04-07,Mar,leg,30,09:34,09:30-10:30,381,CALL,-21.82,-34.55,-9.09,0.37,0.31,True,-881.82,-1206.14,-1381.82,-672.73,-88.18,-80.41,-92.12,-67.27,O:QQQ260407C00592000,O:QQQ260407P00576000,True,09:30
QQQ,2026-04-07,Mar,leg,40,09:39,09:30-10:30,376,CALL,-32.73,-47.27,-18.18,0.3,0.28,True,-881.82,-1165.15,-1381.82,-736.36,-88.18,-77.68,-92.12,-73.64,O:QQQ260407C00592000,O:QQQ260407P00576000,True,09:30
QQQ,2026-04-07,Mar,leg,50,09:40,09:30-10:30,375,CALL,-33.03,-50.91,-15.15,0.28,0.29,True,-881.82,-1149.68,-1381.82,-754.55,-88.18,-76.65,-92.12,-75.45,O:QQQ260407C00592000,O:QQQ260407P00576000,True,09:30
QQQ,2026-04-07,Mar,leg,60,09:44,09:30-10:30,371,CALL,-46.97,-63.64,-30.3,0.21,0.24,True,-881.82,-1072.29,-1381.82,-818.18,-88.18,-71.49,-92.12,-81.82,O:QQQ260407C00592000,O:QQQ260407P00576000,True,09:30
SPY,2026-04-07,Mar,combined,20,09:34,09:30-10:30,381,CALL,-21.25,-42.5,0.0,0.24,0.45,True,-801.14,-988.64,-1290.03,-212.5,-80.11,-65.91,-86.0,-21.25,O:SPY260407C00663000,O:SPY260407P00649000,True,09:31
SPY,2026-04-07,Mar,combined,30,09:53,09:30-10:30,362,CALL,-33.18,-55.0,-11.36,0.19,0.4,True,-801.14,-906.4,-1288.64,-331.82,-80.11,-60.43,-85.91,-33.18,O:SPY260407C00663000,O:SPY260407P00649000,True,09:31
SPY,2026-04-07,Mar,combined,40,11:36,10:30-12:00,259,CALL,-42.05,-75.0,-9.09,0.11,0.41,True,-801.14,-619.32,-1288.94,-420.45,-80.11,-41.29,-85.93,-42.05,O:SPY260407C00663000,O:SPY260407P00649000,True,09:31
SPY,2026-04-07,Mar,combined,50,12:11,12:00-13:30,224,CALL,-50.23,-55.0,-45.45,0.19,0.25,True,-801.14,-906.4,-1281.14,-502.27,-80.11,-60.43,-85.41,-50.23,O:SPY260407C00663000,O:SPY260407P00649000,True,09:31
SPY,2026-04-07,Mar,combined,60,12:41,12:00-13:30,194,CALL,-60.8,-62.5,-59.09,0.16,0.19,True,-801.14,-832.39,-1274.82,-607.95,-80.11,-55.49,-84.99,-60.8,O:SPY260407C00663000,O:SPY260407P00649000,True,09:31
SPY,2026-04-07,Mar,leg,20,09:33,09:30-10:30,382,CALL,-11.59,-30.0,6.82,0.29,0.48,True,-801.14,-1042.52,-1290.72,-638.64,-80.11,-69.5,-86.05,-63.86,O:SPY260407C00663000,O:SPY260407P00649000,True,09:31
SPY,2026-04-07,Mar,leg,30,09:34,09:30-10:30,381,CALL,-21.25,-42.5,0.0,0.24,0.45,True,-801.14,-988.64,-1290.03,-701.14,-80.11,-65.91,-86.0,-70.11,O:SPY260407C00663000,O:SPY260407P00649000,True,09:31
SPY,2026-04-07,Mar,leg,40,09:34,09:30-10:30,381,CALL,-21.25,-42.5,0.0,0.24,0.45,True,-801.14,-988.64,-1290.03,-701.14,-80.11,-65.91,-86.0,-70.11,O:SPY260407C00663000,O:SPY260407P00649000,True,09:31
SPY,2026-04-07,Mar,leg,50,09:40,09:30-10:30,375,CALL,-18.18,-50.0,13.64,0.21,0.51,True,-801.14,-943.99,-1291.33,-738.64,-80.11,-62.93,-86.09,-73.86,O:SPY260407C00663000,O:SPY260407P00649000,True,09:31
SPY,2026-04-07,Mar,leg,60,09:57,09:30-10:30,358,CALL,-24.32,-60.0,11.36,0.17,0.5,True,-801.14,-859.96,-1291.14,-788.64,-80.11,-57.33,-86.08,-78.86,O:SPY260407C00663000,O:SPY260407P00649000,True,09:31
IWM,2026-04-07,Mar,combined,20,09:33,09:30-10:30,382,PUT,-20.98,-9.52,-32.43,0.26,0.4,True,-833.33,-1333.33,-1158.33,-209.78,-83.33,-88.89,-77.22,-20.98,O:IWM260407C00254000,O:IWM260407P00248000,True,09:30
IWM,2026-04-07,Mar,combined,30,09:43,09:30-10:30,372,CALL,-30.24,-52.38,-8.11,0.21,0.35,True,-833.33,-1000.0,-1333.33,-302.45,-83.33,-66.67,-88.89,-30.24,O:IWM260407C00254000,O:IWM260407P00248000,True,09:30
IWM,2026-04-07,Mar,combined,40,10:20,09:30-10:30,335,CALL,-41.76,-61.9,-21.62,0.18,0.3,True,-833.33,-944.44,-1333.33,-417.63,-83.33,-62.96,-88.89,-41.76,O:IWM260407C00254000,O:IWM260407P00248000,True,09:30
IWM,2026-04-07,Mar,combined,50,11:15,10:30-12:00,280,CALL,-50.03,-59.52,-40.54,0.19,0.24,True,-833.33,-964.91,-1333.33,-500.32,-83.33,-64.33,-88.89,-50.03,O:IWM260407C00254000,O:IWM260407P00248000,True,09:30
IWM,2026-04-07,Mar,combined,60,11:46,10:30-12:00,249,CALL,-60.04,-71.43,-48.65,0.14,0.2,True,-833.33,-833.33,-1333.33,-600.39,-83.33,-55.56,-88.89,-60.04,O:IWM260407C00254000,O:IWM260407P00248000,True,09:30
IWM,2026-04-07,Mar,leg,20,09:33,09:30-10:30,382,PUT,-20.98,-9.52,-32.43,0.26,0.4,True,-833.33,-1333.33,-1158.33,-495.5,-83.33,-88.89,-77.22,-49.55,O:IWM260407C00254000,O:IWM260407P00248000,True,09:30
IWM,2026-04-07,Mar,leg,30,09:33,09:30-10:30,382,PUT,-20.98,-9.52,-32.43,0.26,0.4,True,-833.33,-1333.33,-1158.33,-495.5,-83.33,-88.89,-77.22,-49.55,O:IWM260407C00254000,O:IWM260407P00248000,True,09:30
IWM,2026-04-07,Mar,leg,40,09:38,09:30-10:30,377,CALL,-21.11,-47.62,5.41,0.23,0.4,True,-833.33,-1028.99,-1333.33,-738.1,-83.33,-68.6,-88.89,-73.81,O:IWM260407C00254000,O:IWM260407P00248000,True,09:30
IWM,2026-04-07,Mar,leg,50,09:39,09:30-10:30,376,CALL,-20.79,-52.38,10.81,0.21,0.42,True,-833.33,-1000.0,-1333.33,-761.9,-83.33,-66.67,-88.89,-76.19,O:IWM260407C00254000,O:IWM260407P00248000,True,09:30
IWM,2026-04-07,Mar,leg,60,09:47,09:30-10:30,368,CALL,-25.39,-64.29,13.51,0.16,0.43,True,-833.33,-895.83,-1333.33,-821.43,-83.33,-59.72,-88.89,-82.14,O:IWM260407C00254000,O:IWM260407P00248000,True,09:30
QQQ,2026-04-08,Mié,combined,20,09:30,09:30-10:30,385,PUT,-23.16,-8.82,-37.5,0.31,0.34,True,-989.58,-1473.45,-1489.58,-231.62,-98.96,-98.23,-99.31,-23.16,O:QQQ260408C00614000,O:QQQ260408P00598000,True,09:30
QQQ,2026-04-08,Mié,combined,30,09:32,09:30-10:30,383,CALL,-32.48,-44.12,-20.83,0.2,0.39,True,-989.58,-1489.58,-1476.76,-324.75,-98.96,-99.31,-98.45,-32.48,O:QQQ260408C00614000,O:QQQ260408P00598000,True,09:30
QQQ,2026-04-08,Mié,combined,40,09:36,09:30-10:30,379,PUT,-43.5,-41.18,-45.83,0.28,0.21,True,-989.58,-1471.73,-1489.58,-435.05,-98.96,-98.12,-99.31,-43.5,O:QQQ260408C00614000,O:QQQ260408P00598000,True,09:30
QQQ,2026-04-08,Mié,combined,50,09:46,09:30-10:30,369,CALL,-50.67,-61.76,-39.58,0.14,0.3,True,-989.58,-1489.58,-1472.92,-506.74,-98.96,-99.31,-98.19,-50.67,O:QQQ260408C00614000,O:QQQ260408P00598000,True,09:30
QQQ,2026-04-08,Mié,combined,60,10:05,09:30-10:30,350,CALL,-61.58,-79.41,-43.75,0.08,0.28,True,-989.58,-1489.58,-1471.73,-615.81,-98.96,-99.31,-98.12,-61.58,O:QQQ260408C00614000,O:QQQ260408P00598000,True,09:30
QQQ,2026-04-08,Mié,leg,20,09:30,09:30-10:30,385,PUT,-23.16,-8.82,-37.5,0.31,0.34,True,-989.58,-1473.45,-1489.58,-687.5,-98.96,-98.23,-99.31,-68.75,O:QQQ260408C00614000,O:QQQ260408P00598000,True,09:30
QQQ,2026-04-08,Mié,leg,30,09:30,09:30-10:30,385,PUT,-23.16,-8.82,-37.5,0.31,0.34,True,-989.58,-1473.45,-1489.58,-687.5,-98.96,-98.23,-99.31,-68.75,O:QQQ260408C00614000,O:QQQ260408P00598000,True,09:30
QQQ,2026-04-08,Mié,leg,40,09:32,09:30-10:30,383,CALL,-32.48,-44.12,-20.83,0.2,0.39,True,-989.58,-1489.58,-1476.76,-710.17,-98.96,-99.31,-98.45,-71.02,O:QQQ260408C00614000,O:QQQ260408P00598000,True,09:30
QQQ,2026-04-08,Mié,leg,50,09:33,09:30-10:30,382,CALL,-38.97,-52.94,-25.0,0.17,0.38,True,-989.58,-1489.58,-1476.43,-754.29,-98.96,-99.31,-98.43,-75.43,O:QQQ260408C00614000,O:QQQ260408P00598000,True,09:30
QQQ,2026-04-08,Mié,leg,60,09:42,09:30-10:30,373,CALL,-35.48,-64.71,-6.25,0.13,0.46,True,-989.58,-1489.58,-1478.71,-813.11,-98.96,-99.31,-98.58,-81.31,O:QQQ260408C00614000,O:QQQ260408P00598000,True,09:30
SPY,2026-04-08,Mié,combined,20,09:37,09:30-10:30,378,CALL,-21.57,-37.14,-6.0,0.23,0.48,True,-990.0,-1490.0,-1479.58,-215.71,-99.0,-99.33,-98.64,-21.57,O:SPY260408C00681000,O:SPY260408P00669000,True,09:30
SPY,2026-04-08,Mié,combined,30,09:45,09:30-10:30,370,CALL,-31.57,-57.14,-6.0,0.16,0.48,True,-990.0,-1490.0,-1479.58,-315.71,-99.0,-99.33,-98.64,-31.57,O:SPY260408C00681000,O:SPY260408P00669000,True,09:30
SPY,2026-04-08,Mié,combined,40,10:05,09:30-10:30,350,CALL,-43.29,-68.57,-18.0,0.12,0.42,True,-990.0,-1490.0,-1478.1,-432.86,-99.0,-99.33,-98.54,-43.29,O:SPY260408C00681000,O:SPY260408P00669000,True,09:30
SPY,2026-04-08,Mié,combined,50,10:15,09:30-10:30,340,CALL,-50.14,-74.29,-26.0,0.1,0.38,True,-990.0,-1490.0,-1476.84,-501.43,-99.0,-99.33,-98.46,-50.14,O:SPY260408C00681000,O:SPY260408P00669000,True,09:30
SPY,2026-04-08,Mié,combined,60,11:32,10:30-12:00,263,CALL,-60.29,-88.57,-32.0,0.05,0.35,True,-990.0,-1490.0,-1475.71,-602.86,-99.0,-99.33,-98.38,-60.29,O:SPY260408C00681000,O:SPY260408P00669000,True,09:30
SPY,2026-04-08,Mié,leg,20,09:31,09:30-10:30,384,CALL,5.57,-22.86,34.0,0.28,0.68,True,-990.0,-1490.0,-1482.65,-604.29,-99.0,-99.33,-98.84,-60.43,O:SPY260408C00681000,O:SPY260408P00669000,True,09:30
SPY,2026-04-08,Mié,leg,30,09:37,09:30-10:30,378,CALL,-21.57,-37.14,-6.0,0.23,0.48,True,-990.0,-1490.0,-1479.58,-675.71,-99.0,-99.33,-98.64,-67.57,O:SPY260408C00681000,O:SPY260408P00669000,True,09:30
SPY,2026-04-08,Mié,leg,40,09:39,09:30-10:30,376,CALL,-17.43,-42.86,8.0,0.21,0.56,True,-990.0,-1490.0,-1481.07,-704.29,-99.0,-99.33,-98.74,-70.43,O:SPY260408C00681000,O:SPY260408P00669000,True,09:30
SPY,2026-04-08,Mié,leg,50,09:41,09:30-10:30,374,CALL,-19.71,-51.43,12.0,0.18,0.57,True,-990.0,-1490.0,-1481.23,-747.14,-99.0,-99.33,-98.75,-74.71,O:SPY260408C00681000,O:SPY260408P00669000,True,09:30
SPY,2026-04-08,Mié,leg,60,09:53,09:30-10:30,362,CALL,-18.86,-65.71,28.0,0.13,0.65,True,-990.0,-1490.0,-1482.31,-818.57,-99.0,-99.33,-98.82,-81.86,O:SPY260408C00681000,O:SPY260408P00669000,True,09:30
IWM,2026-04-08,Mié,combined,20,09:38,09:30-10:30,377,CALL,-20.06,-47.27,7.14,0.31,0.47,True,-988.1,-1488.1,-1477.46,-200.65,-98.81,-99.21,-98.5,-20.06,O:IWM260408C00264000,O:IWM260408P00259000,True,09:30
IWM,2026-04-08,Mié,combined,30,09:49,09:30-10:30,366,CALL,-30.78,-47.27,-14.29,0.3,0.37,True,-988.1,-1488.1,-1474.58,-307.79,-98.81,-99.21,-98.31,-30.78,O:IWM260408C00264000,O:IWM260408P00259000,True,09:30
IWM,2026-04-08,Mié,combined,40,10:14,09:30-10:30,341,CALL,-41.19,-80.0,-2.38,0.12,0.42,True,-988.1,-1488.1,-1476.19,-411.9,-98.81,-99.21,-98.41,-41.19,O:IWM260408C00264000,O:IWM260408P00259000,True,09:30
IWM,2026-04-08,Mié,combined,50,10:22,09:30-10:30,333,CALL,-50.15,-83.64,-16.67,0.11,0.36,True,-988.1,-1488.1,-1474.21,-501.52,-98.81,-99.21,-98.28,-50.15,O:IWM260408C00264000,O:IWM260408P00259000,True,09:30
IWM,2026-04-08,Mié,combined,60,11:41,10:30-12:00,254,CALL,-62.47,-96.36,-28.57,0.03,0.31,True,-988.1,-1488.1,-1471.97,-624.68,-98.81,-99.21,-98.13,-62.47,O:IWM260408C00264000,O:IWM260408P00259000,True,09:30
IWM,2026-04-08,Mié,leg,20,09:31,09:30-10:30,384,CALL,-1.52,-36.36,33.33,0.37,0.59,True,-988.1,-1488.1,-1479.62,-669.91,-98.81,-99.21,-98.64,-66.99,O:IWM260408C00264000,O:IWM260408P00259000,True,09:30
IWM,2026-04-08,Mié,leg,30,09:31,09:30-10:30,384,CALL,-1.52,-36.36,33.33,0.37,0.59,True,-988.1,-1488.1,-1479.62,-669.91,-98.81,-99.21,-98.64,-66.99,O:IWM260408C00264000,O:IWM260408P00259000,True,09:30
IWM,2026-04-08,Mié,leg,40,09:34,09:30-10:30,381,CALL,-9.35,-47.27,28.57,0.3,0.56,True,-988.1,-1488.1,-1479.17,-724.46,-98.81,-99.21,-98.61,-72.45,O:IWM260408C00264000,O:IWM260408P00259000,True,09:30
IWM,2026-04-08,Mié,leg,50,09:35,09:30-10:30,380,CALL,-9.76,-60.0,40.48,0.23,0.6,True,-988.1,-1488.1,-1479.76,-788.1,-98.81,-99.21,-98.65,-78.81,O:IWM260408C00264000,O:IWM260408P00259000,True,09:30
IWM,2026-04-08,Mié,leg,60,09:35,09:30-10:30,380,CALL,-9.76,-60.0,40.48,0.23,0.6,True,-988.1,-1488.1,-1479.76,-788.1,-98.81,-99.21,-98.65,-78.81,O:IWM260408C00264000,O:IWM260408P00259000,True,09:30
QQQ,2026-04-09,Jue,combined,20,09:39,09:30-10:30,376,CALL,-20.73,-33.96,-7.5,0.36,0.38,True,37.74,1065.51,-462.26,-207.31,3.77,71.03,-30.82,-20.73,O:QQQ260409C00609000,O:QQQ260409P00600000,True,09:30
QQQ,2026-04-09,Jue,combined,30,10:03,09:30-10:30,352,CALL,-31.75,-58.49,-5.0,0.23,0.39,True,37.74,1929.04,-462.26,-317.45,3.77,128.6,-30.82,-31.75,O:QQQ260409C00609000,O:QQQ260409P00600000,True,09:30
QQQ,2026-04-09,Jue,combined,40,10:05,09:30-10:30,350,CALL,-45.5,-58.49,-32.5,0.23,0.28,True,37.74,1929.04,-462.26,-454.95,3.77,128.6,-30.82,-45.5,O:QQQ260409C00609000,O:QQQ260409P00600000,True,09:30
QQQ,2026-04-09,Jue,combined,50,10:45,10:30-12:00,310,CALL,-53.68,-77.36,-30.0,0.13,0.29,True,37.74,3768.51,-462.26,-536.79,3.77,251.23,-30.82,-53.68,O:QQQ260409C00609000,O:QQQ260409P00600000,True,09:30
QQQ,2026-04-09,Jue,combined,60,11:12,10:30-12:00,283,CALL,-61.46,-67.92,-55.0,0.18,0.19,True,37.74,2593.29,-462.26,-614.62,3.77,172.89,-30.82,-61.46,O:QQQ260409C00609000,O:QQQ260409P00600000,True,09:30
QQQ,2026-04-09,Jue,leg,20,09:32,09:30-10:30,383,CALL,-12.92,-35.85,10.0,0.35,0.45,True,37.74,1109.16,-462.26,-679.25,3.77,73.94,-30.82,-67.92,O:QQQ260409C00609000,O:QQQ260409P00600000,True,09:30
QQQ,2026-04-09,Jue,leg,30,09:32,09:30-10:30,383,CALL,-12.92,-35.85,10.0,0.35,0.45,True,37.74,1109.16,-462.26,-679.25,3.77,73.94,-30.82,-67.92,O:QQQ260409C00609000,O:QQQ260409P00600000,True,09:30
QQQ,2026-04-09,Jue,leg,40,09:34,09:30-10:30,381,CALL,-8.58,-47.17,30.0,0.29,0.53,True,37.74,1434.29,-462.26,-735.85,3.77,95.62,-30.82,-73.58,O:QQQ260409C00609000,O:QQQ260409P00600000,True,09:30
QQQ,2026-04-09,Jue,leg,50,09:53,09:30-10:30,362,CALL,-19.22,-50.94,12.5,0.27,0.46,True,37.74,1574.77,-462.26,-754.72,3.77,104.98,-30.82,-75.47,O:QQQ260409C00609000,O:QQQ260409P00600000,True,09:30
QQQ,2026-04-09,Jue,leg,60,09:56,09:30-10:30,359,CALL,-20.19,-60.38,20.0,0.22,0.49,True,37.74,2037.74,-462.26,-801.89,3.77,135.85,-30.82,-80.19,O:QQQ260409C00609000,O:QQQ260409P00600000,True,09:30
SPY,2026-04-09,Jue,combined,20,09:51,09:30-10:30,364,PUT,-21.21,-14.63,-27.78,0.27,0.36,True,1489.5,1008.02,3808.94,-212.06,148.95,67.2,253.93,-21.21,O:SPY260409C00678000,O:SPY260409P00669000,True,09:30
SPY,2026-04-09,Jue,combined,30,10:01,09:30-10:30,354,PUT,-30.59,-19.51,-41.67,0.22,0.34,True,1489.5,1012.23,3974.79,-305.89,148.95,67.48,264.99,-30.59,O:SPY260409C00678000,O:SPY260409P00669000,True,09:30
SPY,2026-04-09,Jue,combined,40,10:06,09:30-10:30,349,PUT,-41.19,-26.83,-55.56,0.17,0.31,True,1489.5,1018.91,4263.69,-411.92,148.95,67.93,284.25,-41.19,O:SPY260409C00678000,O:SPY260409P00669000,True,09:30
SPY,2026-04-09,Jue,combined,50,10:23,09:30-10:30,332,CALL,-50.61,-51.22,-50.0,0.21,0.19,True,1489.5,5822.83,1015.81,-506.1,148.95,388.19,67.72,-50.61,O:SPY260409C00678000,O:SPY260409P00669000,True,09:30
SPY,2026-04-09,Jue,leg,20,09:35,09:30-10:30,380,CALL,-16.53,-21.95,-11.11,0.33,0.33,True,1489.5,4065.26,1004.65,-595.87,148.95,271.02,66.98,-59.59,O:SPY260409C00678000,O:SPY260409P00669000,True,09:30
SPY,2026-04-09,Jue,leg,30,09:42,09:30-10:30,373,PUT,-9.35,14.63,-33.33,0.25,0.48,True,1489.5,1009.5,3104.08,1808.94,148.95,67.3,206.94,180.89,O:SPY260409C00678000,O:SPY260409P00669000,True,09:30
SPY,2026-04-09,Jue,leg,40,09:59,09:30-10:30,356,PUT,-26.93,-12.2,-41.67,0.22,0.37,True,1489.5,1012.23,3732.74,1767.28,148.95,67.48,248.85,176.73,O:SPY260409C00678000,O:SPY260409P00669000,True,09:30
SPY,2026-04-09,Jue,leg,50,10:03,09:30-10:30,352,PUT,-33.54,-17.07,-50.0,0.19,0.35,True,1489.5,1015.81,3889.5,1725.61,148.95,67.72,259.3,172.56,O:SPY260409C00678000,O:SPY260409P00669000,True,09:30
SPY,2026-04-09,Jue,leg,60,10:26,09:30-10:30,329,CALL,-49.76,-63.41,-36.11,0.16,0.24,True,1489.5,7333.25,1010.33,-803.18,148.95,488.88,67.36,-80.32,O:SPY260409C00678000,O:SPY260409P00669000,True,09:30
IWM,2026-04-09,Jue,combined,20,09:54,09:30-10:30,361,PUT,-20.34,21.54,-62.22,0.18,0.8,True,430.77,-69.23,1093.27,-203.42,43.08,-4.62,72.88,-20.34,O:IWM260409C00260000,O:IWM260409P00257000,True,09:30
IWM,2026-04-09,Jue,combined,30,10:13,09:30-10:30,342,PUT,-33.08,-6.15,-60.0,0.19,0.63,True,430.77,-69.23,1406.96,-330.77,43.08,-4.62,93.8,-33.08,O:IWM260409C00260000,O:IWM260409P00257000,True,09:30
IWM,2026-04-09,Jue,combined,40,10:16,09:30-10:30,339,PUT,-41.62,-27.69,-55.56,0.21,0.49,True,430.77,-69.23,1828.73,-416.24,43.08,-4.62,121.92,-41.62,O:IWM260409C00260000,O:IWM260409P00257000,True,09:30
IWM,2026-04-09,Jue,leg,20,09:30,09:30-10:30,385,PUT,-17.09,-3.08,-31.11,0.34,0.65,True,430.77,-69.23,1361.54,775.21,43.08,-4.62,90.77,77.52,O:IWM260409C00260000,O:IWM260409P00257000,True,09:30
IWM,2026-04-09,Jue,leg,30,09:30,09:30-10:30,385,PUT,-17.09,-3.08,-31.11,0.34,0.65,True,430.77,-69.23,1361.54,775.21,43.08,-4.62,90.77,77.52,O:IWM260409C00260000,O:IWM260409P00257000,True,09:30
IWM,2026-04-09,Jue,leg,40,09:31,09:30-10:30,384,PUT,-12.56,21.54,-46.67,0.25,0.81,True,430.77,-69.23,1078.92,697.44,43.08,-4.62,71.93,69.74,O:IWM260409C00260000,O:IWM260409P00257000,True,09:30
IWM,2026-04-09,Jue,leg,50,09:33,09:30-10:30,382,PUT,-12.48,26.15,-51.11,0.23,0.83,True,430.77,-69.23,1051.25,675.21,43.08,-4.62,70.08,67.52,O:IWM260409C00260000,O:IWM260409P00257000,True,09:30
IWM,2026-04-09,Jue,leg,60,09:36,09:30-10:30,379,PUT,-2.31,55.38,-60.0,0.19,1.02,True,430.77,-69.23,842.53,630.77,43.08,-4.62,56.17,63.08,O:IWM260409C00260000,O:IWM260409P00257000,True,09:30
QQQ,2026-04-10,Vie,combined,20,10:00,09:30-10:30,355,CALL,-22.92,-36.17,-9.68,0.31,0.29,True,-983.87,-1483.87,-1466.63,-229.24,-98.39,-98.92,-97.78,-22.92,O:QQQ260410C00615000,O:QQQ260410P00606000,True,09:30
QQQ,2026-04-10,Vie,combined,30,10:04,09:30-10:30,351,CALL,-30.92,-48.94,-12.9,0.25,0.28,True,-983.87,-1483.87,-1466.01,-309.2,-98.39,-98.92,-97.73,-30.92,O:QQQ260410C00615000,O:QQQ260410P00606000,True,09:30
QQQ,2026-04-10,Vie,combined,40,10:13,09:30-10:30,342,CALL,-40.63,-42.55,-38.71,0.28,0.2,True,-983.87,-1483.87,-1458.87,-406.31,-98.39,-98.92,-97.26,-40.63,O:QQQ260410C00615000,O:QQQ260410P00606000,True,09:30
QQQ,2026-04-10,Vie,combined,50,10:44,10:30-12:00,311,PUT,-50.27,-48.94,-51.61,0.16,0.25,True,-983.87,-1452.62,-1483.87,-502.75,-98.39,-96.84,-98.92,-50.27,O:QQQ260410C00615000,O:QQQ260410P00606000,True,09:30
QQQ,2026-04-10,Vie,combined,60,12:11,12:00-13:30,224,CALL,-60.36,-72.34,-48.39,0.14,0.17,True,-983.87,-1483.87,-1454.46,-603.64,-98.39,-98.92,-96.96,-60.36,O:QQQ260410C00615000,O:QQQ260410P00606000,True,09:30
QQQ,2026-04-10,Vie,leg,20,09:31,09:30-10:30,384,PUT,4.67,31.91,-22.58,0.25,0.63,True,-983.87,-1463.87,-1483.87,-612.9,-98.39,-97.59,-98.92,-61.29,O:QQQ260410C00615000,O:QQQ260410P00606000,True,09:30
QQQ,2026-04-10,Vie,leg,30,10:00,09:30-10:30,355,CALL,-22.92,-36.17,-9.68,0.31,0.29,True,-983.87,-1483.87,-1466.63,-664.72,-98.39,-98.92,-97.78,-66.47,O:QQQ260410C00615000,O:QQQ260410P00606000,True,09:30
QQQ,2026-04-10,Vie,leg,40,10:01,09:30-10:30,354,CALL,-23.4,-46.81,0.0,0.26,0.32,True,-983.87,-1483.87,-1468.25,-717.91,-98.39,-98.92,-97.88,-71.79,O:QQQ260410C00615000,O:QQQ260410P00606000,True,09:30
QQQ,2026-04-10,Vie,leg,50,10:06,09:30-10:30,349,CALL,-33.6,-51.06,-16.13,0.24,0.27,True,-983.87,-1483.87,-1465.35,-739.19,-98.39,-98.92,-97.69,-73.92,O:QQQ260410C00615000,O:QQQ260410P00606000,True,09:30
QQQ,2026-04-10,Vie,leg,60,10:31,10:30-12:00,324,PUT,-43.41,-25.53,-61.29,0.13,0.36,True,-983.87,-1445.41,-1483.87,-806.45,-98.39,-96.36,-98.92,-80.65,O:QQQ260410C00615000,O:QQQ260410P00606000,True,09:30
SPY,2026-04-10,Vie,combined,20,09:31,09:30-10:30,384,CALL,-23.32,-32.35,-14.29,0.24,0.31,True,-914.29,-1414.29,-1317.51,-233.19,-91.43,-94.29,-87.83,-23.32,O:SPY260410C00685000,O:SPY260410P00677000,True,09:30
SPY,2026-04-10,Vie,combined,30,10:02,09:30-10:30,353,CALL,-32.39,-67.65,2.86,0.12,0.37,True,-914.29,-1414.29,-1333.2,-323.95,-91.43,-94.29,-88.88,-32.39,O:SPY260410C00685000,O:SPY260410P00677000,True,09:30
SPY,2026-04-10,Vie,combined,40,10:12,09:30-10:30,343,CALL,-43.87,-70.59,-17.14,0.11,0.3,True,-914.29,-1414.29,-1314.29,-438.66,-91.43,-94.29,-87.62,-43.87,O:SPY260410C00685000,O:SPY260410P00677000,True,09:30
SPY,2026-04-10,Vie,combined,50,10:26,09:30-10:30,329,CALL,-50.76,-52.94,-48.57,0.17,0.19,True,-914.29,-1414.29,-1256.39,-507.56,-91.43,-94.29,-83.76,-50.76,O:SPY260410C00685000,O:SPY260410P00677000,True,09:30
SPY,2026-04-10,Vie,combined,60,11:25,10:30-12:00,270,PUT,-60.84,-58.82,-62.86,0.14,0.15,True,-914.29,-1200.0,-1414.29,-608.4,-91.43,-80.0,-94.29,-60.84,O:SPY260410C00685000,O:SPY260410P00677000,True,09:30
SPY,2026-04-10,Vie,leg,20,09:30,09:30-10:30,385,CALL,-16.13,-29.41,-2.86,0.25,0.35,True,-914.29,-1414.29,-1328.57,-561.34,-91.43,-94.29,-88.57,-56.13,O:SPY260410C00685000,O:SPY260410P00677000,True,09:30
SPY,2026-04-10,Vie,leg,30,09:31,09:30-10:30,384,CALL,-23.32,-32.35,-14.29,0.24,0.31,True,-914.29,-1414.29,-1317.51,-576.05,-91.43,-94.29,-87.83,-57.61,O:SPY260410C00685000,O:SPY260410P00677000,True,09:30
SPY,2026-04-10,Vie,leg,40,09:33,09:30-10:30,382,CALL,-24.92,-44.12,-5.71,0.2,0.34,True,-914.29,-1414.29,-1326.05,-634.87,-91.43,-94.29,-88.4,-63.49,O:SPY260410C00685000,O:SPY260410P00677000,True,09:30
SPY,2026-04-10,Vie,leg,50,09:34,09:30-10:30,381,CALL,-19.33,-52.94,14.29,0.17,0.41,True,-914.29,-1414.29,-1341.11,-678.99,-91.43,-94.29,-89.41,-67.9,O:SPY260410C00685000,O:SPY260410P00677000,True,09:30
SPY,2026-04-10,Vie,leg,60,09:35,09:30-10:30,380,CALL,-12.31,-61.76,37.14,0.15,0.49,True,-914.29,-1414.29,-1353.06,-723.11,-91.43,-94.29,-90.2,-72.31,O:SPY260410C00685000,O:SPY260410P00677000,True,09:30
IWM,2026-04-10,Vie,combined,20,09:30,09:30-10:30,385,PUT,-48.27,-26.53,-70.0,0.22,0.38,True,-992.86,-1470.13,-1492.86,-482.65,-99.29,-98.01,-99.52,-48.27,O:IWM260410C00264000,O:IWM260410P00260000,True,09:30
IWM,2026-04-10,Vie,combined,30,09:30,09:30-10:30,385,PUT,-48.27,-26.53,-70.0,0.22,0.38,True,-992.86,-1470.13,-1492.86,-482.65,-99.29,-98.01,-99.52,-48.27,O:IWM260410C00264000,O:IWM260410P00260000,True,09:30
IWM,2026-04-10,Vie,combined,40,09:30,09:30-10:30,385,PUT,-48.27,-26.53,-70.0,0.22,0.38,True,-992.86,-1470.13,-1492.86,-482.65,-99.29,-98.01,-99.52,-48.27,O:IWM260410C00264000,O:IWM260410P00260000,True,09:30
IWM,2026-04-10,Vie,combined,50,09:31,09:30-10:30,384,PUT,-55.0,-42.86,-67.14,0.24,0.29,True,-992.86,-1472.02,-1492.86,-550.0,-99.29,-98.13,-99.52,-55.0,O:IWM260410C00264000,O:IWM260410P00260000,True,09:30
IWM,2026-04-10,Vie,combined,60,09:36,09:30-10:30,379,CALL,-60.41,-69.39,-51.43,0.16,0.35,True,-992.86,-1492.86,-1478.57,-604.08,-99.29,-99.52,-98.57,-60.41,O:IWM260410C00264000,O:IWM260410P00260000,True,09:30
IWM,2026-04-10,Vie,leg,20,09:30,09:30-10:30,385,PUT,-48.27,-26.53,-70.0,0.22,0.38,True,-992.86,-1470.13,-1492.86,-850.0,-99.29,-98.01,-99.52,-85.0,O:IWM260410C00264000,O:IWM260410P00260000,True,09:30
IWM,2026-04-10,Vie,leg,30,09:30,09:30-10:30,385,PUT,-48.27,-26.53,-70.0,0.22,0.38,True,-992.86,-1470.13,-1492.86,-850.0,-99.29,-98.01,-99.52,-85.0,O:IWM260410C00264000,O:IWM260410P00260000,True,09:30
IWM,2026-04-10,Vie,leg,40,09:30,09:30-10:30,385,PUT,-48.27,-26.53,-70.0,0.22,0.38,True,-992.86,-1470.13,-1492.86,-850.0,-99.29,-98.01,-99.52,-85.0,O:IWM260410C00264000,O:IWM260410P00260000,True,09:30
IWM,2026-04-10,Vie,leg,50,09:30,09:30-10:30,385,PUT,-48.27,-26.53,-70.0,0.22,0.38,True,-992.86,-1470.13,-1492.86,-850.0,-99.29,-98.01,-99.52,-85.0,O:IWM260410C00264000,O:IWM260410P00260000,True,09:30
IWM,2026-04-10,Vie,leg,60,09:30,09:30-10:30,385,PUT,-48.27,-26.53,-70.0,0.22,0.38,True,-992.86,-1470.13,-1492.86,-850.0,-99.29,-98.01,-99.52,-85.0,O:IWM260410C00264000,O:IWM260410P00260000,True,09:30
QQQ,2026-04-13,Lun,combined,20,09:43,09:30-10:30,372,CALL,-27.76,-51.52,-4.0,0.17,0.49,True,3696.97,12314.62,3196.97,-277.58,369.7,820.97,213.13,-27.76,O:QQQ260413C00614000,O:QQQ260413P00604000,True,09:30
QQQ,2026-04-13,Lun,combined,30,09:45,09:30-10:30,370,CALL,-30.36,-72.73,12.0,0.1,0.57,True,3696.97,18696.97,3196.97,-303.64,369.7,1246.46,213.13,-30.36,O:QQQ260413C00614000,O:QQQ260413P00604000,True,09:30
QQQ,2026-04-13,Lun,combined,40,10:39,10:30-12:00,316,PUT,-40.09,-18.18,-62.0,0.2,0.28,True,3696.97,3196.97,8732.68,-400.91,369.7,213.13,582.18,-40.09,O:QQQ260413C00614000,O:QQQ260413P00604000,True,09:30
QQQ,2026-04-13,Lun,combined,50,11:31,10:30-12:00,264,PUT,-50.64,-27.27,-74.0,0.14,0.25,True,3696.97,3196.97,9396.97,-506.36,369.7,213.13,626.46,-50.64,O:QQQ260413C00614000,O:QQQ260413P00604000,True,09:30
QQQ,2026-04-13,Lun,combined,60,12:02,12:00-13:30,233,PUT,-62.76,-51.52,-74.0,0.14,0.17,True,3696.97,3196.97,12314.62,-627.58,369.7,213.13,820.97,-62.76,O:QQQ260413C00614000,O:QQQ260413P00604000,True,09:30
QQQ,2026-04-13,Lun,leg,20,09:32,09:30-10:30,383,CALL,-1.12,-24.24,22.0,0.26,0.63,True,3696.97,9158.51,3196.97,-621.21,369.7,610.57,213.13,-62.12,O:QQQ260413C00614000,O:QQQ260413P00604000,True,09:30
QQQ,2026-04-13,Lun,leg,30,09:35,09:30-10:30,380,CALL,-9.15,-30.3,12.0,0.24,0.57,True,3696.97,9655.3,3196.97,-651.52,369.7,643.69,213.13,-65.15,O:QQQ260413C00614000,O:QQQ260413P00604000,True,09:30
QQQ,2026-04-13,Lun,leg,40,09:36,09:30-10:30,379,CALL,-4.21,-42.42,34.0,0.2,0.69,True,3696.97,10946.97,3196.97,-712.12,369.7,729.8,213.13,-71.21,O:QQQ260413C00614000,O:QQQ260413P00604000,True,09:30
QQQ,2026-04-13,Lun,leg,50,09:41,09:30-10:30,374,CALL,-18.76,-51.52,14.0,0.17,0.58,True,3696.97,12314.62,3196.97,-757.58,369.7,820.97,213.13,-75.76,O:QQQ260413C00614000,O:QQQ260413P00604000,True,09:30
QQQ,2026-04-13,Lun,leg,60,09:44,09:30-10:30,371,CALL,-26.3,-60.61,8.0,0.14,0.56,True,3696.97,14268.4,3196.97,-803.03,369.7,951.23,213.13,-80.3,O:QQQ260413C00614000,O:QQQ260413P00604000,True,09:30
SPY,2026-04-13,Lun,combined,20,09:44,09:30-10:30,371,CALL,-23.6,-40.54,-6.67,0.23,0.43,True,5632.73,15784.91,5144.36,-236.04,563.27,1052.33,342.96,-23.6,O:SPY260413C00681000,O:SPY260413P00672000,True,09:30
SPY,2026-04-13,Lun,combined,30,11:31,10:30-12:00,264,PUT,-30.39,8.11,-68.89,0.15,0.41,True,5632.73,5166.07,11108.34,-303.9,563.27,344.4,740.56,-30.39,O:SPY260413C00681000,O:SPY260413P00672000,True,09:30
SPY,2026-04-13,Lun,combined,40,12:02,12:00-13:30,233,PUT,-45.5,-24.32,-66.67,0.16,0.29,True,5632.73,5163.98,13581.01,-454.95,563.27,344.27,905.4,-45.5,O:SPY260413C00681000,O:SPY260413P00672000,True,09:30
SPY,2026-04-13,Lun,leg,20,09:35,09:30-10:30,380,CALL,-5.26,-21.62,11.11,0.3,0.51,True,5632.73,13299.4,5142.54,-597.0,563.27,886.63,342.84,-59.7,O:SPY260413C00681000,O:SPY260413P00672000,True,09:30
SPY,2026-04-13,Lun,leg,30,09:41,09:30-10:30,374,CALL,-15.11,-32.43,2.22,0.26,0.47,True,5632.73,14555.81,5143.37,-651.05,563.27,970.39,342.89,-65.11,O:SPY260413C00681000,O:SPY260413P00672000,True,09:30
SPY,2026-04-13,Lun,leg,40,09:44,09:30-10:30,371,CALL,-23.6,-40.54,-6.67,0.23,0.43,True,5632.73,15784.91,5144.36,-691.59,563.27,1052.33,342.96,-69.16,O:SPY260413C00681000,O:SPY260413P00672000,True,09:30
SPY,2026-04-13,Lun,leg,50,09:45,09:30-10:30,370,CALL,-25.68,-51.35,0.0,0.19,0.46,True,5632.73,18027.47,5143.6,-745.65,563.27,1201.83,342.91,-74.56,O:SPY260413C00681000,O:SPY260413P00672000,True,09:30
SPY,2026-04-13,Lun,leg,60,10:24,09:30-10:30,331,PUT,2.43,64.86,-60.0,0.19,0.62,True,5632.73,5159.05,9084.35,5821.62,563.27,343.94,605.62,582.16,O:SPY260413C00681000,O:SPY260413P00672000,True,09:30
IWM,2026-04-13,Lun,combined,20,09:30,09:30-10:30,385,PUT,-33.41,-7.5,-59.32,0.26,0.4,True,2750.0,2250.0,6000.0,-334.11,275.0,150.0,400.0,-33.41,O:IWM260413C00262000,O:IWM260413P00258000,True,09:30
IWM,2026-04-13,Lun,combined,30,09:30,09:30-10:30,385,PUT,-33.41,-7.5,-59.32,0.26,0.4,True,2750.0,2250.0,6000.0,-334.11,275.0,150.0,400.0,-33.41,O:IWM260413C00262000,O:IWM260413P00258000,True,09:30
IWM,2026-04-13,Lun,combined,40,09:43,09:30-10:30,372,PUT,-40.42,-30.0,-50.85,0.3,0.29,True,2750.0,2250.0,7422.41,-404.24,275.0,150.0,494.83,-40.42,O:IWM260413C00262000,O:IWM260413P00258000,True,09:30
IWM,2026-04-13,Lun,leg,20,09:30,09:30-10:30,385,PUT,-33.41,-7.5,-59.32,0.26,0.4,True,2750.0,2250.0,6000.0,2953.39,275.0,150.0,400.0,295.34,O:IWM260413C00262000,O:IWM260413P00258000,True,09:30
IWM,2026-04-13,Lun,leg,30,09:30,09:30-10:30,385,PUT,-33.41,-7.5,-59.32,0.26,0.4,True,2750.0,2250.0,6000.0,2953.39,275.0,150.0,400.0,295.34,O:IWM260413C00262000,O:IWM260413P00258000,True,09:30
IWM,2026-04-13,Lun,leg,40,09:30,09:30-10:30,385,PUT,-33.41,-7.5,-59.32,0.26,0.4,True,2750.0,2250.0,6000.0,2953.39,275.0,150.0,400.0,295.34,O:IWM260413C00262000,O:IWM260413P00258000,True,09:30
IWM,2026-04-13,Lun,leg,50,09:30,09:30-10:30,385,PUT,-33.41,-7.5,-59.32,0.26,0.4,True,2750.0,2250.0,6000.0,2953.39,275.0,150.0,400.0,295.34,O:IWM260413C00262000,O:IWM260413P00258000,True,09:30
IWM,2026-04-13,Lun,leg,60,09:48,09:30-10:30,367,PUT,-37.61,-12.5,-62.71,0.23,0.37,True,2750.0,2250.0,6304.05,2936.44,275.0,150.0,420.27,293.64,O:IWM260413C00262000,O:IWM260413P00258000,True,09:30
QQQ,2026-04-14,Mar,leg,20,09:31,09:30-10:30,384,PUT,80.6,186.21,-25.0,0.25,1.69,True,5000.0,4500.0,6559.17,5375.0,500.0,300.0,437.28,537.5,O:QQQ260414C00621000,O:QQQ260414P00616000,True,09:30
QQQ,2026-04-14,Mar,leg,30,09:35,09:30-10:30,380,PUT,120.74,275.86,-34.38,0.22,2.21,True,5000.0,4500.0,6074.66,5328.12,500.0,300.0,404.98,532.81,O:QQQ260414C00621000,O:QQQ260414P00616000,True,09:30
QQQ,2026-04-14,Mar,leg,40,09:45,09:30-10:30,370,PUT,130.87,308.62,-46.88,0.18,2.4,True,5000.0,4500.0,5950.0,5265.62,500.0,300.0,396.67,526.56,O:QQQ260414C00621000,O:QQQ260414P00616000,True,09:30
QQQ,2026-04-14,Mar,leg,50,10:07,09:30-10:30,348,PUT,102.75,258.62,-53.12,0.16,2.1,True,5000.0,4500.0,6157.14,5234.38,500.0,300.0,410.48,523.44,O:QQQ260414C00621000,O:QQQ260414P00616000,True,09:30
QQQ,2026-04-14,Mar,leg,60,10:13,09:30-10:30,342,PUT,127.37,317.24,-62.5,0.13,2.45,True,5000.0,4500.0,5920.41,5187.5,500.0,300.0,394.69,518.75,O:QQQ260414C00621000,O:QQQ260414P00616000,True,09:30
SPY,2026-04-14,Mar,leg,20,09:35,09:30-10:30,380,PUT,30.08,81.58,-21.43,0.23,0.7,True,4031.02,3552.75,6252.44,4406.02,403.1,236.85,416.83,440.6,O:SPY260414C00690000,O:SPY260414P00684000,True,09:30
SPY,2026-04-14,Mar,leg,30,09:44,09:30-10:30,371,PUT,81.3,194.74,-32.14,0.2,1.13,True,4031.02,3556.02,5216.86,4352.44,403.1,237.07,347.79,435.24,O:SPY260414C00690000,O:SPY260414P00684000,True,09:30
SPY,2026-04-14,Mar,leg,40,10:07,09:30-10:30,348,PUT,82.52,207.89,-42.86,0.17,1.18,True,4031.02,3560.43,5145.42,4298.87,403.1,237.36,343.03,429.89,O:SPY260414C00690000,O:SPY260414P00684000,True,09:30
SPY,2026-04-14,Mar,leg,50,10:09,09:30-10:30,346,PUT,96.9,247.37,-53.57,0.14,1.33,True,4031.02,3566.73,4963.35,4245.3,403.1,237.78,330.89,424.53,O:SPY260414C00690000,O:SPY260414P00684000,True,09:30
SPY,2026-04-14,Mar,leg,60,10:14,09:30-10:30,341,PUT,130.17,321.05,-60.71,0.12,1.61,True,4031.02,3572.68,4714.24,4209.59,403.1,238.18,314.28,420.96,O:SPY260414C00690000,O:SPY260414P00684000,True,09:30
IWM,2026-04-14,Mar,combined,20,13:57,13:30-15:55,118,PUT,-23.89,48.65,-96.43,0.03,0.56,True,-270.27,-770.27,-288.13,-238.9,-27.03,-51.35,-19.21,-23.89,O:IWM260414C00268000,O:IWM260414P00266000,True,09:30
IWM,2026-04-14,Mar,combined,30,14:10,13:30-15:55,105,PUT,-32.0,32.43,-96.43,0.03,0.51,True,-270.27,-770.27,-240.86,-319.98,-27.03,-51.35,-16.06,-32.0,O:IWM260414C00268000,O:IWM260414P00266000,True,09:30
IWM,2026-04-14,Mar,combined,40,14:14,13:30-15:55,101,PUT,-42.81,10.81,-96.43,0.03,0.43,True,-270.27,-770.27,-142.36,-428.09,-27.03,-51.35,-9.49,-42.81,O:IWM260414C00268000,O:IWM260414P00266000,True,09:30
IWM,2026-04-14,Mar,combined,50,14:19,13:30-15:55,96,PUT,-52.73,-10.81,-94.64,0.04,0.34,True,-270.27,-770.27,23.85,-527.27,-27.03,-51.35,1.59,-52.73,O:IWM260414C00268000,O:IWM260414P00266000,True,09:30
IWM,2026-04-14,Mar,leg,20,09:31,09:30-10:30,384,CALL,-10.45,-40.54,19.64,0.24,0.69,True,-270.27,354.73,-770.27,-702.7,-27.03,23.65,-51.35,-70.27,O:IWM260414C00268000,O:IWM260414P00266000,True,09:30
IWM,2026-04-14,Mar,leg,30,09:31,09:30-10:30,384,CALL,-10.45,-40.54,19.64,0.24,0.69,True,-270.27,354.73,-770.27,-702.7,-27.03,23.65,-51.35,-70.27,O:IWM260414C00268000,O:IWM260414P00266000,True,09:30
IWM,2026-04-14,Mar,leg,40,09:31,09:30-10:30,384,CALL,-10.45,-40.54,19.64,0.24,0.69,True,-270.27,354.73,-770.27,-702.7,-27.03,23.65,-51.35,-70.27,O:IWM260414C00268000,O:IWM260414P00266000,True,09:30
IWM,2026-04-14,Mar,leg,50,09:58,09:30-10:30,357,PUT,-6.08,37.84,-50.0,0.29,0.52,True,-270.27,-770.27,-251.04,-20.27,-27.03,-51.35,-16.74,-2.03,O:IWM260414C00268000,O:IWM260414P00266000,True,09:30
IWM,2026-04-14,Mar,leg,60,10:11,09:30-10:30,344,PUT,-3.76,56.76,-64.29,0.21,0.59,True,-270.27,-770.27,-312.64,-91.7,-27.03,-51.35,-20.84,-9.17,O:IWM260414C00268000,O:IWM260414P00266000,True,09:30
QQQ,2026-04-15,Mié,combined,20,09:30,09:30-10:30,385,CALL,-24.32,-45.95,-2.7,0.21,0.37,True,3229.73,10158.3,2743.24,-243.24,322.97,677.22,182.88,-24.32,O:QQQ260415C00634000,O:QQQ260415P00624000,True,09:30
QQQ,2026-04-15,Mié,combined,30,09:55,09:30-10:30,360,PUT,-31.08,-29.73,-32.43,0.26,0.27,True,3229.73,2748.96,8507.51,-310.81,322.97,183.26,567.17,-31.08,O:QQQ260415C00634000,O:QQQ260415P00624000,True,09:30
QQQ,2026-04-15,Mié,combined,40,10:15,09:30-10:30,340,PUT,-41.89,-18.92,-64.86,0.14,0.31,True,3229.73,2765.44,7761.99,-418.92,322.97,184.36,517.47,-41.89,O:QQQ260415C00634000,O:QQQ260415P00624000,True,09:30
QQQ,2026-04-15,Mié,combined,50,10:19,09:30-10:30,336,PUT,-50.0,-40.54,-59.46,0.16,0.23,True,3229.73,2760.98,9512.34,-500.0,322.97,184.07,634.16,-50.0,O:QQQ260415C00634000,O:QQQ260415P00624000,True,09:30
QQQ,2026-04-15,Mié,leg,20,09:30,09:30-10:30,385,CALL,-24.32,-45.95,-2.7,0.21,0.37,True,3229.73,10158.3,2743.24,-716.22,322.97,677.22,182.88,-71.62,O:QQQ260415C00634000,O:QQQ260415P00624000,True,09:30
QQQ,2026-04-15,Mié,leg,30,09:30,09:30-10:30,385,CALL,-24.32,-45.95,-2.7,0.21,0.37,True,3229.73,10158.3,2743.24,-716.22,322.97,677.22,182.88,-71.62,O:QQQ260415C00634000,O:QQQ260415P00624000,True,09:30
QQQ,2026-04-15,Mié,leg,40,09:30,09:30-10:30,385,CALL,-24.32,-45.95,-2.7,0.21,0.37,True,3229.73,10158.3,2743.24,-716.22,322.97,677.22,182.88,-71.62,O:QQQ260415C00634000,O:QQQ260415P00624000,True,09:30
QQQ,2026-04-15,Mié,leg,50,09:31,09:30-10:30,384,CALL,-24.32,-56.76,8.11,0.17,0.41,True,3229.73,11906.2,2741.92,-770.27,322.97,793.75,182.79,-77.03,O:QQQ260415C00634000,O:QQQ260415P00624000,True,09:30
QQQ,2026-04-15,Mié,leg,60,10:15,09:30-10:30,340,PUT,-41.89,-18.92,-64.86,0.14,0.31,True,3229.73,2765.44,7761.99,3391.89,322.97,184.36,517.47,339.19,O:QQQ260415C00634000,O:QQQ260415P00624000,True,09:30
SPY,2026-04-15,Mié,combined,20,10:14,09:30-10:30,341,PUT,-22.41,-14.81,-30.0,0.36,0.24,True,1307.78,849.44,3370.28,-224.07,130.78,56.63,224.69,-22.41,O:SPY260415C00699000,O:SPY260415P00693000,True,09:30
SPY,2026-04-15,Mié,combined,30,10:18,09:30-10:30,337,PUT,-30.26,-18.52,-42.0,0.3,0.23,True,1307.78,857.78,3481.69,-302.59,130.78,57.19,232.11,-30.26,O:SPY260415C00699000,O:SPY260415P00693000,True,09:30
SPY,2026-04-15,Mié,combined,40,11:32,10:30-12:00,263,PUT,-42.11,-22.22,-62.0,0.2,0.22,True,1307.78,882.78,3603.23,-421.11,130.78,58.85,240.22,-42.11,O:SPY260415C00699000,O:SPY260415P00693000,True,09:30
SPY,2026-04-15,Mié,combined,50,12:42,12:00-13:30,193,PUT,-51.22,-44.44,-58.0,0.22,0.16,True,1307.78,875.96,4651.53,-512.22,130.78,58.4,310.1,-51.22,O:SPY260415C00699000,O:SPY260415P00693000,True,09:30
SPY,2026-04-15,Mié,combined,60,13:13,12:00-13:30,162,PUT,-60.22,-44.44,-76.0,0.13,0.16,True,1307.78,923.16,4651.53,-602.22,130.78,61.54,310.1,-60.22,O:SPY260415C00699000,O:SPY260415P00693000,True,09:30
SPY,2026-04-15,Mié,leg,20,09:44,09:30-10:30,371,CALL,32.04,-25.93,90.0,0.21,1.0,True,1307.78,3736.35,822.78,-599.63,130.78,249.09,54.85,-59.96,O:SPY260415C00699000,O:SPY260415P00693000,True,09:30
SPY,2026-04-15,Mié,leg,30,10:00,09:30-10:30,355,CALL,-13.67,-33.33,6.0,0.19,0.54,True,1307.78,4044.62,835.56,-636.67,130.78,269.64,55.7,-63.67,O:SPY260415C00699000,O:SPY260415P00693000,True,09:30
SPY,2026-04-15,Mié,leg,40,10:16,09:30-10:30,339,PUT,-24.7,-7.41,-42.0,0.3,0.26,True,1307.78,857.78,3173.16,1567.78,130.78,57.19,211.54,156.78,O:SPY260415C00699000,O:SPY260415P00693000,True,09:30
SPY,2026-04-15,Mié,leg,50,10:24,09:30-10:30,331,PUT,-20.44,11.11,-52.0,0.25,0.31,True,1307.78,867.78,2791.65,1517.78,130.78,57.85,186.11,151.78,O:SPY260415C00699000,O:SPY260415P00693000,True,09:30
SPY,2026-04-15,Mié,leg,60,10:32,10:30-12:00,323,PUT,-20.74,18.52,-60.0,0.21,0.33,True,1307.78,879.21,2671.41,1477.78,130.78,58.61,178.09,147.78,O:SPY260415C00699000,O:SPY260415P00693000,True,09:30
IWM,2026-04-15,Mié,combined,20,09:30,09:30-10:30,385,PUT,-38.95,-24.44,-53.45,0.29,0.36,True,-980.27,-1463.03,-1466.38,-389.46,-98.03,-97.54,-97.76,-38.95,O:IWM260415C00270000,O:IWM260415P00267000,True,09:30
IWM,2026-04-15,Mié,combined,30,09:30,09:30-10:30,385,PUT,-38.95,-24.44,-53.45,0.29,0.36,True,-980.27,-1463.03,-1466.38,-389.46,-98.03,-97.54,-97.76,-38.95,O:IWM260415C00270000,O:IWM260415P00267000,True,09:30
IWM,2026-04-15,Mié,combined,40,09:31,09:30-10:30,384,CALL,-42.91,-44.44,-41.38,0.27,0.35,True,-980.27,-1461.75,-1465.98,-429.12,-98.03,-97.45,-97.73,-42.91,O:IWM260415C00270000,O:IWM260415P00267000,True,09:30
IWM,2026-04-15,Mié,combined,50,10:00,09:30-10:30,355,PUT,-51.42,-51.11,-51.72,0.29,0.23,True,-980.27,-1463.03,-1458.53,-514.18,-98.03,-97.54,-97.24,-51.42,O:IWM260415C00270000,O:IWM260415P00267000,True,09:30
IWM,2026-04-15,Mié,combined,60,10:15,09:30-10:30,340,PUT,-60.29,-53.33,-67.24,0.2,0.22,True,-980.27,-1455.27,-1457.54,-602.87,-98.03,-97.02,-97.17,-60.29,O:IWM260415C00270000,O:IWM260415P00267000,True,09:30
IWM,2026-04-15,Mié,leg,20,09:30,09:30-10:30,385,PUT,-38.95,-24.44,-53.45,0.29,0.36,True,-980.27,-1463.03,-1466.38,-756.13,-98.03,-97.54,-97.76,-75.61,O:IWM260415C00270000,O:IWM260415P00267000,True,09:30
IWM,2026-04-15,Mié,leg,30,09:30,09:30-10:30,385,PUT,-38.95,-24.44,-53.45,0.29,0.36,True,-980.27,-1463.03,-1466.38,-756.13,-98.03,-97.54,-97.76,-75.61,O:IWM260415C00270000,O:IWM260415P00267000,True,09:30
IWM,2026-04-15,Mié,leg,40,09:30,09:30-10:30,385,PUT,-38.95,-24.44,-53.45,0.29,0.36,True,-980.27,-1463.03,-1466.38,-756.13,-98.03,-97.54,-97.76,-75.61,O:IWM260415C00270000,O:IWM260415P00267000,True,09:30
IWM,2026-04-15,Mié,leg,50,09:30,09:30-10:30,385,PUT,-38.95,-24.44,-53.45,0.29,0.36,True,-980.27,-1463.03,-1466.38,-756.13,-98.03,-97.54,-97.76,-75.61,O:IWM260415C00270000,O:IWM260415P00267000,True,09:30
IWM,2026-04-15,Mié,leg,60,09:36,09:30-10:30,379,PUT,-31.9,0.0,-63.79,0.22,0.46,True,-980.27,-1457.54,-1469.4,-807.85,-98.03,-97.17,-97.96,-80.79,O:IWM260415C00270000,O:IWM260415P00267000,True,09:30
QQQ,2026-04-16,Jue,combined,20,10:27,09:30-10:30,328,CALL,-22.04,-57.41,13.33,0.24,0.35,True,-937.04,-1332.87,-1422.75,-220.37,-93.7,-88.86,-94.85,-22.04,O:QQQ260416C00642000,O:QQQ260416P00631000,True,09:31
QQQ,2026-04-16,Jue,combined,30,10:30,10:30-12:00,325,CALL,-32.04,-57.41,-6.67,0.24,0.29,True,-937.04,-1332.87,-1419.8,-320.37,-93.7,-88.86,-94.65,-32.04,O:QQQ260416C00642000,O:QQQ260416P00631000,True,09:31
QQQ,2026-04-16,Jue,combined,40,10:45,10:30-12:00,310,PUT,-41.11,-38.89,-43.33,0.18,0.34,True,-937.04,-1409.26,-1363.51,-411.11,-93.7,-93.95,-90.9,-41.11,O:QQQ260416C00642000,O:QQQ260416P00631000,True,09:31
QQQ,2026-04-16,Jue,combined,50,13:14,12:00-13:30,161,PUT,-52.04,-40.74,-63.33,0.12,0.33,True,-937.04,-1395.37,-1361.28,-520.37,-93.7,-93.02,-90.75,-52.04,O:QQQ260416C00642000,O:QQQ260416P00631000,True,09:31
QQQ,2026-04-16,Jue,combined,60,13:55,13:30-15:55,120,PUT,-64.26,-51.85,-76.67,0.08,0.27,True,-937.04,-1374.54,-1344.44,-642.59,-93.7,-91.64,-89.63,-64.26,O:QQQ260416C00642000,O:QQQ260416P00631000,True,09:31
QQQ,2026-04-16,Jue,leg,20,09:31,09:30-10:30,384,CALL,-5.37,-24.07,13.33,0.42,0.35,True,-937.04,-1377.51,-1422.75,-603.7,-93.7,-91.83,-94.85,-60.37,O:QQQ260416C00642000,O:QQQ260416P00631000,True,09:31
QQQ,2026-04-16,Jue,leg,30,09:50,09:30-10:30,365,CALL,-0.74,-31.48,30.0,0.38,0.4,True,-937.04,-1371.25,-1424.54,-640.74,-93.7,-91.42,-94.97,-64.07,O:QQQ260416C00642000,O:QQQ260416P00631000,True,09:31
QQQ,2026-04-16,Jue,leg,40,09:51,09:30-10:30,364,CALL,6.85,-46.3,60.0,0.3,0.49,True,-937.04,-1353.7,-1426.83,-714.81,-93.7,-90.25,-95.12,-71.48,O:QQQ260416C00642000,O:QQQ260416P00631000,True,09:31
QQQ,2026-04-16,Jue,leg,50,09:52,09:30-10:30,363,CALL,17.41,-51.85,86.67,0.27,0.57,True,-937.04,-1344.44,-1428.27,-742.59,-93.7,-89.63,-95.22,-74.26,O:QQQ260416C00642000,O:QQQ260416P00631000,True,09:31
QQQ,2026-04-16,Jue,leg,60,09:54,09:30-10:30,361,CALL,46.85,-62.96,156.67,0.21,0.78,True,-937.04,-1317.99,-1430.63,-798.15,-93.7,-87.87,-95.38,-79.81,O:QQQ260416C00642000,O:QQQ260416P00631000,True,09:31
SPY,2026-04-16,Jue,combined,20,10:45,10:30-12:00,310,CALL,-25.2,-65.79,15.38,0.14,0.46,True,-948.04,-1376.61,-1426.3,-252.02,-94.8,-91.77,-95.09,-25.2,O:SPY260416C00704000,O:SPY260416P00697000,True,09:30
SPY,2026-04-16,Jue,combined,30,10:49,10:30-12:00,306,CALL,-30.33,-65.79,5.13,0.14,0.42,True,-948.04,-1376.61,-1424.23,-303.31,-94.8,-91.77,-94.95,-30.33,O:SPY260416C00704000,O:SPY260416P00697000,True,09:30
SPY,2026-04-16,Jue,combined,40,11:04,10:30-12:00,291,CALL,-41.73,-55.26,-28.21,0.18,0.29,True,-948.04,-1392.49,-1413.56,-417.34,-94.8,-92.83,-94.24,-41.73,O:SPY260416C00704000,O:SPY260416P00697000,True,09:30
SPY,2026-04-16,Jue,combined,50,11:30,10:30-12:00,265,PUT,-50.61,-47.37,-53.85,0.19,0.21,True,-948.04,-1395.41,-1400.42,-506.07,-94.8,-93.03,-93.36,-50.61,O:SPY260416C00704000,O:SPY260416P00697000,True,09:30
SPY,2026-04-16,Jue,combined,60,13:24,12:00-13:30,151,CALL,-61.13,-68.42,-53.85,0.13,0.19,True,-948.04,-1371.12,-1395.41,-611.34,-94.8,-91.41,-93.03,-61.13,O:SPY260416C00704000,O:SPY260416P00697000,True,09:30
SPY,2026-04-16,Jue,leg,20,09:31,09:30-10:30,384,CALL,-11.81,-21.05,-2.56,0.31,0.39,True,-948.04,-1415.79,-1422.4,-579.62,-94.8,-94.39,-94.83,-57.96,O:SPY260416C00704000,O:SPY260416P00697000,True,09:30
SPY,2026-04-16,Jue,leg,30,09:47,09:30-10:30,368,CALL,-9.38,-31.58,12.82,0.27,0.45,True,-948.04,-1411.01,-1425.82,-632.25,-94.8,-94.07,-95.05,-63.23,O:SPY260416C00704000,O:SPY260416P00697000,True,09:30
SPY,2026-04-16,Jue,leg,40,09:51,09:30-10:30,364,CALL,0.74,-42.11,43.59,0.23,0.57,True,-948.04,-1404.56,-1430.5,-684.89,-94.8,-93.64,-95.37,-68.49,O:SPY260416C00704000,O:SPY260416P00697000,True,09:30
SPY,2026-04-16,Jue,leg,50,09:52,09:30-10:30,363,CALL,17.27,-52.63,87.18,0.19,0.74,True,-948.04,-1395.41,-1434.53,-737.52,-94.8,-93.03,-95.64,-73.75,O:SPY260416C00704000,O:SPY260416P00697000,True,09:30
SPY,2026-04-16,Jue,leg,60,09:54,09:30-10:30,361,CALL,41.46,-65.79,148.72,0.14,0.98,True,-948.04,-1376.61,-1437.84,-803.31,-94.8,-91.77,-95.86,-80.33,O:SPY260416C00704000,O:SPY260416P00697000,True,09:30
IWM,2026-04-16,Jue,combined,20,10:12,09:30-10:30,343,CALL,-22.13,-66.67,22.41,0.14,0.73,True,-991.38,-1491.38,-1484.53,-221.26,-99.14,-99.43,-98.97,-22.13,O:IWM260416C00271000,O:IWM260416P00269000,True,09:31
IWM,2026-04-16,Jue,combined,30,10:51,10:30-12:00,304,CALL,-35.9,-71.79,0.0,0.12,0.59,True,-991.38,-1491.38,-1482.9,-358.97,-99.14,-99.43,-98.86,-35.9,O:IWM260416C00271000,O:IWM260416P00269000,True,09:31
IWM,2026-04-16,Jue,combined,40,11:03,10:30-12:00,292,CALL,-40.21,-71.79,-8.62,0.12,0.54,True,-991.38,-1491.38,-1482.12,-402.08,-99.14,-99.43,-98.81,-40.21,O:IWM260416C00271000,O:IWM260416P00269000,True,09:31
IWM,2026-04-16,Jue,combined,50,11:09,10:30-12:00,286,CALL,-50.15,-64.1,-36.21,0.15,0.39,True,-991.38,-1491.38,-1478.56,-501.55,-99.14,-99.43,-98.57,-50.15,O:IWM260416C00271000,O:IWM260416P00269000,True,09:31
IWM,2026-04-16,Jue,combined,60,12:04,12:00-13:30,231,PUT,-60.52,-58.97,-62.07,0.23,0.17,True,-991.38,-1469.64,-1491.38,-605.22,-99.14,-97.98,-99.43,-60.52,O:IWM260416C00271000,O:IWM260416P00269000,True,09:31
IWM,2026-04-16,Jue,leg,20,09:32,09:30-10:30,383,CALL,-15.85,-23.08,-8.62,0.31,0.55,True,-991.38,-1491.38,-1482.29,-606.76,-99.14,-99.43,-98.82,-60.68,O:IWM260416C00271000,O:IWM260416P00269000,True,09:31
IWM,2026-04-16,Jue,leg,30,09:47,09:30-10:30,368,CALL,-13.2,-38.46,12.07,0.25,0.66,True,-991.38,-1491.38,-1483.8,-683.69,-99.14,-99.43,-98.92,-68.37,O:IWM260416C00271000,O:IWM260416P00269000,True,09:31
IWM,2026-04-16,Jue,leg,40,09:51,09:30-10:30,364,CALL,-16.2,-41.03,8.62,0.24,0.64,True,-991.38,-1491.38,-1483.57,-696.51,-99.14,-99.43,-98.9,-69.65,O:IWM260416C00271000,O:IWM260416P00269000,True,09:31
IWM,2026-04-16,Jue,leg,50,09:52,09:30-10:30,363,CALL,-7.54,-51.28,36.21,0.2,0.8,True,-991.38,-1491.38,-1485.13,-747.79,-99.14,-99.43,-99.01,-74.78,O:IWM260416C00271000,O:IWM260416P00269000,True,09:31
IWM,2026-04-16,Jue,leg,60,09:54,09:30-10:30,361,CALL,8.05,-66.67,82.76,0.14,1.08,True,-991.38,-1491.38,-1486.75,-824.71,-99.14,-99.43,-99.12,-82.47,O:IWM260416C00271000,O:IWM260416P00269000,True,09:31
QQQ,2026-04-17,Vie,combined,20,09:48,09:30-10:30,367,PUT,-20.8,-18.75,-22.86,0.28,0.27,True,-970.09,-1452.23,-1451.57,-208.04,-97.01,-96.82,-96.77,-20.8,O:QQQ260417C00651000,O:QQQ260417P00637000,True,09:30
QQQ,2026-04-17,Vie,combined,30,10:17,09:30-10:30,338,PUT,-31.56,-3.12,-60.0,0.15,0.32,True,-970.09,-1436.76,-1454.46,-315.62,-97.01,-95.78,-96.96,-31.56,O:QQQ260417C00651000,O:QQQ260417P00637000,True,09:30
QQQ,2026-04-17,Vie,combined,40,11:58,10:30-12:00,237,PUT,-42.99,-3.12,-82.86,0.07,0.32,True,-970.09,-1398.66,-1454.46,-429.91,-97.01,-93.24,-96.96,-42.99,O:QQQ260417C00651000,O:QQQ260417P00637000,True,09:30
QQQ,2026-04-17,Vie,combined,50,12:00,12:00-13:30,235,PUT,-50.8,-18.75,-82.86,0.07,0.27,True,-970.09,-1398.66,-1451.57,-508.04,-97.01,-93.24,-96.77,-50.8,O:QQQ260417C00651000,O:QQQ260417P00637000,True,09:30
QQQ,2026-04-17,Vie,combined,60,13:18,12:00-13:30,157,PUT,-60.04,-34.38,-85.71,0.06,0.22,True,-970.09,-1386.76,-1447.36,-600.45,-97.01,-92.45,-96.49,-60.04,O:QQQ260417C00651000,O:QQQ260417P00637000,True,09:30
QQQ,2026-04-17,Vie,leg,20,09:37,09:30-10:30,378,PUT,4.46,37.5,-28.57,0.26,0.45,True,-970.09,-1450.86,-1458.98,-627.23,-97.01,-96.72,-97.27,-62.72,O:QQQ260417C00651000,O:QQQ260417P00637000,True,09:30
QQQ,2026-04-17,Vie,leg,30,09:38,09:30-10:30,377,PUT,-1.65,28.12,-31.43,0.25,0.42,True,-970.09,-1450.09,-1458.18,-641.52,-97.01,-96.67,-97.21,-64.15,O:QQQ260417C00651000,O:QQQ260417P00637000,True,09:30
QQQ,2026-04-17,Vie,leg,40,09:51,09:30-10:30,364,PUT,-15.04,15.62,-45.71,0.2,0.38,True,-970.09,-1445.09,-1456.93,-712.95,-97.01,-96.34,-97.13,-71.29,O:QQQ260417C00651000,O:QQQ260417P00637000,True,09:30
QQQ,2026-04-17,Vie,leg,50,09:59,09:30-10:30,356,PUT,-22.59,6.25,-51.43,0.18,0.35,True,-970.09,-1442.31,-1455.8,-741.52,-97.01,-96.15,-97.05,-74.15,O:QQQ260417C00651000,O:QQQ260417P00637000,True,09:30
QQQ,2026-04-17,Vie,leg,60,10:09,09:30-10:30,346,PUT,-23.62,15.62,-62.86,0.14,0.38,True,-970.09,-1434.38,-1456.93,-798.66,-97.01,-95.62,-97.13,-79.87,O:QQQ260417C00651000,O:QQQ260417P00637000,True,09:30
SPY,2026-04-17,Vie,combined,20,14:21,13:30-15:55,94,PUT,-23.47,37.14,-84.09,0.08,0.49,True,-560.06,-997.56,-753.94,-234.74,-56.01,-66.5,-50.26,-23.47,O:SPY260417C00710000,O:SPY260417P00702000,True,09:30
SPY,2026-04-17,Vie,combined,30,14:53,13:30-15:55,62,PUT,-30.88,31.43,-93.18,0.04,0.47,True,-560.06,-935.06,-740.92,-308.77,-56.01,-62.34,-49.39,-30.88,O:SPY260417C00710000,O:SPY260417P00702000,True,09:30
SPY,2026-04-17,Vie,combined,40,15:05,13:30-15:55,50,PUT,-40.88,11.43,-93.18,0.04,0.4,True,-560.06,-935.06,-685.06,-408.77,-56.01,-62.34,-45.67,-40.88,O:SPY260417C00710000,O:SPY260417P00702000,True,09:30
SPY,2026-04-17,Vie,combined,50,15:10,13:30-15:55,45,PUT,-53.73,-14.29,-93.18,0.04,0.31,True,-560.06,-935.06,-576.19,-537.34,-56.01,-62.34,-38.41,-53.73,O:SPY260417C00710000,O:SPY260417P00702000,True,09:30
SPY,2026-04-17,Vie,combined,60,15:13,13:30-15:55,42,PUT,-60.88,-28.57,-93.18,0.04,0.26,True,-560.06,-935.06,-483.14,-608.77,-56.01,-62.34,-32.21,-60.88,O:SPY260417C00710000,O:SPY260417P00702000,True,09:30
SPY,2026-04-17,Vie,leg,20,09:36,09:30-10:30,379,PUT,21.2,62.86,-20.45,0.36,0.58,True,-560.06,-1046.18,-801.44,-173.7,-56.01,-69.75,-53.43,-17.37,O:SPY260417C00710000,O:SPY260417P00702000,True,09:30
SPY,2026-04-17,Vie,leg,30,09:54,09:30-10:30,361,PUT,19.81,71.43,-31.82,0.31,0.61,True,-560.06,-1043.94,-814.16,-230.52,-56.01,-69.6,-54.28,-23.05,O:SPY260417C00710000,O:SPY260417P00702000,True,09:30
SPY,2026-04-17,Vie,leg,40,09:58,09:30-10:30,357,PUT,25.26,91.43,-40.91,0.27,0.68,True,-560.06,-1041.55,-839.48,-275.97,-56.01,-69.44,-55.97,-27.6,O:SPY260417C00710000,O:SPY260417P00702000,True,09:30
SPY,2026-04-17,Vie,leg,50,10:01,09:30-10:30,354,PUT,40.71,131.43,-50.0,0.23,0.82,True,-560.06,-1038.33,-877.14,-321.43,-56.01,-69.22,-58.48,-32.14,O:SPY260417C00710000,O:SPY260417P00702000,True,09:30
SPY,2026-04-17,Vie,leg,60,10:31,10:30-12:00,324,PUT,75.32,214.29,-63.64,0.17,1.11,True,-560.06,-1030.65,-924.93,-389.61,-56.01,-68.71,-61.66,-38.96,O:SPY260417C00710000,O:SPY260417P00702000,True,09:30
IWM,2026-04-17,Vie,combined,20,09:40,09:30-10:30,375,PUT,-22.7,-20.41,-25.0,0.34,0.4,True,-132.65,-632.65,429.85,-227.04,-13.27,-42.18,28.66,-22.7,O:IWM260417C00275000,O:IWM260417P00272000,True,09:30
IWM,2026-04-17,Vie,combined,30,09:49,09:30-10:30,366,CALL,-30.87,-36.73,-25.0,0.32,0.34,True,-132.65,695.47,-632.65,-308.67,-13.27,46.36,-42.18,-30.87,O:IWM260417C00275000,O:IWM260417P00272000,True,09:30
IWM,2026-04-17,Vie,combined,40,15:05,13:30-15:55,50,PUT,-45.8,6.12,-97.73,0.02,0.55,True,-132.65,-632.65,140.07,-458.02,-13.27,-42.18,9.34,-45.8,O:IWM260417C00275000,O:IWM260417P00272000,True,09:30
IWM,2026-04-17,Vie,combined,50,15:09,13:30-15:55,46,PUT,-52.95,-8.16,-97.73,0.02,0.46,True,-132.65,-632.65,291.26,-529.45,-13.27,-42.18,19.42,-52.95,O:IWM260417C00275000,O:IWM260417P00272000,True,09:30
IWM,2026-04-17,Vie,combined,60,15:10,13:30-15:55,45,PUT,-61.11,-24.49,-97.73,0.02,0.38,True,-132.65,-632.65,485.77,-611.09,-13.27,-42.18,32.38,-61.11,O:IWM260417C00275000,O:IWM260417P00272000,True,09:30
IWM,2026-04-17,Vie,leg,20,09:32,09:30-10:30,383,PUT,-7.17,6.12,-20.45,0.36,0.54,True,-132.65,-632.65,154.38,265.07,-13.27,-42.18,10.29,26.51,O:IWM260417C00275000,O:IWM260417P00272000,True,09:30
IWM,2026-04-17,Vie,leg,30,09:35,09:30-10:30,380,PUT,-0.83,34.69,-36.36,0.29,0.68,True,-132.65,-632.65,-7.65,185.53,-13.27,-42.18,-0.51,18.55,O:IWM260417C00275000,O:IWM260417P00272000,True,09:30
IWM,2026-04-17,Vie,leg,40,09:37,09:30-10:30,378,PUT,-2.09,36.73,-40.91,0.27,0.68,True,-132.65,-632.65,-7.65,162.8,-13.27,-42.18,-0.51,16.28,O:IWM260417C00275000,O:IWM260417P00272000,True,09:30
IWM,2026-04-17,Vie,leg,50,09:59,09:30-10:30,356,PUT,-35.32,-18.37,-52.27,0.22,0.41,True,-132.65,-632.65,403.93,105.98,-13.27,-42.18,26.93,10.6,O:IWM260417C00275000,O:IWM260417P00272000,True,09:30
IWM,2026-04-17,Vie,leg,60,10:02,09:30-10:30,353,PUT,-36.8,-12.24,-61.36,0.18,0.44,True,-132.65,-632.65,333.26,60.53,-13.27,-42.18,22.22,6.05,O:IWM260417C00275000,O:IWM260417P00272000,True,09:30
QQQ,2026-04-20,Lun,combined,20,09:45,09:30-10:30,370,CALL,-23.07,-57.5,11.36,0.18,0.5,True,-988.64,-1488.64,-1478.64,-230.68,-98.86,-99.24,-98.58,-23.07,O:QQQ260420C00653000,O:QQQ260420P00642000,True,09:30
QQQ,2026-04-20,Lun,combined,30,09:53,09:30-10:30,362,CALL,-30.0,-60.0,0.0,0.17,0.45,True,-988.64,-1488.64,-1477.53,-300.0,-98.86,-99.24,-98.5,-30.0,O:QQQ260420C00653000,O:QQQ260420P00642000,True,09:30
QQQ,2026-04-20,Lun,combined,40,09:56,09:30-10:30,359,CALL,-40.68,-45.0,-36.36,0.23,0.29,True,-988.64,-1488.64,-1471.39,-406.82,-98.86,-99.24,-98.09,-40.68,O:QQQ260420C00653000,O:QQQ260420P00642000,True,09:30
QQQ,2026-04-20,Lun,combined,50,10:22,09:30-10:30,333,CALL,-50.11,-77.5,-22.73,0.1,0.35,True,-988.64,-1488.64,-1474.35,-501.14,-98.86,-99.24,-98.29,-50.11,O:QQQ260420C00653000,O:QQQ260420P00642000,True,09:30
QQQ,2026-04-20,Lun,combined,60,12:11,12:00-13:30,224,CALL,-62.16,-92.5,-31.82,0.04,0.31,True,-988.64,-1488.64,-1472.51,-621.59,-98.86,-99.24,-98.17,-62.16,O:QQQ260420C00653000,O:QQQ260420P00642000,True,09:30
QQQ,2026-04-20,Lun,leg,20,09:31,09:30-10:30,384,CALL,3.41,-25.0,31.82,0.31,0.59,True,-988.64,-1488.64,-1480.16,-613.64,-98.86,-99.24,-98.68,-61.36,O:QQQ260420C00653000,O:QQQ260420P00642000,True,09:30
QQQ,2026-04-20,Lun,leg,30,09:32,09:30-10:30,383,CALL,-8.3,-32.5,15.91,0.28,0.52,True,-988.64,-1488.64,-1479.02,-651.14,-98.86,-99.24,-98.6,-65.11,O:QQQ260420C00653000,O:QQQ260420P00642000,True,09:30
QQQ,2026-04-20,Lun,leg,40,09:39,09:30-10:30,376,CALL,-1.82,-40.0,36.36,0.25,0.61,True,-988.64,-1488.64,-1480.44,-688.64,-98.86,-99.24,-98.7,-68.86,O:QQQ260420C00653000,O:QQQ260420P00642000,True,09:30
QQQ,2026-04-20,Lun,leg,50,09:43,09:30-10:30,372,CALL,-17.16,-52.5,18.18,0.2,0.53,True,-988.64,-1488.64,-1479.2,-751.14,-98.86,-99.24,-98.61,-75.11,O:QQQ260420C00653000,O:QQQ260420P00642000,True,09:30
QQQ,2026-04-20,Lun,leg,60,09:46,09:30-10:30,369,CALL,-22.05,-60.0,15.91,0.17,0.52,True,-988.64,-1488.64,-1479.02,-788.64,-98.86,-99.24,-98.6,-78.86,O:QQQ260420C00653000,O:QQQ260420P00642000,True,09:30
SPY,2026-04-20,Lun,combined,20,09:30,09:30-10:30,385,PUT,-25.98,-3.03,-48.94,0.25,0.33,True,-989.36,-1469.36,-1489.36,-259.83,-98.94,-97.96,-99.29,-25.98,O:SPY260420C00713000,O:SPY260420P00702000,True,09:30
SPY,2026-04-20,Lun,combined,30,09:32,09:30-10:30,383,PUT,-30.08,-9.09,-51.06,0.24,0.31,True,-989.36,-1468.53,-1489.36,-300.77,-98.94,-97.9,-99.29,-30.08,O:SPY260420C00713000,O:SPY260420P00702000,True,09:30
SPY,2026-04-20,Lun,combined,40,09:44,09:30-10:30,371,PUT,-40.23,-27.27,-53.19,0.23,0.25,True,-989.36,-1467.62,-1489.36,-402.32,-98.94,-97.84,-99.29,-40.23,O:SPY260420C00713000,O:SPY260420P00702000,True,09:30
SPY,2026-04-20,Lun,combined,50,10:08,09:30-10:30,347,PUT,-51.61,-39.39,-63.83,0.18,0.21,True,-989.36,-1461.58,-1489.36,-516.12,-98.94,-97.44,-99.29,-51.61,O:SPY260420C00713000,O:SPY260420P00702000,True,09:30
SPY,2026-04-20,Lun,combined,60,10:28,09:30-10:30,327,PUT,-61.77,-57.58,-65.96,0.17,0.15,True,-989.36,-1459.95,-1489.36,-617.67,-98.94,-97.33,-99.29,-61.77,O:SPY260420C00713000,O:SPY260420P00702000,True,09:30
SPY,2026-04-20,Lun,leg,20,09:30,09:30-10:30,385,PUT,-25.98,-3.03,-48.94,0.25,0.33,True,-989.36,-1469.36,-1489.36,-744.68,-98.94,-97.96,-99.29,-74.47,O:SPY260420C00713000,O:SPY260420P00702000,True,09:30
SPY,2026-04-20,Lun,leg,30,09:30,09:30-10:30,385,PUT,-25.98,-3.03,-48.94,0.25,0.33,True,-989.36,-1469.36,-1489.36,-744.68,-98.94,-97.96,-99.29,-74.47,O:SPY260420C00713000,O:SPY260420P00702000,True,09:30
SPY,2026-04-20,Lun,leg,40,09:30,09:30-10:30,385,PUT,-25.98,-3.03,-48.94,0.25,0.33,True,-989.36,-1469.36,-1489.36,-744.68,-98.94,-97.96,-99.29,-74.47,O:SPY260420C00713000,O:SPY260420P00702000,True,09:30
SPY,2026-04-20,Lun,leg,50,09:32,09:30-10:30,383,PUT,-30.08,-9.09,-51.06,0.24,0.31,True,-989.36,-1468.53,-1489.36,-755.32,-98.94,-97.9,-99.29,-75.53,O:SPY260420C00713000,O:SPY260420P00702000,True,09:30
SPY,2026-04-20,Lun,leg,60,09:54,09:30-10:30,361,PUT,-39.94,-18.18,-61.7,0.19,0.28,True,-989.36,-1463.05,-1489.36,-808.51,-98.94,-97.54,-99.29,-80.85,O:SPY260420C00713000,O:SPY260420P00702000,True,09:30
IWM,2026-04-20,Lun,combined,20,09:30,09:30-10:30,385,PUT,-28.7,-2.86,-54.55,0.22,0.7,True,-271.43,-771.43,-42.86,-287.01,-27.14,-51.43,-2.86,-28.7,O:IWM260420C00276000,O:IWM260420P00272000,True,09:30
IWM,2026-04-20,Lun,combined,30,09:31,09:30-10:30,384,PUT,-30.29,-12.86,-47.73,0.25,0.63,True,-271.43,-771.43,38.1,-302.92,-27.14,-51.43,2.54,-30.29,O:IWM260420C00276000,O:IWM260420P00272000,True,09:30
IWM,2026-04-20,Lun,combined,40,09:34,09:30-10:30,381,PUT,-41.01,-34.29,-47.73,0.24,0.47,True,-271.43,-771.43,313.68,-410.06,-27.14,-51.43,20.91,-41.01,O:IWM260420C00276000,O:IWM260420P00272000,True,09:30
IWM,2026-04-20,Lun,combined,50,12:37,12:00-13:30,198,PUT,-51.3,-7.14,-95.45,0.03,0.68,True,-271.43,-771.43,-21.43,-512.99,-27.14,-51.43,-1.43,-51.3,O:IWM260420C00276000,O:IWM260420P00272000,True,09:30
IWM,2026-04-20,Lun,leg,20,09:30,09:30-10:30,385,PUT,-28.7,-2.86,-54.55,0.22,0.7,True,-271.43,-771.43,-42.86,-44.16,-27.14,-51.43,-2.86,-4.42,O:IWM260420C00276000,O:IWM260420P00272000,True,09:30
IWM,2026-04-20,Lun,leg,30,09:30,09:30-10:30,385,PUT,-28.7,-2.86,-54.55,0.22,0.7,True,-271.43,-771.43,-42.86,-44.16,-27.14,-51.43,-2.86,-4.42,O:IWM260420C00276000,O:IWM260420P00272000,True,09:30
IWM,2026-04-20,Lun,leg,40,09:30,09:30-10:30,385,PUT,-28.7,-2.86,-54.55,0.22,0.7,True,-271.43,-771.43,-42.86,-44.16,-27.14,-51.43,-2.86,-4.42,O:IWM260420C00276000,O:IWM260420P00272000,True,09:30
IWM,2026-04-20,Lun,leg,50,09:30,09:30-10:30,385,PUT,-28.7,-2.86,-54.55,0.22,0.7,True,-271.43,-771.43,-42.86,-44.16,-27.14,-51.43,-2.86,-4.42,O:IWM260420C00276000,O:IWM260420P00272000,True,09:30
IWM,2026-04-20,Lun,leg,60,09:36,09:30-10:30,379,PUT,-43.25,-22.86,-63.64,0.17,0.56,True,-271.43,-771.43,139.29,-89.61,-27.14,-51.43,9.29,-8.96,O:IWM260420C00276000,O:IWM260420P00272000,True,09:30
QQQ,2026-04-21,Mar,combined,20,09:33,09:30-10:30,382,CALL,-22.94,-40.0,-5.88,0.31,0.33,True,-941.18,-1441.18,-1380.57,-229.41,-94.12,-96.08,-92.04,-22.94,O:QQQ260421C00652000,O:QQQ260421P00640000,True,09:30
QQQ,2026-04-21,Mar,combined,30,09:35,09:30-10:30,380,CALL,-31.82,-46.0,-17.65,0.28,0.29,True,-941.18,-1441.18,-1372.21,-318.24,-94.12,-96.08,-91.48,-31.82,O:QQQ260421C00652000,O:QQQ260421P00640000,True,09:30
QQQ,2026-04-21,Mar,combined,40,09:43,09:30-10:30,372,CALL,-42.12,-46.0,-38.24,0.28,0.22,True,-941.18,-1441.18,-1350.27,-421.18,-94.12,-96.08,-90.02,-42.12,O:QQQ260421C00652000,O:QQQ260421P00640000,True,09:30
QQQ,2026-04-21,Mar,combined,50,10:39,10:30-12:00,316,PUT,-51.76,-30.0,-73.53,0.1,0.36,True,-941.18,-1241.18,-1441.18,-517.65,-94.12,-82.75,-96.08,-51.76,O:QQQ260421C00652000,O:QQQ260421P00640000,True,09:30
QQQ,2026-04-21,Mar,combined,60,10:45,10:30-12:00,310,PUT,-60.76,-48.0,-73.53,0.1,0.27,True,-941.18,-1241.18,-1441.18,-607.65,-94.12,-82.75,-96.08,-60.76,O:QQQ260421C00652000,O:QQQ260421P00640000,True,09:30
QQQ,2026-04-21,Mar,leg,20,09:31,09:30-10:30,384,CALL,-13.06,-32.0,5.88,0.35,0.37,True,-941.18,-1441.18,-1387.12,-601.18,-94.12,-96.08,-92.47,-60.12,O:QQQ260421C00652000,O:QQQ260421P00640000,True,09:30
QQQ,2026-04-21,Mar,leg,30,09:31,09:30-10:30,384,CALL,-13.06,-32.0,5.88,0.35,0.37,True,-941.18,-1441.18,-1387.12,-601.18,-94.12,-96.08,-92.47,-60.12,O:QQQ260421C00652000,O:QQQ260421P00640000,True,09:30
QQQ,2026-04-21,Mar,leg,40,09:33,09:30-10:30,382,CALL,-22.94,-40.0,-5.88,0.31,0.33,True,-941.18,-1441.18,-1380.57,-641.18,-94.12,-96.08,-92.04,-64.12,O:QQQ260421C00652000,O:QQQ260421P00640000,True,09:30
QQQ,2026-04-21,Mar,leg,50,09:37,09:30-10:30,378,CALL,-36.76,-50.0,-23.53,0.26,0.27,True,-941.18,-1441.18,-1367.1,-691.18,-94.12,-96.08,-91.14,-69.12,O:QQQ260421C00652000,O:QQQ260421P00640000,True,09:30
QQQ,2026-04-21,Mar,leg,60,09:57,09:30-10:30,358,PUT,-41.88,-22.0,-61.76,0.14,0.4,True,-941.18,-1298.32,-1441.18,-808.82,-94.12,-86.55,-96.08,-80.88,O:QQQ260421C00652000,O:QQQ260421P00640000,True,09:30
SPY,2026-04-21,Mar,combined,20,09:35,09:30-10:30,380,CALL,-20.24,-38.1,-2.38,0.27,0.42,True,309.52,-171.96,1107.14,-202.38,30.95,-11.46,73.81,-20.24,O:SPY260421C00713000,O:SPY260421P00705000,True,09:30
SPY,2026-04-21,Mar,combined,30,09:44,09:30-10:30,371,PUT,-32.14,-30.95,-33.33,0.29,0.3,True,309.52,1688.83,-173.81,-321.43,30.95,112.59,-11.59,-32.14,O:SPY260421C00713000,O:SPY260421P00705000,True,09:30
SPY,2026-04-21,Mar,combined,40,10:23,09:30-10:30,332,PUT,-42.86,-30.95,-54.76,0.2,0.3,True,309.52,2534.52,-173.81,-428.57,30.95,168.97,-11.59,-42.86,O:SPY260421C00713000,O:SPY260421P00705000,True,09:30
SPY,2026-04-21,Mar,combined,50,10:37,10:30-12:00,318,PUT,-51.19,-47.62,-54.76,0.2,0.23,True,309.52,2534.52,-168.74,-511.9,30.95,168.97,-11.25,-51.19,O:SPY260421C00713000,O:SPY260421P00705000,True,09:30
SPY,2026-04-21,Mar,combined,60,14:59,13:30-15:55,56,CALL,-63.1,-97.62,-28.57,0.02,0.31,True,309.52,59.52,1567.59,-630.95,30.95,3.97,104.51,-63.1,O:SPY260421C00713000,O:SPY260421P00705000,True,09:30
SPY,2026-04-21,Mar,leg,20,09:31,09:30-10:30,384,CALL,-7.14,-21.43,7.14,0.34,0.47,True,309.52,-175.77,969.1,690.48,30.95,-11.72,64.61,69.05,O:SPY260421C00713000,O:SPY260421P00705000,True,09:30
SPY,2026-04-21,Mar,leg,30,09:35,09:30-10:30,380,CALL,-20.24,-38.1,-2.38,0.27,0.42,True,309.52,-171.96,1107.14,607.14,30.95,-11.46,73.81,60.71,O:SPY260421C00713000,O:SPY260421P00705000,True,09:30
SPY,2026-04-21,Mar,leg,40,09:36,09:30-10:30,379,CALL,-25.0,-42.86,-7.14,0.25,0.4,True,309.52,-170.48,1172.02,583.33,30.95,-11.37,78.13,58.33,O:SPY260421C00713000,O:SPY260421P00705000,True,09:30
SPY,2026-04-21,Mar,leg,50,09:48,09:30-10:30,367,PUT,-26.19,-2.38,-50.0,0.22,0.42,True,309.52,2286.8,-178.57,-738.1,30.95,152.45,-11.9,-73.81,O:SPY260421C00713000,O:SPY260421P00705000,True,09:30
SPY,2026-04-21,Mar,leg,60,10:01,09:30-10:30,354,PUT,-19.05,23.81,-61.9,0.17,0.53,True,309.52,3015.41,-181.04,-797.62,30.95,201.03,-12.07,-79.76,O:SPY260421C00713000,O:SPY260421P00705000,True,09:30
IWM,2026-04-21,Mar,combined,20,09:36,09:30-10:30,379,PUT,-20.9,-13.89,-27.91,0.32,0.32,True,767.44,2642.44,267.44,-208.98,76.74,176.16,17.83,-20.9,O:IWM260421C00280000,O:IWM260421P00276000,True,09:30
IWM,2026-04-21,Mar,combined,30,10:36,10:30-12:00,319,PUT,-30.04,16.67,-76.74,0.11,0.43,True,767.44,7176.53,267.44,-300.39,76.74,478.44,17.83,-30.04,O:IWM260421C00280000,O:IWM260421P00276000,True,09:30
IWM,2026-04-21,Mar,combined,40,10:45,10:30-12:00,310,PUT,-46.71,-16.67,-76.74,0.11,0.31,True,767.44,7176.53,267.44,-467.05,76.74,478.44,17.83,-46.71,O:IWM260421C00280000,O:IWM260421P00276000,True,09:30
IWM,2026-04-21,Mar,combined,50,10:47,10:30-12:00,308,PUT,-53.17,-38.89,-67.44,0.15,0.23,True,767.44,5334.11,267.44,-531.65,76.74,355.61,17.83,-53.17,O:IWM260421C00280000,O:IWM260421P00276000,True,09:30
IWM,2026-04-21,Mar,combined,60,15:21,13:30-15:55,34,CALL,-65.12,-100.0,-30.23,0.01,0.34,False,767.44,,,-651.16,76.74,,,-65.12,O:IWM260421C00280000,O:IWM260421P00276000,True,09:30
IWM,2026-04-21,Mar,leg,20,09:30,09:30-10:30,385,CALL,-17.38,-27.78,-6.98,0.28,0.43,True,767.44,267.44,2034.88,1128.55,76.74,17.83,135.66,112.86,O:IWM260421C00280000,O:IWM260421P00276000,True,09:30
IWM,2026-04-21,Mar,leg,30,09:33,09:30-10:30,382,PUT,-13.5,5.56,-32.56,0.31,0.39,True,767.44,2719.05,267.44,-662.79,76.74,181.27,17.83,-66.28,O:IWM260421C00280000,O:IWM260421P00276000,True,09:30
IWM,2026-04-21,Mar,leg,40,09:40,09:30-10:30,375,PUT,-15.15,13.89,-44.19,0.25,0.42,True,767.44,3307.44,267.44,-720.93,76.74,220.5,17.83,-72.09,O:IWM260421C00280000,O:IWM260421P00276000,True,09:30
IWM,2026-04-21,Mar,leg,50,09:45,09:30-10:30,370,PUT,-15.86,19.44,-51.16,0.22,0.44,True,767.44,3721.99,267.44,-755.81,76.74,248.13,17.83,-75.58,O:IWM260421C00280000,O:IWM260421P00276000,True,09:30
IWM,2026-04-21,Mar,leg,60,09:47,09:30-10:30,368,PUT,-7.78,47.22,-62.79,0.17,0.54,True,767.44,4738.03,267.44,-813.95,76.74,315.87,17.83,-81.4,O:IWM260421C00280000,O:IWM260421P00276000,True,09:30
QQQ,2026-04-22,Mié,combined,20,09:37,09:30-10:30,378,CALL,-21.15,-38.3,-4.0,0.3,0.49,True,201.49,1568.16,-288.31,-211.49,20.15,104.54,-19.22,-21.15,O:QQQ260422C00654000,O:QQQ260422P00644000,True,09:31
QQQ,2026-04-22,Mié,combined,30,09:52,09:30-10:30,363,CALL,-31.47,-48.94,-14.0,0.25,0.44,True,201.49,1941.49,-287.15,-314.68,20.15,129.43,-19.14,-31.47,O:QQQ260422C00654000,O:QQQ260422P00644000,True,09:31
QQQ,2026-04-22,Mié,combined,40,12:29,12:00-13:30,206,PUT,-40.0,0.0,-80.0,0.11,0.48,True,201.49,-253.06,868.16,-400.0,20.15,-16.87,57.88,-40.0,O:QQQ260422C00654000,O:QQQ260422P00644000,True,09:31
QQQ,2026-04-22,Mié,combined,50,12:58,12:00-13:30,177,PUT,-51.7,-23.4,-80.0,0.11,0.37,True,201.49,-253.06,1215.0,-517.02,20.15,-16.87,81.0,-51.7,O:QQQ260422C00654000,O:QQQ260422P00644000,True,09:31
QQQ,2026-04-22,Mié,leg,20,09:32,09:30-10:30,383,CALL,-15.02,-34.04,4.0,0.32,0.53,True,201.49,1451.49,-289.08,-660.21,20.15,96.77,-19.27,-66.02,O:QQQ260422C00654000,O:QQQ260422P00644000,True,09:31
QQQ,2026-04-22,Mié,leg,30,09:32,09:30-10:30,383,CALL,-15.02,-34.04,4.0,0.32,0.53,True,201.49,1451.49,-289.08,-660.21,20.15,96.77,-19.27,-66.02,O:QQQ260422C00654000,O:QQQ260422P00644000,True,09:31
QQQ,2026-04-22,Mié,leg,40,09:35,09:30-10:30,380,CALL,-18.28,-42.55,6.0,0.28,0.54,True,201.49,1701.49,-289.25,-702.77,20.15,113.43,-19.28,-70.28,O:QQQ260422C00654000,O:QQQ260422P00644000,True,09:31
QQQ,2026-04-22,Mié,leg,50,09:48,09:30-10:30,367,CALL,-27.53,-51.06,-4.0,0.24,0.49,True,201.49,2034.82,-288.31,-745.32,20.15,135.65,-19.22,-74.53,O:QQQ260422C00654000,O:QQQ260422P00644000,True,09:31
QQQ,2026-04-22,Mié,leg,60,10:33,10:30-12:00,322,PUT,-1.28,57.45,-60.0,0.21,0.75,True,201.49,-274.7,448.16,391.49,20.15,-18.31,29.88,39.15,O:QQQ260422C00654000,O:QQQ260422P00644000,True,09:31
SPY,2026-04-22,Mié,combined,20,09:30,09:30-10:30,385,CALL,-23.45,-44.68,-2.22,0.27,0.45,True,-967.61,-1430.58,-1456.5,-234.52,-96.76,-95.37,-97.1,-23.45,O:SPY260422C00713000,O:SPY260422P00704000,True,09:30
SPY,2026-04-22,Mié,combined,30,09:31,09:30-10:30,384,CALL,-30.07,-46.81,-13.33,0.26,0.4,True,-967.61,-1429.15,-1455.11,-300.71,-96.76,-95.28,-97.01,-30.07,O:SPY260422C00713000,O:SPY260422P00704000,True,09:30
SPY,2026-04-22,Mié,combined,40,09:43,09:30-10:30,372,CALL,-40.8,-63.83,-17.78,0.18,0.38,True,-967.61,-1412.06,-1454.45,-408.04,-96.76,-94.14,-96.96,-40.8,O:SPY260422C00713000,O:SPY260422P00704000,True,09:30
SPY,2026-04-22,Mié,combined,50,10:36,10:30-12:00,319,PUT,-50.02,-48.94,-51.11,0.23,0.25,True,-967.61,-1445.87,-1427.61,-500.24,-96.76,-96.39,-95.17,-50.02,O:SPY260422C00713000,O:SPY260422P00704000,True,09:30
SPY,2026-04-22,Mié,combined,60,11:13,10:30-12:00,282,PUT,-60.9,-59.57,-62.22,0.18,0.2,True,-967.61,-1439.83,-1417.61,-608.98,-96.76,-95.99,-94.51,-60.9,O:SPY260422C00713000,O:SPY260422P00704000,True,09:30
SPY,2026-04-22,Mié,leg,20,09:30,09:30-10:30,385,CALL,-23.45,-44.68,-2.22,0.27,0.45,True,-967.61,-1430.58,-1456.5,-712.29,-96.76,-95.37,-97.1,-71.23,O:SPY260422C00713000,O:SPY260422P00704000,True,09:30
SPY,2026-04-22,Mié,leg,30,09:30,09:30-10:30,385,CALL,-23.45,-44.68,-2.22,0.27,0.45,True,-967.61,-1430.58,-1456.5,-712.29,-96.76,-95.37,-97.1,-71.23,O:SPY260422C00713000,O:SPY260422P00704000,True,09:30
SPY,2026-04-22,Mié,leg,40,09:30,09:30-10:30,385,CALL,-23.45,-44.68,-2.22,0.27,0.45,True,-967.61,-1430.58,-1456.5,-712.29,-96.76,-95.37,-97.1,-71.23,O:SPY260422C00713000,O:SPY260422P00704000,True,09:30
SPY,2026-04-22,Mié,leg,50,09:33,09:30-10:30,382,CALL,-28.87,-51.06,-6.67,0.24,0.43,True,-967.61,-1425.95,-1455.98,-744.21,-96.76,-95.06,-97.07,-74.42,O:SPY260422C00713000,O:SPY260422P00704000,True,09:30
SPY,2026-04-22,Mié,leg,60,09:35,09:30-10:30,380,CALL,-28.63,-61.7,4.44,0.19,0.48,True,-967.61,-1414.98,-1457.2,-797.4,-96.76,-94.33,-97.15,-79.74,O:SPY260422C00713000,O:SPY260422P00704000,True,09:30
IWM,2026-04-22,Mié,combined,20,09:45,09:30-10:30,370,CALL,-24.29,-34.78,-13.79,0.31,0.52,True,-879.31,-1379.31,-1244.69,-242.88,-87.93,-91.95,-82.98,-24.29,O:IWM260422C00279000,O:IWM260422P00276000,True,09:31
IWM,2026-04-22,Mié,combined,30,09:59,09:30-10:30,356,CALL,-32.27,-36.96,-27.59,0.3,0.43,True,-879.31,-1379.31,-1216.52,-322.71,-87.93,-91.95,-81.1,-32.27,O:IWM260422C00279000,O:IWM260422P00276000,True,09:31
IWM,2026-04-22,Mié,combined,40,10:14,09:30-10:30,341,CALL,-40.29,-47.83,-32.76,0.25,0.4,True,-879.31,-1379.31,-1204.31,-402.92,-87.93,-91.95,-80.29,-40.29,O:IWM260422C00279000,O:IWM260422P00276000,True,09:31
IWM,2026-04-22,Mié,combined,50,11:30,10:30-12:00,265,CALL,-52.96,-86.96,-18.97,0.07,0.48,True,-879.31,-1379.31,-1233.48,-529.61,-87.93,-91.95,-82.23,-52.96,O:IWM260422C00279000,O:IWM260422P00276000,True,09:31
IWM,2026-04-22,Mié,combined,60,14:47,13:30-15:55,68,CALL,-60.12,-97.83,-22.41,0.02,0.47,True,-879.31,-1379.31,-1230.37,-601.2,-87.93,-91.95,-82.02,-60.12,O:IWM260422C00279000,O:IWM260422P00276000,True,09:31
IWM,2026-04-22,Mié,leg,20,09:35,09:30-10:30,380,CALL,-13.68,-23.91,-3.45,0.37,0.58,True,-879.31,-1379.31,-1258.62,-498.88,-87.93,-91.95,-83.91,-49.89,O:IWM260422C00279000,O:IWM260422P00276000,True,09:31
IWM,2026-04-22,Mié,leg,30,09:44,09:30-10:30,371,CALL,-19.34,-36.96,-1.72,0.3,0.58,True,-879.31,-1379.31,-1258.62,-564.09,-87.93,-91.95,-83.91,-56.41,O:IWM260422C00279000,O:IWM260422P00276000,True,09:31
IWM,2026-04-22,Mié,leg,40,09:51,09:30-10:30,364,CALL,-23.46,-43.48,-3.45,0.27,0.57,True,-879.31,-1379.31,-1256.5,-596.7,-87.93,-91.95,-83.77,-59.67,O:IWM260422C00279000,O:IWM260422P00276000,True,09:31
IWM,2026-04-22,Mié,leg,50,10:02,09:30-10:30,353,CALL,-31.03,-50.0,-12.07,0.24,0.52,True,-879.31,-1379.31,-1244.69,-629.31,-87.93,-91.95,-82.98,-62.93,O:IWM260422C00279000,O:IWM260422P00276000,True,09:31
IWM,2026-04-22,Mié,leg,60,10:04,09:30-10:30,351,CALL,-27.21,-63.04,8.62,0.18,0.64,True,-879.31,-1379.31,-1269.94,-694.53,-87.93,-91.95,-84.66,-69.45,O:IWM260422C00279000,O:IWM260422P00276000,True,09:31
QQQ,2026-04-23,Jue,combined,20,09:33,09:30-10:30,382,PUT,-20.78,-15.09,-26.47,0.26,0.47,True,-985.29,-1466.06,-1485.29,-207.82,-98.53,-97.74,-99.02,-20.78,O:QQQ260423C00657000,O:QQQ260423P00645000,True,09:30
QQQ,2026-04-23,Jue,combined,30,10:00,09:30-10:30,355,CALL,-35.99,-39.62,-32.35,0.33,0.24,True,-985.29,-1485.29,-1464.46,-359.88,-98.53,-99.02,-97.63,-35.99,O:QQQ260423C00657000,O:QQQ260423P00645000,True,09:30
QQQ,2026-04-23,Jue,combined,40,10:11,09:30-10:30,344,PUT,-42.92,-35.85,-50.0,0.18,0.35,True,-985.29,-1457.52,-1485.29,-429.25,-98.53,-97.17,-99.02,-42.92,O:QQQ260423C00657000,O:QQQ260423P00645000,True,09:30
QQQ,2026-04-23,Jue,combined,50,10:16,09:30-10:30,339,PUT,-50.17,-41.51,-58.82,0.15,0.32,True,-985.29,-1451.96,-1485.29,-501.66,-98.53,-96.8,-99.02,-50.17,O:QQQ260423C00657000,O:QQQ260423P00645000,True,09:30
QQQ,2026-04-23,Jue,combined,60,10:41,10:30-12:00,314,PUT,-61.29,-49.06,-73.53,0.1,0.28,True,-985.29,-1435.29,-1485.29,-612.93,-98.53,-95.69,-99.02,-61.29,O:QQQ260423C00657000,O:QQQ260423P00645000,True,09:30
QQQ,2026-04-23,Jue,leg,20,09:32,09:30-10:30,383,PUT,-11.24,-1.89,-20.59,0.28,0.53,True,-985.29,-1467.44,-1485.29,-602.94,-98.53,-97.83,-99.02,-60.29,O:QQQ260423C00657000,O:QQQ260423P00645000,True,09:30
QQQ,2026-04-23,Jue,leg,30,09:35,09:30-10:30,380,PUT,-16.7,1.89,-35.29,0.23,0.55,True,-985.29,-1463.55,-1485.29,-676.47,-98.53,-97.57,-99.02,-67.65,O:QQQ260423C00657000,O:QQQ260423P00645000,True,09:30
QQQ,2026-04-23,Jue,leg,40,09:38,09:30-10:30,377,PUT,-12.1,16.98,-41.18,0.21,0.63,True,-985.29,-1461.48,-1485.29,-705.88,-98.53,-97.43,-99.02,-70.59,O:QQQ260423C00657000,O:QQQ260423P00645000,True,09:30
QQQ,2026-04-23,Jue,leg,50,09:46,09:30-10:30,369,PUT,-3.83,45.28,-52.94,0.17,0.78,True,-985.29,-1455.88,-1485.29,-764.71,-98.53,-97.06,-99.02,-76.47,O:QQQ260423C00657000,O:QQQ260423P00645000,True,09:30
QQQ,2026-04-23,Jue,leg,60,10:17,09:30-10:30,338,PUT,-48.81,-35.85,-61.76,0.14,0.35,True,-985.29,-1449.58,-1485.29,-808.82,-98.53,-96.64,-99.02,-80.88,O:QQQ260423C00657000,O:QQQ260423P00645000,True,09:30
SPY,2026-04-23,Jue,combined,20,09:32,09:30-10:30,383,PUT,-22.45,0.0,-44.9,0.28,0.38,True,-959.18,-1387.76,-1459.18,-224.49,-95.92,-92.52,-97.28,-22.45,O:SPY260423C00713000,O:SPY260423P00704000,True,09:30
SPY,2026-04-23,Jue,combined,30,09:54,09:30-10:30,361,PUT,-31.63,0.0,-63.27,0.19,0.38,True,-959.18,-1353.92,-1459.18,-316.33,-95.92,-90.26,-97.28,-31.63,O:SPY260423C00713000,O:SPY260423P00704000,True,09:30
SPY,2026-04-23,Jue,combined,40,09:59,09:30-10:30,356,PUT,-41.42,-21.62,-61.22,0.2,0.3,True,-959.18,-1359.18,-1459.18,-414.23,-95.92,-90.61,-97.28,-41.42,O:SPY260423C00713000,O:SPY260423P00704000,True,09:30
SPY,2026-04-23,Jue,combined,50,10:18,09:30-10:30,337,PUT,-53.28,-35.14,-71.43,0.15,0.25,True,-959.18,-1325.85,-1459.18,-532.82,-95.92,-88.39,-97.28,-53.28,O:SPY260423C00713000,O:SPY260423P00704000,True,09:30
SPY,2026-04-23,Jue,combined,60,12:03,12:00-13:30,232,PUT,-63.46,-43.24,-83.67,0.09,0.22,True,-959.18,-1236.96,-1459.18,-634.58,-95.92,-82.46,-97.28,-63.46,O:SPY260423C00713000,O:SPY260423P00704000,True,09:30
SPY,2026-04-23,Jue,leg,20,09:30,09:30-10:30,385,PUT,-13.6,-2.7,-24.49,0.38,0.37,True,-959.18,-1406.55,-1459.18,-622.45,-95.92,-93.77,-97.28,-62.24,O:SPY260423C00713000,O:SPY260423P00704000,True,09:30
SPY,2026-04-23,Jue,leg,30,09:31,09:30-10:30,384,PUT,-16.33,0.0,-32.65,0.34,0.38,True,-959.18,-1400.36,-1459.18,-663.27,-95.92,-93.36,-97.28,-66.33,O:SPY260423C00713000,O:SPY260423P00704000,True,09:30
SPY,2026-04-23,Jue,leg,40,09:32,09:30-10:30,383,PUT,-22.45,0.0,-44.9,0.28,0.38,True,-959.18,-1387.76,-1459.18,-724.49,-95.92,-92.52,-97.28,-72.45,O:SPY260423C00713000,O:SPY260423P00704000,True,09:30
SPY,2026-04-23,Jue,leg,50,09:38,09:30-10:30,377,PUT,-28.21,-5.41,-51.02,0.25,0.36,True,-959.18,-1379.18,-1459.18,-755.1,-95.92,-91.95,-97.28,-75.51,O:SPY260423C00713000,O:SPY260423P00704000,True,09:30
SPY,2026-04-23,Jue,leg,60,09:46,09:30-10:30,369,PUT,-23.86,13.51,-61.22,0.2,0.43,True,-959.18,-1359.18,-1459.18,-806.12,-95.92,-90.61,-97.28,-80.61,O:SPY260423C00713000,O:SPY260423P00704000,True,09:30
IWM,2026-04-23,Jue,combined,20,09:33,09:30-10:30,382,PUT,-23.48,20.83,-67.8,0.21,0.6,True,-983.05,-1435.43,-1483.05,-234.82,-98.31,-95.7,-98.87,-23.48,O:IWM260423C00278000,O:IWM260423P00274000,True,09:30
IWM,2026-04-23,Jue,combined,30,09:34,09:30-10:30,381,PUT,-37.8,-14.58,-61.02,0.24,0.42,True,-983.05,-1441.38,-1483.05,-378.0,-98.31,-96.09,-98.87,-37.8,O:IWM260423C00278000,O:IWM260423P00274000,True,09:30
IWM,2026-04-23,Jue,combined,40,09:54,09:30-10:30,361,PUT,-40.8,-10.42,-71.19,0.18,0.44,True,-983.05,-1427.5,-1483.05,-408.02,-98.31,-95.17,-98.87,-40.8,O:IWM260423C00278000,O:IWM260423P00274000,True,09:30
IWM,2026-04-23,Jue,combined,50,09:58,09:30-10:30,357,PUT,-50.76,-35.42,-66.1,0.21,0.32,True,-983.05,-1435.43,-1483.05,-507.59,-98.31,-95.7,-98.87,-50.76,O:IWM260423C00278000,O:IWM260423P00274000,True,09:30
IWM,2026-04-23,Jue,combined,60,10:11,09:30-10:30,344,PUT,-60.33,-56.25,-64.41,0.22,0.22,True,-983.05,-1437.6,-1483.05,-603.28,-98.31,-95.84,-98.87,-60.33,O:IWM260423C00278000,O:IWM260423P00274000,True,09:30
IWM,2026-04-23,Jue,leg,20,09:30,09:30-10:30,385,PUT,-12.68,45.83,-71.19,0.18,0.73,True,-983.05,-1427.5,-1483.05,-855.93,-98.31,-95.17,-98.87,-85.59,O:IWM260423C00278000,O:IWM260423P00274000,True,09:30
IWM,2026-04-23,Jue,leg,30,09:30,09:30-10:30,385,PUT,-12.68,45.83,-71.19,0.18,0.73,True,-983.05,-1427.5,-1483.05,-855.93,-98.31,-95.17,-98.87,-85.59,O:IWM260423C00278000,O:IWM260423P00274000,True,09:30
IWM,2026-04-23,Jue,leg,40,09:30,09:30-10:30,385,PUT,-12.68,45.83,-71.19,0.18,0.73,True,-983.05,-1427.5,-1483.05,-855.93,-98.31,-95.17,-98.87,-85.59,O:IWM260423C00278000,O:IWM260423P00274000,True,09:30
IWM,2026-04-23,Jue,leg,50,09:30,09:30-10:30,385,PUT,-12.68,45.83,-71.19,0.18,0.73,True,-983.05,-1427.5,-1483.05,-855.93,-98.31,-95.17,-98.87,-85.59,O:IWM260423C00278000,O:IWM260423P00274000,True,09:30
IWM,2026-04-23,Jue,leg,60,09:30,09:30-10:30,385,PUT,-12.68,45.83,-71.19,0.18,0.73,True,-983.05,-1427.5,-1483.05,-855.93,-98.31,-95.17,-98.87,-85.59,O:IWM260423C00278000,O:IWM260423P00274000,True,09:30
QQQ,2026-04-24,Vie,combined,20,09:35,09:30-10:30,380,PUT,-20.69,-10.87,-30.51,0.42,0.43,True,86.96,-413.04,749.75,-206.89,8.7,-27.54,49.98,-20.69,O:QQQ260424C00663000,O:QQQ260424P00651000,True,09:30
QQQ,2026-04-24,Vie,combined,30,09:43,09:30-10:30,372,PUT,-34.84,-23.91,-45.76,0.33,0.36,True,86.96,-413.04,975.85,-348.38,8.7,-27.54,65.06,-34.84,O:QQQ260424C00663000,O:QQQ260424P00651000,True,09:30
QQQ,2026-04-24,Vie,combined,40,09:53,09:30-10:30,362,PUT,-40.75,-39.13,-42.37,0.35,0.29,True,86.96,-413.04,1311.09,-407.52,8.7,-27.54,87.41,-40.75,O:QQQ260424C00663000,O:QQQ260424P00651000,True,09:30
QQQ,2026-04-24,Vie,combined,50,10:06,09:30-10:30,349,PUT,-50.18,-47.83,-52.54,0.29,0.25,True,86.96,-413.04,1586.96,-501.84,8.7,-27.54,105.8,-50.18,O:QQQ260424C00663000,O:QQQ260424P00651000,True,09:30
QQQ,2026-04-24,Vie,combined,60,10:34,10:30-12:00,321,PUT,-61.79,-60.87,-62.71,0.23,0.19,True,86.96,-413.04,2218.54,-617.91,8.7,-27.54,147.9,-61.79,O:QQQ260424C00663000,O:QQQ260424P00651000,True,09:30
QQQ,2026-04-24,Vie,leg,20,09:31,09:30-10:30,384,PUT,-11.26,-2.17,-20.34,0.49,0.46,True,86.96,-413.04,673.91,485.26,8.7,-27.54,44.93,48.53,O:QQQ260424C00663000,O:QQQ260424P00651000,True,09:30
QQQ,2026-04-24,Vie,leg,30,09:33,09:30-10:30,382,PUT,-15.86,2.17,-33.9,0.4,0.48,True,86.96,-413.04,628.62,417.46,8.7,-27.54,41.91,41.75,O:QQQ260424C00663000,O:QQQ260424P00651000,True,09:30
QQQ,2026-04-24,Vie,leg,40,09:38,09:30-10:30,377,PUT,-24.34,2.17,-50.85,0.3,0.48,True,86.96,-413.04,628.62,332.72,8.7,-27.54,41.91,33.27,O:QQQ260424C00663000,O:QQQ260424P00651000,True,09:30
QQQ,2026-04-24,Vie,leg,50,09:38,09:30-10:30,377,PUT,-24.34,2.17,-50.85,0.3,0.48,True,86.96,-413.04,628.62,332.72,8.7,-27.54,41.91,33.27,O:QQQ260424C00663000,O:QQQ260424P00651000,True,09:30
QQQ,2026-04-24,Vie,leg,60,10:09,09:30-10:30,346,PUT,-48.51,-32.61,-64.41,0.22,0.32,True,86.96,-413.04,1149.46,264.92,8.7,-27.54,76.63,26.49,O:QQQ260424C00663000,O:QQQ260424P00651000,True,09:30
SPY,2026-04-24,Vie,combined,20,09:59,09:30-10:30,356,CALL,-23.26,-30.61,-15.91,0.38,0.39,True,206.4,1232.72,-267.96,-232.61,20.64,82.18,-17.86,-23.26,O:SPY260424C00713000,O:SPY260424P00705000,True,09:30
SPY,2026-04-24,Vie,combined,30,10:10,09:30-10:30,345,CALL,-31.89,-38.78,-25.0,0.31,0.34,True,206.4,1577.37,-264.19,-318.88,20.64,105.16,-17.61,-31.89,O:SPY260424C00713000,O:SPY260424P00705000,True,09:30
SPY,2026-04-24,Vie,combined,40,10:33,10:30-12:00,322,CALL,-40.51,-46.94,-34.09,0.27,0.3,True,206.4,1854.55,-260.27,-405.15,20.64,123.64,-17.35,-40.51,O:SPY260424C00713000,O:SPY260424P00705000,True,09:30
SPY,2026-04-24,Vie,leg,20,09:40,09:30-10:30,375,PUT,-9.32,4.08,-22.73,0.35,0.52,True,206.4,-265.03,821.79,570.04,20.64,-17.67,54.79,57.0,O:SPY260424C00713000,O:SPY260424P00705000,True,09:30
SPY,2026-04-24,Vie,leg,30,09:55,09:30-10:30,360,CALL,-9.39,-34.69,15.91,0.33,0.52,True,206.4,1463.98,-274.37,-650.74,20.64,97.6,-18.29,-65.07,O:SPY260424C00713000,O:SPY260424P00705000,True,09:30
SPY,2026-04-24,Vie,leg,40,10:00,09:30-10:30,355,CALL,-20.29,-42.86,2.27,0.29,0.46,True,206.4,1706.4,-271.86,-691.56,20.64,113.76,-18.12,-69.16,O:SPY260424C00713000,O:SPY260424P00705000,True,09:30
SPY,2026-04-24,Vie,leg,50,10:31,10:30-12:00,324,CALL,-36.87,-51.02,-22.73,0.25,0.35,True,206.4,2026.4,-265.03,-732.37,20.64,135.09,-17.67,-73.24,O:SPY260424C00713000,O:SPY260424P00705000,True,09:30
SPY,2026-04-24,Vie,leg,60,10:44,10:30-12:00,311,PUT,-36.8,-12.24,-61.36,0.18,0.44,True,206.4,-238.04,1024.58,376.86,20.64,-15.87,68.31,37.69,O:SPY260424C00713000,O:SPY260424P00705000,True,09:30
IWM,2026-04-24,Vie,combined,20,10:12,09:30-10:30,343,CALL,-28.44,-60.53,3.64,0.16,0.58,True,-990.91,-1490.91,-1482.29,-284.45,-99.09,-99.39,-98.82,-28.44,O:IWM260424C00278000,O:IWM260424P00275000,True,09:30
IWM,2026-04-24,Vie,combined,30,10:19,09:30-10:30,336,CALL,-31.17,-60.53,-1.82,0.16,0.55,True,-990.91,-1490.91,-1481.82,-311.72,-99.09,-99.39,-98.79,-31.17,O:IWM260424C00278000,O:IWM260424P00275000,True,09:30
IWM,2026-04-24,Vie,combined,40,10:35,10:30-12:00,320,CALL,-41.36,-50.0,-32.73,0.2,0.39,True,-990.91,-1490.91,-1478.09,-413.64,-99.09,-99.39,-98.54,-41.36,O:IWM260424C00278000,O:IWM260424P00275000,True,09:30
IWM,2026-04-24,Vie,combined,50,10:54,10:30-12:00,301,CALL,-50.57,-68.42,-32.73,0.13,0.38,True,-990.91,-1490.91,-1477.75,-505.74,-99.09,-99.39,-98.52,-50.57,O:IWM260424C00278000,O:IWM260424P00275000,True,09:30
IWM,2026-04-24,Vie,combined,60,11:24,10:30-12:00,271,CALL,-60.17,-65.79,-54.55,0.14,0.26,True,-990.91,-1490.91,-1471.68,-601.67,-99.09,-99.39,-98.11,-60.17,O:IWM260424C00278000,O:IWM260424P00275000,True,09:30
IWM,2026-04-24,Vie,leg,20,09:32,09:30-10:30,383,CALL,10.38,-21.05,41.82,0.32,0.8,True,-990.91,-1490.91,-1484.66,-596.17,-99.09,-99.39,-98.98,-59.62,O:IWM260424C00278000,O:IWM260424P00275000,True,09:30
IWM,2026-04-24,Vie,leg,30,09:34,09:30-10:30,381,CALL,8.85,-36.84,54.55,0.26,0.86,True,-990.91,-1490.91,-1485.1,-675.12,-99.09,-99.39,-99.01,-67.51,O:IWM260424C00278000,O:IWM260424P00275000,True,09:30
IWM,2026-04-24,Vie,leg,40,09:41,09:30-10:30,374,CALL,-8.13,-52.63,36.36,0.19,0.77,True,-990.91,-1490.91,-1484.42,-754.07,-99.09,-99.39,-98.96,-75.41,O:IWM260424C00278000,O:IWM260424P00275000,True,09:30
IWM,2026-04-24,Vie,leg,50,09:41,09:30-10:30,374,CALL,-8.13,-52.63,36.36,0.19,0.77,True,-990.91,-1490.91,-1484.42,-754.07,-99.09,-99.39,-98.96,-75.41,O:IWM260424C00278000,O:IWM260424P00275000,True,09:30
IWM,2026-04-24,Vie,leg,60,09:47,09:30-10:30,368,CALL,-7.54,-60.53,45.45,0.16,0.81,True,-990.91,-1490.91,-1484.74,-793.54,-99.09,-99.39,-98.98,-79.35,O:IWM260424C00278000,O:IWM260424P00275000,True,09:30
QQQ,2026-04-27,Lun,combined,20,09:34,09:30-10:30,381,CALL,-23.16,-31.11,-15.22,0.32,0.4,True,-978.02,-1462.39,-1465.52,-231.64,-97.8,-97.49,-97.7,-23.16,O:QQQ260427C00667000,O:QQQ260427P00657000,True,09:30
QQQ,2026-04-27,Lun,combined,30,09:44,09:30-10:30,371,CALL,-36.35,-44.44,-28.26,0.26,0.34,True,-978.02,-1458.79,-1463.31,-363.53,-97.8,-97.25,-97.55,-36.35,O:QQQ260427C00667000,O:QQQ260427P00657000,True,09:30
QQQ,2026-04-27,Lun,combined,40,10:02,09:30-10:30,353,CALL,-40.75,-48.89,-32.61,0.24,0.32,True,-978.02,-1457.19,-1462.39,-407.49,-97.8,-97.15,-97.49,-40.75,O:QQQ260427C00667000,O:QQQ260427P00657000,True,09:30
QQQ,2026-04-27,Lun,combined,50,10:22,09:30-10:30,333,CALL,-50.7,-64.44,-36.96,0.17,0.3,True,-978.02,-1448.61,-1461.35,-507.0,-97.8,-96.57,-97.42,-50.7,O:QQQ260427C00667000,O:QQQ260427P00657000,True,09:30
QQQ,2026-04-27,Lun,combined,60,10:47,10:30-12:00,308,CALL,-60.56,-71.11,-50.0,0.14,0.24,True,-978.02,-1442.31,-1457.19,-605.56,-97.8,-96.15,-97.15,-60.56,O:QQQ260427C00667000,O:QQQ260427P00657000,True,09:30
QQQ,2026-04-27,Lun,leg,20,09:34,09:30-10:30,381,CALL,-23.16,-31.11,-15.22,0.32,0.4,True,-978.02,-1462.39,-1465.52,-644.69,-97.8,-97.49,-97.7,-64.47,O:QQQ260427C00667000,O:QQQ260427P00657000,True,09:30
QQQ,2026-04-27,Lun,leg,30,09:34,09:30-10:30,381,CALL,-23.16,-31.11,-15.22,0.32,0.4,True,-978.02,-1462.39,-1465.52,-644.69,-97.8,-97.49,-97.7,-64.47,O:QQQ260427C00667000,O:QQQ260427P00657000,True,09:30
QQQ,2026-04-27,Lun,leg,40,09:42,09:30-10:30,373,CALL,-28.7,-40.0,-17.39,0.28,0.39,True,-978.02,-1460.16,-1465.2,-689.13,-97.8,-97.34,-97.68,-68.91,O:QQQ260427C00667000,O:QQQ260427P00657000,True,09:30
QQQ,2026-04-27,Lun,leg,50,09:45,09:30-10:30,370,CALL,-33.21,-55.56,-10.87,0.21,0.42,True,-978.02,-1454.21,-1466.11,-766.91,-97.8,-96.95,-97.74,-76.69,O:QQQ260427C00667000,O:QQQ260427P00657000,True,09:30
QQQ,2026-04-27,Lun,leg,60,09:50,09:30-10:30,365,CALL,-21.38,-66.67,23.91,0.16,0.58,True,-978.02,-1446.77,-1469.4,-822.46,-97.8,-96.45,-97.96,-82.25,O:QQQ260427C00667000,O:QQQ260427P00657000,True,09:30
SPY,2026-04-27,Lun,combined,20,09:59,09:30-10:30,356,PUT,-20.73,4.88,-46.34,0.23,0.44,True,-756.1,-1212.62,-1051.55,-207.32,-75.61,-80.84,-70.1,-20.73,O:SPY260427C00716000,O:SPY260427P00709000,True,09:30
SPY,2026-04-27,Lun,combined,30,10:09,09:30-10:30,346,PUT,-30.49,-19.51,-41.46,0.25,0.34,True,-756.1,-1216.1,-991.39,-304.88,-75.61,-81.07,-66.09,-30.49,O:SPY260427C00716000,O:SPY260427P00709000,True,09:30
SPY,2026-04-27,Lun,combined,40,10:32,10:30-12:00,323,CALL,-40.24,-48.78,-31.71,0.22,0.29,True,-756.1,-847.01,-1221.61,-402.44,-75.61,-56.47,-81.44,-40.24,O:SPY260427C00716000,O:SPY260427P00709000,True,09:30
SPY,2026-04-27,Lun,combined,50,10:57,10:30-12:00,298,PUT,-50.0,-43.9,-56.1,0.19,0.24,True,-756.1,-1203.47,-881.1,-500.0,-75.61,-80.23,-58.74,-50.0,O:SPY260427C00716000,O:SPY260427P00709000,True,09:30
SPY,2026-04-27,Lun,combined,60,11:34,10:30-12:00,261,CALL,-60.98,-70.73,-51.22,0.13,0.21,True,-756.1,-563.79,-1208.48,-609.76,-75.61,-37.59,-80.57,-60.98,O:SPY260427C00716000,O:SPY260427P00709000,True,09:30
SPY,2026-04-27,Lun,leg,20,09:31,09:30-10:30,384,PUT,8.54,39.02,-21.95,0.33,0.58,True,-756.1,-1225.79,-1100.93,-390.24,-75.61,-81.72,-73.4,-39.02,O:SPY260427C00716000,O:SPY260427P00709000,True,09:30
SPY,2026-04-27,Lun,leg,30,09:33,09:30-10:30,382,PUT,-1.22,34.15,-36.59,0.27,0.56,True,-756.1,-1219.06,-1095.38,-463.41,-75.61,-81.27,-73.03,-46.34,O:SPY260427C00716000,O:SPY260427P00709000,True,09:30
SPY,2026-04-27,Lun,leg,40,09:56,09:30-10:30,359,PUT,-15.85,9.76,-41.46,0.25,0.46,True,-756.1,-1216.1,-1060.45,-487.8,-75.61,-81.07,-70.7,-48.78,O:SPY260427C00716000,O:SPY260427P00709000,True,09:30
SPY,2026-04-27,Lun,leg,50,10:35,10:30-12:00,320,PUT,-36.59,-14.63,-58.54,0.18,0.36,True,-756.1,-1200.54,-1006.1,-573.17,-75.61,-80.04,-67.07,-57.32,O:SPY260427C00716000,O:SPY260427P00709000,True,09:30
SPY,2026-04-27,Lun,leg,60,11:00,10:30-12:00,295,PUT,-53.66,-46.34,-60.98,0.17,0.23,True,-756.1,-1197.27,-864.79,-585.37,-75.61,-79.82,-57.65,-58.54,O:SPY260427C00716000,O:SPY260427P00709000,True,09:30
IWM,2026-04-27,Lun,combined,20,09:59,09:30-10:30,356,PUT,-21.79,-9.09,-34.48,0.39,0.51,True,-955.96,-1417.49,-1436.35,-217.87,-95.6,-94.5,-95.76,-21.79,O:IWM260427C00278000,O:IWM260427P00276000,True,09:30
IWM,2026-04-27,Lun,combined,30,10:08,09:30-10:30,347,PUT,-31.69,-25.45,-37.93,0.37,0.43,True,-955.96,-1415.42,-1432.7,-316.93,-95.6,-94.36,-95.51,-31.69,O:IWM260427C00278000,O:IWM260427P00276000,True,09:30
IWM,2026-04-27,Lun,combined,40,10:33,10:30-12:00,322,CALL,-40.06,-49.09,-31.03,0.29,0.41,True,-955.96,-1421.47,-1419.37,-400.63,-95.6,-94.76,-94.62,-40.06,O:IWM260427C00278000,O:IWM260427P00276000,True,09:30
IWM,2026-04-27,Lun,combined,50,10:58,10:30-12:00,297,CALL,-50.45,-50.91,-50.0,0.28,0.31,True,-955.96,-1420.24,-1407.57,-504.55,-95.6,-94.68,-93.84,-50.45,O:IWM260427C00278000,O:IWM260427P00276000,True,09:30
IWM,2026-04-27,Lun,combined,60,11:45,10:30-12:00,250,CALL,-61.41,-74.55,-48.28,0.15,0.31,True,-955.96,-1389.29,-1407.57,-614.11,-95.6,-92.62,-93.84,-61.41,O:IWM260427C00278000,O:IWM260427P00276000,True,09:30
IWM,2026-04-27,Lun,leg,20,09:31,09:30-10:30,384,PUT,7.07,40.0,-25.86,0.44,0.78,True,-955.96,-1421.87,-1443.14,-611.13,-95.6,-94.79,-96.21,-61.11,O:IWM260427C00278000,O:IWM260427P00276000,True,09:30
IWM,2026-04-27,Lun,leg,30,09:32,09:30-10:30,383,PUT,16.39,67.27,-34.48,0.4,0.93,True,-955.96,-1418.46,-1445.2,-654.23,-95.6,-94.56,-96.35,-65.42,O:IWM260427C00278000,O:IWM260427P00276000,True,09:30
IWM,2026-04-27,Lun,leg,40,09:33,09:30-10:30,382,PUT,20.41,89.09,-48.28,0.31,1.06,True,-955.96,-1407.57,-1446.52,-723.2,-95.6,-93.84,-96.43,-72.32,O:IWM260427C00278000,O:IWM260427P00276000,True,09:30
IWM,2026-04-27,Lun,leg,50,10:06,09:30-10:30,349,PUT,-27.73,-5.45,-50.0,0.3,0.53,True,-955.96,-1405.96,-1437.09,-731.82,-95.6,-93.73,-95.81,-73.18,O:IWM260427C00278000,O:IWM260427P00276000,True,09:30
IWM,2026-04-27,Lun,leg,60,11:02,10:30-12:00,293,CALL,-49.06,-63.64,-34.48,0.21,0.39,True,-955.96,-1408.34,-1417.49,-792.32,-95.6,-93.89,-94.5,-79.23,O:IWM260427C00278000,O:IWM260427P00276000,True,09:30
QQQ,2026-04-28,Mar,combined,20,10:19,09:30-10:30,336,PUT,-25.01,24.44,-74.47,0.13,0.58,True,-978.25,-1439.79,-1469.63,-250.12,-97.83,-95.99,-97.98,-25.01,O:QQQ260428C00661000,O:QQQ260428P00649000,True,09:30
QQQ,2026-04-28,Mar,combined,30,10:23,09:30-10:30,332,PUT,-32.74,11.11,-76.6,0.12,0.51,True,-978.25,-1436.58,-1468.45,-327.42,-97.83,-95.77,-97.9,-32.74,O:QQQ260428C00661000,O:QQQ260428P00649000,True,09:30
QQQ,2026-04-28,Mar,combined,40,10:26,09:30-10:30,329,PUT,-43.9,-13.33,-74.47,0.13,0.4,True,-978.25,-1439.79,-1465.75,-439.01,-97.83,-95.99,-97.72,-43.9,O:QQQ260428C00661000,O:QQQ260428P00649000,True,09:30
QQQ,2026-04-28,Mar,combined,50,10:35,10:30-12:00,320,PUT,-50.76,-35.56,-65.96,0.17,0.3,True,-978.25,-1448.84,-1461.58,-507.57,-97.83,-96.59,-97.44,-50.76,O:QQQ260428C00661000,O:QQQ260428P00649000,True,09:30
QQQ,2026-04-28,Mar,combined,60,11:12,10:30-12:00,283,PUT,-60.76,-55.56,-65.96,0.17,0.21,True,-978.25,-1448.84,-1454.44,-607.57,-97.83,-96.59,-96.96,-60.76,O:QQQ260428C00661000,O:QQQ260428P00649000,True,09:30
QQQ,2026-04-28,Mar,leg,20,09:32,09:30-10:30,383,PUT,-11.23,22.22,-44.68,0.27,0.56,True,-978.25,-1459.73,-1469.32,-712.29,-97.83,-97.32,-97.95,-71.23,O:QQQ260428C00661000,O:QQQ260428P00649000,True,09:30
QQQ,2026-04-28,Mar,leg,30,09:32,09:30-10:30,383,PUT,-11.23,22.22,-44.68,0.27,0.56,True,-978.25,-1459.73,-1469.32,-712.29,-97.83,-97.32,-97.95,-71.23,O:QQQ260428C00661000,O:QQQ260428P00649000,True,09:30
QQQ,2026-04-28,Mar,leg,40,09:32,09:30-10:30,383,PUT,-11.23,22.22,-44.68,0.27,0.56,True,-978.25,-1459.73,-1469.32,-712.29,-97.83,-97.32,-97.95,-71.23,O:QQQ260428C00661000,O:QQQ260428P00649000,True,09:30
QQQ,2026-04-28,Mar,leg,50,09:38,09:30-10:30,377,PUT,7.8,66.67,-51.06,0.24,0.77,True,-978.25,-1457.42,-1471.76,-744.21,-97.83,-97.16,-98.12,-74.42,O:QQQ260428C00661000,O:QQQ260428P00649000,True,09:30
QQQ,2026-04-28,Mar,leg,60,09:42,09:30-10:30,373,PUT,43.59,148.89,-61.7,0.19,1.13,True,-978.25,-1451.93,-1473.83,-797.4,-97.83,-96.8,-98.26,-79.74,O:QQQ260428C00661000,O:QQQ260428P00649000,True,09:30
SPY,2026-04-28,Mar,combined,20,13:27,12:00-13:30,148,CALL,-23.53,-87.88,40.82,0.05,0.7,True,-944.03,-1344.03,-1415.46,-235.31,-94.4,-89.6,-94.36,-23.53,O:SPY260428C00715000,O:SPY260428P00710000,True,09:30
SPY,2026-04-28,Mar,combined,30,13:32,13:30-15:55,143,CALL,-32.71,-87.88,22.45,0.05,0.61,True,-944.03,-1344.03,-1411.25,-327.15,-94.4,-89.6,-94.08,-32.71,O:SPY260428C00715000,O:SPY260428P00710000,True,09:30
SPY,2026-04-28,Mar,combined,40,13:35,13:30-15:55,140,CALL,-40.91,-81.82,0.0,0.07,0.5,True,-944.03,-1372.6,-1404.03,-409.09,-94.4,-91.51,-93.6,-40.91,O:SPY260428C00715000,O:SPY260428P00710000,True,09:30
SPY,2026-04-28,Mar,combined,50,13:50,13:30-15:55,125,CALL,-50.59,-84.85,-16.33,0.06,0.42,True,-944.03,-1360.7,-1396.41,-505.88,-94.4,-90.71,-93.09,-50.59,O:SPY260428C00715000,O:SPY260428P00710000,True,09:30
SPY,2026-04-28,Mar,combined,60,14:00,13:30-15:55,115,CALL,-61.32,-81.82,-40.82,0.07,0.3,True,-944.03,-1372.6,-1377.37,-613.17,-94.4,-91.51,-91.82,-61.32,O:SPY260428C00715000,O:SPY260428P00710000,True,09:30
SPY,2026-04-28,Mar,leg,20,09:55,09:30-10:30,360,CALL,44.0,-24.24,112.24,0.26,1.05,True,-944.03,-1424.8,-1424.98,-580.4,-94.4,-94.99,-95.0,-58.04,O:SPY260428C00715000,O:SPY260428P00710000,True,09:30
SPY,2026-04-28,Mar,leg,30,10:01,09:30-10:30,354,CALL,26.69,-30.3,83.67,0.24,0.91,True,-944.03,-1423.2,-1422.05,-610.7,-94.4,-94.88,-94.8,-61.07,O:SPY260428C00715000,O:SPY260428P00710000,True,09:30
SPY,2026-04-28,Mar,leg,40,10:15,09:30-10:30,340,CALL,8.91,-45.45,63.27,0.19,0.81,True,-944.03,-1417.72,-1419.34,-686.46,-94.4,-94.51,-94.62,-68.65,O:SPY260428C00715000,O:SPY260428P00710000,True,09:30
SPY,2026-04-28,Mar,leg,50,10:23,09:30-10:30,332,CALL,6.9,-51.52,65.31,0.17,0.82,True,-944.03,-1414.62,-1419.64,-716.76,-94.4,-94.31,-94.64,-71.68,O:SPY260428C00715000,O:SPY260428P00710000,True,09:30
SPY,2026-04-28,Mar,leg,60,10:34,10:30-12:00,321,CALL,15.62,-60.61,91.84,0.14,0.95,True,-944.03,-1408.32,-1422.98,-762.21,-94.4,-93.89,-94.87,-76.22,O:SPY260428C00715000,O:SPY260428P00710000,True,09:30
IWM,2026-04-28,Mar,combined,20,09:49,09:30-10:30,366,PUT,-20.74,-15.38,-26.09,0.35,0.34,True,-706.52,-820.81,-1206.52,-207.36,-70.65,-54.72,-80.43,-20.74,O:IWM260428C00277000,O:IWM260428P00274000,True,09:31
IWM,2026-04-28,Mar,combined,30,10:07,09:30-10:30,348,CALL,-30.38,-56.41,-4.35,0.18,0.45,True,-706.52,-1206.52,-906.52,-303.79,-70.65,-80.43,-60.43,-30.38,O:IWM260428C00277000,O:IWM260428P00274000,True,09:31
IWM,2026-04-28,Mar,combined,40,13:41,13:30-15:55,134,CALL,-40.22,-100.0,19.57,0.01,0.57,False,-706.52,,,-402.17,-70.65,,,-40.22,O:IWM260428C00277000,O:IWM260428P00274000,True,09:31
IWM,2026-04-28,Mar,combined,50,13:56,13:30-15:55,119,CALL,-51.09,-100.0,-2.17,0.01,0.47,False,-706.52,,,-510.87,-70.65,,,-51.09,O:IWM260428C00277000,O:IWM260428P00274000,True,09:31
IWM,2026-04-28,Mar,combined,60,14:53,13:30-15:55,62,CALL,-60.87,-100.0,-21.74,0.01,0.37,False,-706.52,,,-608.7,-70.65,,,-60.87,O:IWM260428C00277000,O:IWM260428P00274000,True,09:31
IWM,2026-04-28,Mar,leg,20,09:32,09:30-10:30,383,PUT,1.25,30.77,-28.26,0.34,0.53,True,-706.52,-809.46,-1206.52,-641.3,-70.65,-53.96,-80.43,-64.13,O:IWM260428C00277000,O:IWM260428P00274000,True,09:31
IWM,2026-04-28,Mar,leg,30,09:33,09:30-10:30,382,PUT,16.92,79.49,-45.65,0.26,0.71,True,-706.52,-687.29,-1206.52,-728.26,-70.65,-45.82,-80.43,-72.83,O:IWM260428C00277000,O:IWM260428P00274000,True,09:31
IWM,2026-04-28,Mar,leg,40,09:33,09:30-10:30,382,PUT,16.92,79.49,-45.65,0.26,0.71,True,-706.52,-687.29,-1206.52,-728.26,-70.65,-45.82,-80.43,-72.83,O:IWM260428C00277000,O:IWM260428P00274000,True,09:31
IWM,2026-04-28,Mar,leg,50,09:35,09:30-10:30,380,PUT,29.04,110.26,-52.17,0.23,0.84,True,-706.52,-619.57,-1206.52,-760.87,-70.65,-41.3,-80.43,-76.09,O:IWM260428C00277000,O:IWM260428P00274000,True,09:31
IWM,2026-04-28,Mar,leg,60,10:02,09:30-10:30,353,CALL,-16.83,-64.1,30.43,0.15,0.61,True,-706.52,-1206.52,-985.21,-527.03,-70.65,-80.43,-65.68,-52.7,O:IWM260428C00277000,O:IWM260428P00274000,True,09:31
QQQ,2026-04-29,Mié,combined,20,13:39,13:30-15:55,136,PUT,-20.7,17.86,-59.26,0.23,0.67,True,-355.82,-768.86,-348.36,-207.01,-35.58,-51.26,-23.22,-20.7,O:QQQ260429C00666000,O:QQQ260429P00646000,True,09:31
QQQ,2026-04-29,Mié,combined,30,14:10,13:30-15:55,105,PUT,-30.22,-17.86,-42.59,0.32,0.47,True,-355.82,-793.32,-132.42,-302.25,-35.58,-52.89,-8.83,-30.22,O:QQQ260429C00666000,O:QQQ260429P00646000,True,09:31
QQQ,2026-04-29,Mié,combined,40,14:34,13:30-15:55,81,PUT,-40.41,-17.86,-62.96,0.21,0.47,True,-355.82,-760.58,-132.42,-404.1,-35.58,-50.71,-8.83,-40.41,O:QQQ260429C00666000,O:QQQ260429P00646000,True,09:31
QQQ,2026-04-29,Mié,combined,50,15:50,13:30-15:55,5,PUT,-53.44,-14.29,-92.59,0.05,0.49,True,-355.82,-455.82,-161.94,-534.39,-35.58,-30.39,-10.8,-53.44,O:QQQ260429C00666000,O:QQQ260429P00646000,True,09:31
QQQ,2026-04-29,Mié,leg,20,09:31,09:30-10:30,384,PUT,-11.08,-1.79,-20.37,0.44,0.56,True,-355.82,-810.37,-248.68,5.29,-35.58,-54.02,-16.58,0.53,O:QQQ260429C00666000,O:QQQ260429P00646000,True,09:31
QQQ,2026-04-29,Mié,leg,30,09:39,09:30-10:30,376,PUT,-14.85,1.79,-31.48,0.38,0.58,True,-355.82,-803.19,-269.61,-50.26,-35.58,-53.55,-17.97,-5.03,O:QQQ260429C00666000,O:QQQ260429P00646000,True,09:31
QQQ,2026-04-29,Mié,leg,40,10:27,09:30-10:30,328,PUT,3.74,48.21,-40.74,0.33,0.84,True,-355.82,-795.21,-451.06,-96.56,-35.58,-53.01,-30.07,-9.66,O:QQQ260429C00666000,O:QQQ260429P00646000,True,09:31
QQQ,2026-04-29,Mié,leg,50,10:35,10:30-12:00,320,PUT,29.46,108.93,-50.0,0.28,1.18,True,-355.82,-784.39,-567.68,-142.86,-35.58,-52.29,-37.85,-14.29,O:QQQ260429C00666000,O:QQQ260429P00646000,True,09:31
QQQ,2026-04-29,Mié,leg,60,13:48,13:30-15:55,127,PUT,-15.38,30.36,-61.11,0.22,0.74,True,-355.82,-764.91,-396.36,-198.41,-35.58,-50.99,-26.42,-19.84,O:QQQ260429C00666000,O:QQQ260429P00646000,True,09:31
SPY,2026-04-29,Mié,combined,20,09:30,09:30-10:30,385,CALL,-22.14,-50.0,5.71,0.2,0.38,True,-806.77,-1156.77,-1201.5,-221.43,-80.68,-77.12,-80.1,-22.14,O:SPY260429C00718000,O:SPY260429P00702000,True,09:30
SPY,2026-04-29,Mié,combined,30,09:42,09:30-10:30,373,CALL,-31.92,-55.26,-8.57,0.18,0.33,True,-806.77,-1140.1,-1185.55,-319.17,-80.68,-76.01,-79.04,-31.92,O:SPY260429C00718000,O:SPY260429P00702000,True,09:30
SPY,2026-04-29,Mié,combined,40,11:01,10:30-12:00,294,CALL,-40.71,-50.0,-31.43,0.2,0.25,True,-806.77,-1156.77,-1146.77,-407.14,-80.68,-77.12,-76.45,-40.71,O:SPY260429C00718000,O:SPY260429P00702000,True,09:30
SPY,2026-04-29,Mié,combined,50,11:26,10:30-12:00,269,CALL,-50.26,-60.53,-40.0,0.16,0.22,True,-806.77,-1119.27,-1124.95,-502.63,-80.68,-74.62,-75.0,-50.26,O:SPY260429C00718000,O:SPY260429P00702000,True,09:30
SPY,2026-04-29,Mié,combined,60,14:36,13:30-15:55,79,CALL,-62.22,-81.58,-42.86,0.08,0.21,True,-806.77,-931.77,-1116.29,-622.18,-80.68,-62.12,-74.42,-62.22,O:SPY260429C00718000,O:SPY260429P00702000,True,09:30
SPY,2026-04-29,Mié,leg,20,09:30,09:30-10:30,385,CALL,-22.14,-50.0,5.71,0.2,0.38,True,-806.77,-1156.77,-1201.5,-635.71,-80.68,-77.12,-80.1,-63.57,O:SPY260429C00718000,O:SPY260429P00702000,True,09:30
SPY,2026-04-29,Mié,leg,30,09:30,09:30-10:30,385,CALL,-22.14,-50.0,5.71,0.2,0.38,True,-806.77,-1156.77,-1201.5,-635.71,-80.68,-77.12,-80.1,-63.57,O:SPY260429C00718000,O:SPY260429P00702000,True,09:30
SPY,2026-04-29,Mié,leg,40,09:30,09:30-10:30,385,CALL,-22.14,-50.0,5.71,0.2,0.38,True,-806.77,-1156.77,-1201.5,-635.71,-80.68,-77.12,-80.1,-63.57,O:SPY260429C00718000,O:SPY260429P00702000,True,09:30
SPY,2026-04-29,Mié,leg,50,09:30,09:30-10:30,385,CALL,-22.14,-50.0,5.71,0.2,0.38,True,-806.77,-1156.77,-1201.5,-635.71,-80.68,-77.12,-80.1,-63.57,O:SPY260429C00718000,O:SPY260429P00702000,True,09:30
SPY,2026-04-29,Mié,leg,60,09:45,09:30-10:30,370,CALL,-25.98,-60.53,8.57,0.16,0.39,True,-806.77,-1119.27,-1204.2,-688.35,-80.68,-74.62,-80.28,-68.83,O:SPY260429C00718000,O:SPY260429P00702000,True,09:30
IWM,2026-04-29,Mié,combined,20,09:30,09:30-10:30,385,CALL,-20.24,-32.14,-8.33,0.39,0.35,True,-888.89,-1388.89,-1274.6,-202.38,-88.89,-92.59,-84.97,-20.24,O:IWM260429C00276000,O:IWM260429P00271000,True,09:30
IWM,2026-04-29,Mié,combined,30,09:55,09:30-10:30,360,CALL,-30.75,-64.29,2.78,0.21,0.38,True,-888.89,-1388.89,-1283.63,-307.54,-88.89,-92.59,-85.58,-30.75,O:IWM260429C00276000,O:IWM260429P00271000,True,09:30
IWM,2026-04-29,Mié,combined,40,15:03,13:30-15:55,52,CALL,-44.94,-98.21,8.33,0.02,0.41,True,-888.89,-1388.89,-1291.33,-449.4,-88.89,-92.59,-86.09,-44.94,O:IWM260429C00276000,O:IWM260429P00271000,True,09:30
IWM,2026-04-29,Mié,combined,50,15:09,13:30-15:55,46,CALL,-54.66,-98.21,-11.11,0.02,0.33,True,-888.89,-1388.89,-1267.68,-546.63,-88.89,-92.59,-84.51,-54.66,O:IWM260429C00276000,O:IWM260429P00271000,True,09:30
IWM,2026-04-29,Mié,combined,60,15:11,13:30-15:55,44,CALL,-61.61,-98.21,-25.0,0.02,0.29,True,-888.89,-1388.89,-1250.96,-616.07,-88.89,-92.59,-83.4,-61.61,O:IWM260429C00276000,O:IWM260429P00271000,True,09:30
IWM,2026-04-29,Mié,leg,20,09:30,09:30-10:30,385,CALL,-20.24,-32.14,-8.33,0.39,0.35,True,-888.89,-1388.89,-1274.6,-549.6,-88.89,-92.59,-84.97,-54.96,O:IWM260429C00276000,O:IWM260429P00271000,True,09:30
IWM,2026-04-29,Mié,leg,30,09:30,09:30-10:30,385,CALL,-20.24,-32.14,-8.33,0.39,0.35,True,-888.89,-1388.89,-1274.6,-549.6,-88.89,-92.59,-84.97,-54.96,O:IWM260429C00276000,O:IWM260429P00271000,True,09:30
IWM,2026-04-29,Mié,leg,40,09:32,09:30-10:30,383,CALL,-19.05,-46.43,8.33,0.31,0.4,True,-888.89,-1388.89,-1288.89,-621.03,-88.89,-92.59,-85.93,-62.1,O:IWM260429C00276000,O:IWM260429P00271000,True,09:30
IWM,2026-04-29,Mié,leg,50,09:40,09:30-10:30,375,CALL,-20.73,-55.36,13.89,0.26,0.42,True,-888.89,-1388.89,-1293.65,-665.67,-88.89,-92.59,-86.24,-66.57,O:IWM260429C00276000,O:IWM260429P00271000,True,09:30
IWM,2026-04-29,Mié,leg,60,09:42,09:30-10:30,373,CALL,-15.08,-60.71,30.56,0.23,0.49,True,-888.89,-1388.89,-1307.26,-692.46,-88.89,-92.59,-87.15,-69.25,O:IWM260429C00276000,O:IWM260429P00271000,True,09:30
QQQ,2026-04-30,Jue,combined,20,10:31,10:30-12:00,324,CALL,-23.47,-75.76,28.81,0.09,0.78,True,-870.31,-925.87,-1363.9,-234.72,-87.03,-61.72,-90.93,-23.47,O:QQQ260430C00671000,O:QQQ260430P00655000,True,09:30
QQQ,2026-04-30,Jue,combined,30,10:46,10:30-12:00,309,CALL,-35.88,-66.67,-5.08,0.12,0.57,True,-870.31,-1036.98,-1361.54,-358.76,-87.03,-69.13,-90.77,-35.88,O:QQQ260430C00671000,O:QQQ260430P00655000,True,09:30
QQQ,2026-04-30,Jue,combined,40,10:48,10:30-12:00,307,CALL,-40.78,-69.7,-11.86,0.11,0.53,True,-870.31,-1006.68,-1360.88,-407.81,-87.03,-67.11,-90.73,-40.78,O:QQQ260430C00671000,O:QQQ260430P00655000,True,09:30
QQQ,2026-04-30,Jue,combined,50,10:55,10:30-12:00,300,CALL,-54.7,-63.64,-45.76,0.13,0.33,True,-870.31,-1062.62,-1355.16,-547.0,-87.03,-70.84,-90.34,-54.7,O:QQQ260430C00671000,O:QQQ260430P00655000,True,09:30
QQQ,2026-04-30,Jue,combined,60,11:09,10:30-12:00,286,PUT,-60.81,-60.61,-61.02,0.24,0.14,True,-870.31,-1349.48,-1084.6,-608.12,-87.03,-89.97,-72.31,-60.81,O:QQQ260430C00671000,O:QQQ260430P00655000,True,09:30
QQQ,2026-04-30,Jue,leg,20,09:37,09:30-10:30,378,CALL,16.87,-27.27,61.02,0.25,0.97,True,-870.31,-1210.31,-1365.16,-627.89,-87.03,-80.69,-91.01,-62.79,O:QQQ260430C00671000,O:QQQ260430P00655000,True,09:30
QQQ,2026-04-30,Jue,leg,30,09:38,09:30-10:30,377,CALL,16.2,-30.3,62.71,0.24,0.97,True,-870.31,-1203.65,-1365.16,-643.04,-87.03,-80.24,-91.01,-64.3,O:QQQ260430C00671000,O:QQQ260430P00655000,True,09:30
QQQ,2026-04-30,Jue,leg,40,09:51,09:30-10:30,364,CALL,15.23,-42.42,72.88,0.2,1.03,True,-870.31,-1170.31,-1365.46,-703.65,-87.03,-78.02,-91.03,-70.36,O:QQQ260430C00671000,O:QQQ260430P00655000,True,09:30
QQQ,2026-04-30,Jue,leg,50,09:54,09:30-10:30,361,CALL,21.88,-54.55,98.31,0.16,1.18,True,-870.31,-1120.31,-1366.08,-764.25,-87.03,-74.69,-91.07,-76.43,O:QQQ260430C00671000,O:QQQ260430P00655000,True,09:30
QQQ,2026-04-30,Jue,leg,60,09:57,09:30-10:30,358,CALL,35.8,-60.61,132.2,0.14,1.39,True,-870.31,-1084.6,-1366.72,-794.56,-87.03,-72.31,-91.11,-79.46,O:QQQ260430C00671000,O:QQQ260430P00655000,True,09:30
SPY,2026-04-30,Jue,combined,20,09:32,09:30-10:30,383,CALL,-21.31,-27.91,-14.71,0.32,0.3,True,514.71,2030.33,31.37,-213.06,51.47,135.36,2.09,-21.31,O:SPY260430C00718000,O:SPY260430P00706000,True,09:30
SPY,2026-04-30,Jue,combined,30,10:22,09:30-10:30,333,CALL,-35.5,-65.12,-5.88,0.16,0.33,True,514.71,4045.96,29.86,-354.99,51.47,269.73,1.99,-35.5,O:SPY260430C00718000,O:SPY260430P00706000,True,09:30
SPY,2026-04-30,Jue,combined,40,10:29,09:30-10:30,326,CALL,-40.77,-69.77,-11.76,0.14,0.31,True,514.71,4621.85,30.83,-407.66,51.47,308.12,2.06,-40.77,O:SPY260430C00718000,O:SPY260430P00706000,True,09:30
SPY,2026-04-30,Jue,combined,50,10:46,10:30-12:00,309,CALL,-50.51,-62.79,-38.24,0.17,0.22,True,514.71,3808.82,37.43,-505.13,51.47,253.92,2.5,-50.51,O:SPY260430C00718000,O:SPY260430P00706000,True,09:30
SPY,2026-04-30,Jue,combined,60,11:22,10:30-12:00,273,PUT,-60.26,-55.81,-64.71,0.13,0.2,True,514.71,53.17,3239.71,-602.6,51.47,3.54,215.98,-60.26,O:SPY260430C00718000,O:SPY260430P00706000,True,09:30
SPY,2026-04-30,Jue,leg,20,09:31,09:30-10:30,384,CALL,-16.89,-27.91,-5.88,0.32,0.33,True,514.71,2030.33,29.86,-624.83,51.47,135.36,1.99,-62.48,O:SPY260430C00718000,O:SPY260430P00706000,True,09:30
SPY,2026-04-30,Jue,leg,30,09:33,09:30-10:30,382,CALL,-18.06,-30.23,-5.88,0.31,0.33,True,514.71,2095.35,29.86,-636.46,51.47,139.69,1.99,-63.65,O:SPY260430C00718000,O:SPY260430P00706000,True,09:30
SPY,2026-04-30,Jue,leg,40,09:39,09:30-10:30,376,CALL,4.38,-44.19,52.94,0.25,0.53,True,514.71,2594.71,24.14,-706.22,51.47,172.98,1.61,-70.62,O:SPY260430C00718000,O:SPY260430P00706000,True,09:30
SPY,2026-04-30,Jue,leg,50,09:51,09:30-10:30,364,CALL,-9.4,-51.16,32.35,0.22,0.46,True,514.71,2946.52,25.58,-741.11,51.47,196.43,1.71,-74.11,O:SPY260430C00718000,O:SPY260430P00706000,True,09:30
SPY,2026-04-30,Jue,leg,60,09:55,09:30-10:30,360,CALL,3.59,-60.47,67.65,0.18,0.58,True,514.71,3598.04,23.33,-787.62,51.47,239.87,1.56,-78.76,O:SPY260430C00718000,O:SPY260430P00706000,True,09:30
IWM,2026-04-30,Jue,leg,20,09:31,09:30-10:30,384,PUT,23.67,71.15,-23.81,0.34,0.91,True,2826.92,2326.92,4513.74,3207.88,282.69,155.13,300.92,320.79,O:IWM260430C00274000,O:IWM260430P00271000,True,09:30
IWM,2026-04-30,Jue,leg,30,09:36,09:30-10:30,379,PUT,23.95,78.85,-30.95,0.3,0.95,True,2826.92,2326.92,4421.66,3172.16,282.69,155.13,294.78,317.22,O:IWM260430C00274000,O:IWM260430P00271000,True,09:30
IWM,2026-04-30,Jue,leg,40,09:45,09:30-10:30,370,PUT,21.11,82.69,-40.48,0.26,0.97,True,2826.92,2326.92,4378.47,3124.54,282.69,155.13,291.9,312.45,O:IWM260430C00274000,O:IWM260430P00271000,True,09:30
IWM,2026-04-30,Jue,leg,50,10:19,09:30-10:30,336,PUT,6.04,69.23,-57.14,0.19,0.9,True,2826.92,2326.92,4538.03,3041.21,282.69,155.13,302.54,304.12,O:IWM260430C00274000,O:IWM260430P00271000,True,09:30
IWM,2026-04-30,Jue,leg,60,10:22,09:30-10:30,333,PUT,6.32,76.92,-64.29,0.16,0.93,True,2826.92,2326.92,4466.71,3005.49,282.69,155.13,297.78,300.55,O:IWM260430C00274000,O:IWM260430P00271000,True,09:30
QQQ,2026-05-01,Vie,combined,20,09:30,09:30-10:30,385,CALL,-25.66,-46.67,-4.65,0.17,0.43,True,-921.71,-1304.06,-1410.08,-256.59,-92.17,-86.94,-94.01,-25.66,O:QQQ260501C00675000,O:QQQ260501P00665000,True,09:30
QQQ,2026-05-01,Vie,combined,30,14:16,13:30-15:55,99,PUT,-30.35,30.0,-90.7,0.05,0.4,True,-921.71,-1321.71,-1371.71,-303.49,-92.17,-88.11,-91.45,-30.35,O:QQQ260501C00675000,O:QQQ260501P00665000,True,09:30
QQQ,2026-05-01,Vie,combined,40,14:35,13:30-15:55,80,PUT,-43.18,6.67,-93.02,0.04,0.33,True,-921.71,-1296.71,-1361.1,-431.78,-92.17,-86.45,-90.74,-43.18,O:QQQ260501C00675000,O:QQQ260501P00665000,True,09:30
QQQ,2026-05-01,Vie,combined,50,14:43,13:30-15:55,72,PUT,-51.51,-10.0,-93.02,0.04,0.28,True,-921.71,-1296.71,-1350.28,-515.12,-92.17,-86.45,-90.02,-51.51,O:QQQ260501C00675000,O:QQQ260501P00665000,True,09:30
QQQ,2026-05-01,Vie,combined,60,14:46,13:30-15:55,69,PUT,-62.02,-33.33,-90.7,0.05,0.21,True,-921.71,-1321.71,-1326.47,-620.16,-92.17,-88.11,-88.43,-62.02,O:QQQ260501C00675000,O:QQQ260501P00665000,True,09:30
QQQ,2026-05-01,Vie,leg,20,09:30,09:30-10:30,385,CALL,-25.66,-46.67,-4.65,0.17,0.43,True,-921.71,-1304.06,-1410.08,-721.71,-92.17,-86.94,-94.01,-72.17,O:QQQ260501C00675000,O:QQQ260501P00665000,True,09:30
QQQ,2026-05-01,Vie,leg,30,09:30,09:30-10:30,385,CALL,-25.66,-46.67,-4.65,0.17,0.43,True,-921.71,-1304.06,-1410.08,-721.71,-92.17,-86.94,-94.01,-72.17,O:QQQ260501C00675000,O:QQQ260501P00665000,True,09:30
QQQ,2026-05-01,Vie,leg,40,09:30,09:30-10:30,385,CALL,-25.66,-46.67,-4.65,0.17,0.43,True,-921.71,-1304.06,-1410.08,-721.71,-92.17,-86.94,-94.01,-72.17,O:QQQ260501C00675000,O:QQQ260501P00665000,True,09:30
QQQ,2026-05-01,Vie,leg,50,09:53,09:30-10:30,362,PUT,32.75,116.67,-51.16,0.22,0.66,True,-921.71,-1398.98,-1391.4,-689.15,-92.17,-93.27,-92.76,-68.91,O:QQQ260501C00675000,O:QQQ260501P00665000,True,09:30
QQQ,2026-05-01,Vie,leg,60,09:59,09:30-10:30,356,PUT,153.1,366.67,-60.47,0.18,1.47,True,-921.71,-1393.93,-1408.1,-735.66,-92.17,-92.93,-93.87,-73.57,O:QQQ260501C00675000,O:QQQ260501P00665000,True,09:30
SPY,2026-05-01,Vie,combined,20,12:44,12:00-13:30,191,PUT,-21.62,-2.22,-41.03,0.24,0.45,True,-939.32,-1376.82,-1417.09,-216.24,-93.93,-91.79,-94.47,-21.62,O:SPY260501C00723000,O:SPY260501P00718000,True,09:30
SPY,2026-05-01,Vie,combined,30,12:59,12:00-13:30,176,PUT,-35.04,-11.11,-58.97,0.17,0.41,True,-939.32,-1351.08,-1414.93,-350.43,-93.93,-90.07,-94.33,-35.04,O:SPY260501C00723000,O:SPY260501P00718000,True,09:30
SPY,2026-05-01,Vie,combined,40,14:01,13:30-15:55,114,PUT,-41.37,4.44,-87.18,0.06,0.48,True,-939.32,-1189.32,-1418.48,-413.68,-93.93,-79.29,-94.57,-41.37,O:SPY260501C00723000,O:SPY260501P00718000,True,09:30
SPY,2026-05-01,Vie,combined,50,14:04,13:30-15:55,111,PUT,-51.03,-20.0,-82.05,0.08,0.37,True,-939.32,-1251.82,-1412.29,-510.26,-93.93,-83.45,-94.15,-51.03,O:SPY260501C00723000,O:SPY260501P00718000,True,09:30
SPY,2026-05-01,Vie,combined,60,14:13,13:30-15:55,102,PUT,-62.14,-42.22,-82.05,0.08,0.27,True,-939.32,-1251.82,-1402.28,-621.37,-93.93,-83.45,-93.49,-62.14,O:SPY260501C00723000,O:SPY260501P00718000,True,09:30
SPY,2026-05-01,Vie,leg,20,09:32,09:30-10:30,383,PUT,17.35,57.78,-23.08,0.31,0.72,True,-939.32,-1390.93,-1425.43,-593.16,-93.93,-92.73,-95.03,-59.32,O:SPY260501C00723000,O:SPY260501P00718000,True,09:30
SPY,2026-05-01,Vie,leg,30,09:50,09:30-10:30,365,PUT,48.89,131.11,-33.33,0.27,1.05,True,-939.32,-1383.76,-1429.79,-644.44,-93.93,-92.25,-95.32,-64.44,O:SPY260501C00723000,O:SPY260501P00718000,True,09:30
SPY,2026-05-01,Vie,leg,40,09:54,09:30-10:30,361,PUT,35.04,111.11,-41.03,0.24,0.96,True,-939.32,-1376.82,-1428.9,-682.91,-93.93,-91.79,-95.26,-68.29,O:SPY260501C00723000,O:SPY260501P00718000,True,09:30
SPY,2026-05-01,Vie,leg,50,09:58,09:30-10:30,357,PUT,108.8,268.89,-51.28,0.2,1.68,True,-939.32,-1364.32,-1433.36,-734.19,-93.93,-90.95,-95.56,-73.42,O:SPY260501C00723000,O:SPY260501P00718000,True,09:30
SPY,2026-05-01,Vie,leg,60,10:01,09:30-10:30,354,PUT,144.79,351.11,-61.54,0.16,2.06,True,-939.32,-1345.57,-1434.46,-785.47,-93.93,-89.7,-95.63,-78.55,O:SPY260501C00723000,O:SPY260501P00718000,True,09:30
IWM,2026-05-01,Vie,combined,20,09:30,09:30-10:30,385,CALL,-38.35,-68.89,-7.81,0.15,0.62,True,-988.89,-1455.56,-1488.89,-383.51,-98.89,-97.04,-99.26,-38.35,O:IWM260501C00280000,O:IWM260501P00277000,True,09:30
IWM,2026-05-01,Vie,combined,30,09:30,09:30-10:30,385,CALL,-38.35,-68.89,-7.81,0.15,0.62,True,-988.89,-1455.56,-1488.89,-383.51,-98.89,-97.04,-99.26,-38.35,O:IWM260501C00280000,O:IWM260501P00277000,True,09:30
IWM,2026-05-01,Vie,combined,40,09:32,09:30-10:30,383,CALL,-48.06,-71.11,-25.0,0.14,0.49,True,-988.89,-1453.17,-1488.89,-480.56,-98.89,-96.88,-99.26,-48.06,O:IWM260501C00280000,O:IWM260501P00277000,True,09:30
IWM,2026-05-01,Vie,combined,50,09:56,09:30-10:30,359,CALL,-51.55,-57.78,-45.31,0.2,0.36,True,-988.89,-1463.89,-1488.89,-515.45,-98.89,-97.59,-99.26,-51.55,O:IWM260501C00280000,O:IWM260501P00277000,True,09:30
IWM,2026-05-01,Vie,combined,60,10:30,10:30-12:00,325,PUT,-61.04,-53.33,-68.75,0.21,0.22,True,-988.89,-1488.89,-1466.16,-610.42,-98.89,-99.26,-97.74,-61.04,O:IWM260501C00280000,O:IWM260501P00277000,True,09:30
IWM,2026-05-01,Vie,leg,20,09:30,09:30-10:30,385,CALL,-38.35,-68.89,-7.81,0.15,0.62,True,-988.89,-1455.56,-1488.89,-844.44,-98.89,-97.04,-99.26,-84.44,O:IWM260501C00280000,O:IWM260501P00277000,True,09:30
IWM,2026-05-01,Vie,leg,30,09:30,09:30-10:30,385,CALL,-38.35,-68.89,-7.81,0.15,0.62,True,-988.89,-1455.56,-1488.89,-844.44,-98.89,-97.04,-99.26,-84.44,O:IWM260501C00280000,O:IWM260501P00277000,True,09:30
IWM,2026-05-01,Vie,leg,40,09:30,09:30-10:30,385,CALL,-38.35,-68.89,-7.81,0.15,0.62,True,-988.89,-1455.56,-1488.89,-844.44,-98.89,-97.04,-99.26,-84.44,O:IWM260501C00280000,O:IWM260501P00277000,True,09:30
IWM,2026-05-01,Vie,leg,50,09:30,09:30-10:30,385,CALL,-38.35,-68.89,-7.81,0.15,0.62,True,-988.89,-1455.56,-1488.89,-844.44,-98.89,-97.04,-99.26,-84.44,O:IWM260501C00280000,O:IWM260501P00277000,True,09:30
IWM,2026-05-01,Vie,leg,60,09:30,09:30-10:30,385,CALL,-38.35,-68.89,-7.81,0.15,0.62,True,-988.89,-1455.56,-1488.89,-844.44,-98.89,-97.04,-99.26,-84.44,O:IWM260501C00280000,O:IWM260501P00277000,True,09:30
QQQ,2026-05-04,Lun,combined,20,09:30,09:30-10:30,385,CALL,-23.61,-44.9,-2.33,0.29,0.43,True,-976.74,-1476.74,-1453.49,-236.12,-97.67,-98.45,-96.9,-23.61,O:QQQ260504C00680000,O:QQQ260504P00667000,True,09:30
QQQ,2026-05-04,Lun,combined,30,09:32,09:30-10:30,383,CALL,-31.92,-59.18,-4.65,0.21,0.43,True,-976.74,-1476.74,-1453.49,-319.17,-97.67,-98.45,-96.9,-31.92,O:QQQ260504C00680000,O:QQQ260504P00667000,True,09:30
QQQ,2026-05-04,Lun,combined,40,09:34,09:30-10:30,381,CALL,-42.98,-67.35,-18.6,0.17,0.36,True,-976.74,-1476.74,-1448.97,-429.76,-97.67,-98.45,-96.6,-42.98,O:QQQ260504C00680000,O:QQQ260504P00667000,True,09:30
QQQ,2026-05-04,Lun,combined,50,09:39,09:30-10:30,376,CALL,-51.85,-73.47,-30.23,0.14,0.31,True,-976.74,-1476.74,-1444.49,-518.51,-97.67,-98.45,-96.3,-51.85,O:QQQ260504C00680000,O:QQQ260504P00667000,True,09:30
QQQ,2026-05-04,Lun,combined,60,09:42,09:30-10:30,373,CALL,-61.3,-71.43,-51.16,0.15,0.22,True,-976.74,-1476.74,-1431.29,-612.96,-97.67,-98.45,-95.42,-61.3,O:QQQ260504C00680000,O:QQQ260504P00667000,True,09:30
QQQ,2026-05-04,Lun,leg,20,09:30,09:30-10:30,385,CALL,-23.61,-44.9,-2.33,0.29,0.43,True,-976.74,-1476.74,-1453.49,-701.23,-97.67,-98.45,-96.9,-70.12,O:QQQ260504C00680000,O:QQQ260504P00667000,True,09:30
QQQ,2026-05-04,Lun,leg,30,09:30,09:30-10:30,385,CALL,-23.61,-44.9,-2.33,0.29,0.43,True,-976.74,-1476.74,-1453.49,-701.23,-97.67,-98.45,-96.9,-70.12,O:QQQ260504C00680000,O:QQQ260504P00667000,True,09:30
QQQ,2026-05-04,Lun,leg,40,09:30,09:30-10:30,385,CALL,-23.61,-44.9,-2.33,0.29,0.43,True,-976.74,-1476.74,-1453.49,-701.23,-97.67,-98.45,-96.9,-70.12,O:QQQ260504C00680000,O:QQQ260504P00667000,True,09:30
QQQ,2026-05-04,Lun,leg,50,09:31,09:30-10:30,384,CALL,-28.86,-53.06,-4.65,0.24,0.42,True,-976.74,-1476.74,-1452.93,-742.05,-97.67,-98.45,-96.86,-74.21,O:QQQ260504C00680000,O:QQQ260504P00667000,True,09:30
QQQ,2026-05-04,Lun,leg,60,09:34,09:30-10:30,381,CALL,-42.98,-67.35,-18.6,0.17,0.36,True,-976.74,-1476.74,-1448.97,-813.48,-97.67,-98.45,-96.6,-81.35,O:QQQ260504C00680000,O:QQQ260504P00667000,True,09:30
SPY,2026-05-04,Lun,combined,20,09:34,09:30-10:30,381,PUT,-22.79,-20.0,-25.58,0.33,0.29,True,-950.83,-1405.38,-1433.59,-227.91,-95.08,-93.69,-95.57,-22.79,O:SPY260504C00723000,O:SPY260504P00715000,True,09:30
SPY,2026-05-04,Lun,combined,30,09:38,09:30-10:30,377,CALL,-32.79,-40.0,-25.58,0.22,0.34,True,-950.83,-1428.1,-1406.71,-327.91,-95.08,-95.21,-93.78,-32.79,O:SPY260504C00723000,O:SPY260504P00715000,True,09:30
SPY,2026-05-04,Lun,combined,40,09:57,09:30-10:30,358,PUT,-40.76,-25.71,-55.81,0.2,0.27,True,-950.83,-1375.83,-1432.31,-407.64,-95.08,-91.72,-95.49,-40.76,O:SPY260504C00723000,O:SPY260504P00715000,True,09:30
SPY,2026-05-04,Lun,combined,50,10:08,09:30-10:30,347,PUT,-50.5,-42.86,-58.14,0.19,0.21,True,-950.83,-1371.88,-1427.02,-504.98,-95.08,-91.46,-95.13,-50.5,O:SPY260504C00723000,O:SPY260504P00715000,True,09:30
SPY,2026-05-04,Lun,combined,60,13:10,12:00-13:30,165,CALL,-61.1,-94.29,-27.91,0.03,0.32,True,-950.83,-1284.16,-1403.96,-610.96,-95.08,-85.61,-93.6,-61.1,O:SPY260504C00723000,O:SPY260504P00715000,True,09:30
SPY,2026-05-04,Lun,leg,20,09:34,09:30-10:30,381,PUT,-22.79,-20.0,-25.58,0.33,0.29,True,-950.83,-1405.38,-1433.59,-613.62,-95.08,-93.69,-95.57,-61.36,O:SPY260504C00723000,O:SPY260504P00715000,True,09:30
SPY,2026-05-04,Lun,leg,30,09:36,09:30-10:30,379,PUT,-22.26,-14.29,-30.23,0.31,0.31,True,-950.83,-1402.44,-1434.7,-636.88,-95.08,-93.5,-95.65,-63.69,O:SPY260504C00723000,O:SPY260504P00715000,True,09:30
SPY,2026-05-04,Lun,leg,40,09:38,09:30-10:30,377,CALL,-32.79,-40.0,-25.58,0.22,0.34,True,-950.83,-1428.1,-1406.71,-665.12,-95.08,-95.21,-93.78,-66.51,O:SPY260504C00723000,O:SPY260504P00715000,True,09:30
SPY,2026-05-04,Lun,leg,50,09:46,09:30-10:30,369,PUT,-39.87,-28.57,-51.16,0.22,0.26,True,-950.83,-1382.65,-1431.6,-741.53,-95.08,-92.18,-95.44,-74.15,O:SPY260504C00723000,O:SPY260504P00715000,True,09:30
SPY,2026-05-04,Lun,leg,60,09:59,09:30-10:30,356,PUT,-39.97,-17.14,-62.79,0.17,0.3,True,-950.83,-1362.6,-1434.16,-799.67,-95.08,-90.84,-95.61,-79.97,O:SPY260504C00723000,O:SPY260504P00715000,True,09:30
IWM,2026-05-04,Lun,combined,20,09:30,09:30-10:30,385,CALL,-56.25,-74.51,-38.0,0.14,0.33,True,-1000.0,-1500.0,-1500.0,-562.55,-100.0,-100.0,-100.0,-56.25,O:IWM260504C00281000,O:IWM260504P00276000,True,09:30
IWM,2026-05-04,Lun,combined,30,09:30,09:30-10:30,385,CALL,-56.25,-74.51,-38.0,0.14,0.33,True,-1000.0,-1500.0,-1500.0,-562.55,-100.0,-100.0,-100.0,-56.25,O:IWM260504C00281000,O:IWM260504P00276000,True,09:30
IWM,2026-05-04,Lun,combined,40,09:30,09:30-10:30,385,CALL,-56.25,-74.51,-38.0,0.14,0.33,True,-1000.0,-1500.0,-1500.0,-562.55,-100.0,-100.0,-100.0,-56.25,O:IWM260504C00281000,O:IWM260504P00276000,True,09:30
IWM,2026-05-04,Lun,combined,50,09:30,09:30-10:30,385,CALL,-56.25,-74.51,-38.0,0.14,0.33,True,-1000.0,-1500.0,-1500.0,-562.55,-100.0,-100.0,-100.0,-56.25,O:IWM260504C00281000,O:IWM260504P00276000,True,09:30
IWM,2026-05-04,Lun,combined,60,09:32,09:30-10:30,383,CALL,-64.29,-70.59,-58.0,0.17,0.22,True,-1000.0,-1500.0,-1500.0,-642.94,-100.0,-100.0,-100.0,-64.29,O:IWM260504C00281000,O:IWM260504P00276000,True,09:30
IWM,2026-05-04,Lun,leg,20,09:30,09:30-10:30,385,CALL,-56.25,-74.51,-38.0,0.14,0.33,True,-1000.0,-1500.0,-1500.0,-872.55,-100.0,-100.0,-100.0,-87.25,O:IWM260504C00281000,O:IWM260504P00276000,True,09:30
IWM,2026-05-04,Lun,leg,30,09:30,09:30-10:30,385,CALL,-56.25,-74.51,-38.0,0.14,0.33,True,-1000.0,-1500.0,-1500.0,-872.55,-100.0,-100.0,-100.0,-87.25,O:IWM260504C00281000,O:IWM260504P00276000,True,09:30
IWM,2026-05-04,Lun,leg,40,09:30,09:30-10:30,385,CALL,-56.25,-74.51,-38.0,0.14,0.33,True,-1000.0,-1500.0,-1500.0,-872.55,-100.0,-100.0,-100.0,-87.25,O:IWM260504C00281000,O:IWM260504P00276000,True,09:30
IWM,2026-05-04,Lun,leg,50,09:30,09:30-10:30,385,CALL,-56.25,-74.51,-38.0,0.14,0.33,True,-1000.0,-1500.0,-1500.0,-872.55,-100.0,-100.0,-100.0,-87.25,O:IWM260504C00281000,O:IWM260504P00276000,True,09:30
IWM,2026-05-04,Lun,leg,60,09:30,09:30-10:30,385,CALL,-56.25,-74.51,-38.0,0.14,0.33,True,-1000.0,-1500.0,-1500.0,-872.55,-100.0,-100.0,-100.0,-87.25,O:IWM260504C00281000,O:IWM260504P00276000,True,09:30
QQQ,2026-05-05,Mar,combined,20,12:40,12:00-13:30,195,PUT,-21.18,27.91,-70.27,0.12,0.56,True,-649.28,-1107.61,-890.35,-211.82,-64.93,-73.84,-59.36,-21.18,O:QQQ260505C00682000,O:QQQ260505P00672000,True,09:30
QQQ,2026-05-05,Mar,combined,30,15:50,13:30-15:55,5,PUT,-42.83,11.63,-97.3,0.02,0.5,True,-649.28,-899.28,-859.28,-428.35,-64.93,-59.95,-57.29,-42.83,O:QQQ260505C00682000,O:QQQ260505P00672000,True,09:30
QQQ,2026-05-05,Mar,combined,40,15:50,13:30-15:55,5,PUT,-42.83,11.63,-97.3,0.02,0.5,True,-649.28,-899.28,-859.28,-428.35,-64.93,-59.95,-57.29,-42.83,O:QQQ260505C00682000,O:QQQ260505P00672000,True,09:30
QQQ,2026-05-05,Mar,combined,50,15:52,13:30-15:55,3,PUT,-55.63,-13.95,-97.3,0.02,0.38,True,-649.28,-899.28,-767.7,-556.25,-64.93,-59.95,-51.18,-55.63,O:QQQ260505C00682000,O:QQQ260505P00672000,True,09:30
QQQ,2026-05-05,Mar,combined,60,15:54,13:30-15:55,1,PUT,-62.6,-27.91,-97.3,0.02,0.33,True,-649.28,-899.28,-709.88,-626.02,-64.93,-59.95,-47.33,-62.6,O:QQQ260505C00682000,O:QQQ260505P00672000,True,09:30
QQQ,2026-05-05,Mar,leg,20,09:33,09:30-10:30,382,PUT,-11.19,4.65,-27.03,0.28,0.46,True,-649.28,-1131.42,-834.06,-297.93,-64.93,-75.43,-55.6,-29.79,O:QQQ260505C00682000,O:QQQ260505P00672000,True,09:30
QQQ,2026-05-05,Mar,leg,30,09:35,09:30-10:30,380,PUT,-11.57,9.3,-32.43,0.26,0.48,True,-649.28,-1130.05,-847.19,-324.95,-64.93,-75.34,-56.48,-32.5,O:QQQ260505C00682000,O:QQQ260505P00672000,True,09:30
QQQ,2026-05-05,Mar,leg,40,09:44,09:30-10:30,371,PUT,19.26,79.07,-40.54,0.23,0.8,True,-649.28,-1127.54,-968.03,-365.49,-64.93,-75.17,-64.54,-36.55,O:QQQ260505C00682000,O:QQQ260505P00672000,True,09:30
QQQ,2026-05-05,Mar,leg,50,10:05,09:30-10:30,350,PUT,15.02,81.4,-51.35,0.19,0.79,True,-649.28,-1122.96,-965.73,-419.55,-64.93,-74.86,-64.38,-41.95,O:QQQ260505C00682000,O:QQQ260505P00672000,True,09:30
QQQ,2026-05-05,Mar,leg,60,11:15,10:30-12:00,280,PUT,43.34,148.84,-62.16,0.15,1.08,True,-649.28,-1115.94,-1015.02,-473.6,-64.93,-74.4,-67.67,-47.36,O:QQQ260505C00682000,O:QQQ260505P00672000,True,09:30
SPY,2026-05-05,Mar,combined,20,11:33,10:30-12:00,262,PUT,-23.58,15.0,-62.16,0.15,0.47,True,-761.49,-1228.15,-1070.0,-235.81,-76.15,-81.88,-71.33,-23.58,O:SPY260505C00724000,O:SPY260505P00718000,True,09:30
SPY,2026-05-05,Mar,combined,30,11:56,10:30-12:00,239,PUT,-30.14,10.0,-70.27,0.12,0.45,True,-761.49,-1219.82,-1061.49,-301.35,-76.15,-81.32,-70.77,-30.14,O:SPY260505C00724000,O:SPY260505P00718000,True,09:30
SPY,2026-05-05,Mar,combined,40,13:07,12:00-13:30,168,PUT,-45.44,-12.5,-78.38,0.09,0.36,True,-761.49,-1205.93,-1011.49,-454.39,-76.15,-80.4,-67.43,-45.44,O:SPY260505C00724000,O:SPY260505P00718000,True,09:30
SPY,2026-05-05,Mar,combined,50,15:50,13:30-15:55,5,PUT,-54.9,-12.5,-97.3,0.02,0.36,True,-761.49,-1011.49,-1011.49,-548.99,-76.15,-67.43,-67.43,-54.9,O:SPY260505C00724000,O:SPY260505P00718000,True,09:30
SPY,2026-05-05,Mar,combined,60,15:51,13:30-15:55,4,PUT,-62.4,-27.5,-97.3,0.02,0.3,True,-761.49,-1011.49,-961.49,-623.99,-76.15,-67.43,-64.1,-62.4,O:SPY260505C00724000,O:SPY260505P00718000,True,09:30
SPY,2026-05-05,Mar,leg,20,09:34,09:30-10:30,381,PUT,-3.31,15.0,-21.62,0.3,0.47,True,-761.49,-1244.82,-1070.0,-383.11,-76.15,-82.99,-71.33,-38.31,O:SPY260505C00724000,O:SPY260505P00718000,True,09:30
SPY,2026-05-05,Mar,leg,30,09:51,09:30-10:30,364,PUT,6.08,50.0,-37.84,0.24,0.61,True,-761.49,-1240.65,-1113.95,-464.19,-76.15,-82.71,-74.26,-46.42,O:SPY260505C00724000,O:SPY260505P00718000,True,09:30
SPY,2026-05-05,Mar,leg,40,10:05,09:30-10:30,350,PUT,-4.02,32.5,-40.54,0.23,0.54,True,-761.49,-1239.75,-1094.82,-477.7,-76.15,-82.65,-72.99,-47.77,O:SPY260505C00724000,O:SPY260505P00718000,True,09:30
SPY,2026-05-05,Mar,leg,50,10:10,09:30-10:30,345,PUT,6.72,67.5,-54.05,0.18,0.68,True,-761.49,-1233.71,-1129.13,-545.27,-76.15,-82.25,-75.28,-54.53,O:SPY260505C00724000,O:SPY260505P00718000,True,09:30
SPY,2026-05-05,Mar,leg,60,11:03,10:30-12:00,292,PUT,0.17,62.5,-62.16,0.15,0.66,True,-761.49,-1228.15,-1125.12,-585.81,-76.15,-81.88,-75.01,-58.58,O:SPY260505C00724000,O:SPY260505P00718000,True,09:30
IWM,2026-05-05,Mar,leg,20,09:31,09:30-10:30,384,PUT,13.66,57.14,-29.82,0.41,0.79,True,285.71,-214.29,583.18,636.59,28.57,-14.29,38.88,63.66,O:IWM260505C00281000,O:IWM260505P00279000,True,09:30
IWM,2026-05-05,Mar,leg,30,09:33,09:30-10:30,382,PUT,2.58,36.73,-31.58,0.4,0.69,True,285.71,-214.29,698.76,627.82,28.57,-14.29,46.58,62.78,O:IWM260505C00281000,O:IWM260505P00279000,True,09:30
IWM,2026-05-05,Mar,leg,40,09:51,09:30-10:30,364,PUT,-9.68,24.49,-43.86,0.33,0.63,True,285.71,-214.29,785.71,566.42,28.57,-14.29,52.38,56.64,O:IWM260505C00281000,O:IWM260505P00279000,True,09:30
IWM,2026-05-05,Mar,leg,50,10:03,09:30-10:30,352,PUT,-2.99,44.9,-50.88,0.29,0.72,True,285.71,-214.29,660.71,531.33,28.57,-14.29,44.05,53.13,O:IWM260505C00281000,O:IWM260505P00279000,True,09:30
IWM,2026-05-05,Mar,leg,60,10:07,09:30-10:30,348,PUT,13.46,91.84,-64.91,0.21,0.95,True,285.71,-214.29,448.87,461.15,28.57,-14.29,29.92,46.12,O:IWM260505C00281000,O:IWM260505P00279000,True,09:30
QQQ,2026-05-06,Mié,leg,20,09:31,09:30-10:30,384,PUT,2.9,30.19,-24.39,0.32,0.7,True,3012.2,2527.82,5540.77,3378.05,301.22,168.52,369.38,337.8,O:QQQ260506C00691000,O:QQQ260506P00679000,True,09:30
QQQ,2026-05-06,Mié,leg,30,09:32,09:30-10:30,383,PUT,21.88,75.47,-31.71,0.29,0.94,True,3012.2,2529.44,4767.51,3341.46,301.22,168.63,317.83,334.15,O:QQQ260506C00691000,O:QQQ260506P00679000,True,09:30
QQQ,2026-05-06,Mié,leg,40,09:40,09:30-10:30,375,PUT,30.21,101.89,-41.46,0.25,1.08,True,3012.2,2532.2,4475.16,3292.68,301.22,168.81,298.34,329.27,O:QQQ260506C00691000,O:QQQ260506P00679000,True,09:30
QQQ,2026-05-06,Mié,leg,50,09:43,09:30-10:30,372,PUT,44.2,139.62,-51.22,0.21,1.29,True,3012.2,2536.0,4155.61,3243.9,301.22,169.07,277.04,324.39,O:QQQ260506C00691000,O:QQQ260506P00679000,True,09:30
QQQ,2026-05-06,Mié,leg,60,09:54,09:30-10:30,361,PUT,45.65,154.72,-63.41,0.16,1.36,True,3012.2,2543.45,4071.02,3182.93,301.22,169.56,271.4,318.29,O:QQQ260506C00691000,O:QQQ260506P00679000,True,09:30
SPY,2026-05-06,Mié,leg,20,09:31,09:30-10:30,384,PUT,-0.28,19.44,-20.0,0.33,0.44,True,3818.06,3333.21,7249.87,4205.56,381.81,222.21,483.32,420.56,O:SPY260506C00731000,O:SPY260506P00724000,True,09:30
SPY,2026-05-06,Mié,leg,30,09:35,09:30-10:30,380,PUT,14.44,63.89,-35.0,0.27,0.6,True,3818.06,3336.57,6201.39,4130.56,381.81,222.44,413.43,413.06,O:SPY260506C00731000,O:SPY260506P00724000,True,09:30
SPY,2026-05-06,Mié,leg,40,09:47,09:30-10:30,368,PUT,6.67,58.33,-45.0,0.23,0.58,True,3818.06,3339.79,6300.81,4080.56,381.81,222.65,420.05,408.06,O:SPY260506C00731000,O:SPY260506P00724000,True,09:30
SPY,2026-05-06,Mié,leg,50,09:54,09:30-10:30,361,PUT,14.03,80.56,-52.5,0.2,0.66,True,3818.06,3343.06,5939.27,4043.06,381.81,222.87,395.95,404.31,O:SPY260506C00731000,O:SPY260506P00724000,True,09:30
SPY,2026-05-06,Mié,leg,60,10:15,09:30-10:30,340,PUT,22.78,105.56,-60.0,0.17,0.75,True,3818.06,3347.47,5624.72,4005.56,381.81,223.16,374.98,400.56,O:SPY260506C00731000,O:SPY260506P00724000,True,09:30
IWM,2026-05-06,Mié,combined,20,09:42,09:30-10:30,373,CALL,-20.57,-35.14,-6.0,0.25,0.48,True,-746.76,-886.76,-1236.34,-205.68,-74.68,-59.12,-82.42,-20.57,O:IWM260506C00287000,O:IWM260506P00284000,True,09:30
IWM,2026-05-06,Mié,combined,30,10:25,09:30-10:30,330,CALL,-30.84,-75.68,14.0,0.1,0.58,True,-746.76,-346.76,-1238.14,-308.38,-74.68,-23.12,-82.54,-30.84,O:IWM260506C00287000,O:IWM260506P00284000,True,09:30
IWM,2026-05-06,Mié,combined,40,10:35,10:30-12:00,320,CALL,-41.19,-78.38,-4.0,0.09,0.5,True,-746.76,-246.76,-1236.76,-411.89,-74.68,-16.45,-82.45,-41.19,O:IWM260506C00287000,O:IWM260506P00284000,True,09:30
IWM,2026-05-06,Mié,combined,50,10:41,10:30-12:00,314,CALL,-50.84,-75.68,-26.0,0.1,0.38,True,-746.76,-346.76,-1233.6,-508.38,-74.68,-23.12,-82.24,-50.84,O:IWM260506C00287000,O:IWM260506P00284000,True,09:30
IWM,2026-05-06,Mié,combined,60,11:09,10:30-12:00,286,CALL,-62.08,-62.16,-62.0,0.15,0.2,True,-746.76,-646.76,-1221.76,-620.81,-74.68,-43.12,-81.45,-62.08,O:IWM260506C00287000,O:IWM260506P00284000,True,09:30
IWM,2026-05-06,Mié,leg,20,09:33,09:30-10:30,382,CALL,-10.86,-29.73,8.0,0.27,0.56,True,-746.76,-913.42,-1237.83,-638.65,-74.68,-60.89,-82.52,-63.86,O:IWM260506C00287000,O:IWM260506P00284000,True,09:30
IWM,2026-05-06,Mié,leg,30,09:41,09:30-10:30,374,CALL,-15.27,-40.54,10.0,0.23,0.56,True,-746.76,-855.45,-1237.83,-692.7,-74.68,-57.03,-82.52,-69.27,O:IWM260506C00287000,O:IWM260506P00284000,True,09:30
IWM,2026-05-06,Mié,leg,40,09:41,09:30-10:30,374,CALL,-15.27,-40.54,10.0,0.23,0.56,True,-746.76,-855.45,-1237.83,-692.7,-74.68,-57.03,-82.52,-69.27,O:IWM260506C00287000,O:IWM260506P00284000,True,09:30
IWM,2026-05-06,Mié,leg,50,09:45,09:30-10:30,370,CALL,-14.38,-56.76,28.0,0.17,0.65,True,-746.76,-717.34,-1239.06,-773.78,-74.68,-47.82,-82.6,-77.38,O:IWM260506C00287000,O:IWM260506P00284000,True,09:30
IWM,2026-05-06,Mié,leg,60,09:48,09:30-10:30,367,CALL,-6.08,-62.16,50.0,0.15,0.76,True,-746.76,-646.76,-1240.18,-800.81,-74.68,-43.12,-82.68,-80.08,O:IWM260506C00287000,O:IWM260506P00284000,True,09:30
QQQ,2026-05-07,Jue,combined,20,09:30,09:30-10:30,385,PUT,-24.62,-2.56,-46.67,0.34,0.39,True,-991.67,-1476.96,-1491.67,-246.15,-99.17,-98.46,-99.44,-24.62,O:QQQ260507C00701000,O:QQQ260507P00689000,True,09:30
QQQ,2026-05-07,Jue,combined,30,09:31,09:30-10:30,384,PUT,-31.79,-10.26,-53.33,0.29,0.36,True,-991.67,-1474.43,-1491.67,-317.95,-99.17,-98.3,-99.44,-31.79,O:QQQ260507C00701000,O:QQQ260507P00689000,True,09:30
QQQ,2026-05-07,Jue,combined,40,11:52,10:30-12:00,243,PUT,-40.0,0.0,-80.0,0.13,0.4,True,-991.67,-1453.21,-1491.67,-400.0,-99.17,-96.88,-99.44,-40.0,O:QQQ260507C00701000,O:QQQ260507P00689000,True,09:30
QQQ,2026-05-07,Jue,combined,50,11:56,10:30-12:00,239,PUT,-50.71,-23.08,-78.33,0.14,0.31,True,-991.67,-1455.95,-1491.67,-507.05,-99.17,-97.06,-99.44,-50.71,O:QQQ260507C00701000,O:QQQ260507P00689000,True,09:30
QQQ,2026-05-07,Jue,combined,60,11:58,10:30-12:00,237,PUT,-60.13,-43.59,-76.67,0.15,0.23,True,-991.67,-1458.33,-1491.67,-601.28,-99.17,-97.22,-99.44,-60.13,O:QQQ260507C00701000,O:QQQ260507P00689000,True,09:30
QQQ,2026-05-07,Jue,leg,20,09:30,09:30-10:30,385,PUT,-24.62,-2.56,-46.67,0.34,0.39,True,-991.67,-1476.96,-1491.67,-733.33,-99.17,-98.46,-99.44,-73.33,O:QQQ260507C00701000,O:QQQ260507P00689000,True,09:30
QQQ,2026-05-07,Jue,leg,30,09:30,09:30-10:30,385,PUT,-24.62,-2.56,-46.67,0.34,0.39,True,-991.67,-1476.96,-1491.67,-733.33,-99.17,-98.46,-99.44,-73.33,O:QQQ260507C00701000,O:QQQ260507P00689000,True,09:30
QQQ,2026-05-07,Jue,leg,40,09:30,09:30-10:30,385,PUT,-24.62,-2.56,-46.67,0.34,0.39,True,-991.67,-1476.96,-1491.67,-733.33,-99.17,-98.46,-99.44,-73.33,O:QQQ260507C00701000,O:QQQ260507P00689000,True,09:30
QQQ,2026-05-07,Jue,leg,50,09:31,09:30-10:30,384,PUT,-31.79,-10.26,-53.33,0.29,0.36,True,-991.67,-1474.43,-1491.67,-766.67,-99.17,-98.3,-99.44,-76.67,O:QQQ260507C00701000,O:QQQ260507P00689000,True,09:30
QQQ,2026-05-07,Jue,leg,60,09:54,09:30-10:30,361,PUT,-21.41,20.51,-63.33,0.23,0.48,True,-991.67,-1469.93,-1491.67,-816.67,-99.17,-98.0,-99.44,-81.67,O:QQQ260507C00701000,O:QQQ260507P00689000,True,09:30
SPY,2026-05-07,Jue,combined,20,09:54,09:30-10:30,361,CALL,-21.14,-65.96,23.68,0.17,0.48,True,-460.53,-960.53,-533.44,-211.37,-46.05,-64.04,-35.56,-21.14,O:SPY260507C00738000,O:SPY260507P00731000,True,09:30
SPY,2026-05-07,Jue,combined,30,10:02,09:30-10:30,353,CALL,-30.6,-63.83,2.63,0.18,0.4,True,-460.53,-960.53,-448.03,-305.99,-46.05,-64.04,-29.87,-30.6,O:SPY260507C00738000,O:SPY260507P00731000,True,09:30
SPY,2026-05-07,Jue,combined,40,10:04,09:30-10:30,351,CALL,-40.06,-61.7,-18.42,0.19,0.32,True,-460.53,-960.53,-319.9,-400.62,-46.05,-64.04,-21.33,-40.06,O:SPY260507C00738000,O:SPY260507P00731000,True,09:30
SPY,2026-05-07,Jue,combined,50,10:40,10:30-12:00,315,CALL,-53.47,-59.57,-47.37,0.2,0.21,True,-460.53,-960.53,15.66,-534.71,-46.05,-64.04,1.04,-53.47,O:SPY260507C00738000,O:SPY260507P00731000,True,09:30
SPY,2026-05-07,Jue,combined,60,11:30,10:30-12:00,265,CALL,-60.11,-70.21,-50.0,0.15,0.2,True,-460.53,-960.53,64.47,-601.06,-46.05,-64.04,4.3,-60.11,O:SPY260507C00738000,O:SPY260507P00731000,True,09:30
SPY,2026-05-07,Jue,leg,20,09:30,09:30-10:30,385,CALL,-16.21,-29.79,-2.63,0.35,0.38,True,-460.53,-960.53,-421.05,-109.46,-46.05,-64.04,-28.07,-10.95,O:SPY260507C00738000,O:SPY260507P00731000,True,09:30
SPY,2026-05-07,Jue,leg,30,09:31,09:30-10:30,384,CALL,-17.58,-40.43,5.26,0.29,0.41,True,-460.53,-960.53,-460.53,-162.65,-46.05,-64.04,-30.7,-16.27,O:SPY260507C00738000,O:SPY260507P00731000,True,09:30
SPY,2026-05-07,Jue,leg,40,09:31,09:30-10:30,384,CALL,-17.58,-40.43,5.26,0.29,0.41,True,-460.53,-960.53,-460.53,-162.65,-46.05,-64.04,-30.7,-16.27,O:SPY260507C00738000,O:SPY260507P00731000,True,09:30
SPY,2026-05-07,Jue,leg,50,09:35,09:30-10:30,380,CALL,-17.64,-51.06,15.79,0.24,0.45,True,-460.53,-960.53,-504.97,-215.85,-46.05,-64.04,-33.66,-21.58,O:SPY260507C00738000,O:SPY260507P00731000,True,09:30
SPY,2026-05-07,Jue,leg,60,09:49,09:30-10:30,366,CALL,2.04,-61.7,65.79,0.19,0.64,True,-460.53,-960.53,-640.21,-269.04,-46.05,-64.04,-42.68,-26.9,O:SPY260507C00738000,O:SPY260507P00731000,True,09:30
IWM,2026-05-07,Jue,combined,20,09:30,09:30-10:30,385,CALL,-21.91,-40.54,-3.28,0.24,0.61,True,2327.87,1827.87,5155.74,-219.1,232.79,121.86,343.72,-21.91,O:IWM260507C00289000,O:IWM260507P00286000,True,09:30
IWM,2026-05-07,Jue,combined,30,10:57,10:30-12:00,298,CALL,-30.37,-91.89,31.15,0.04,0.82,True,2327.87,1827.87,4303.48,-303.72,232.79,121.86,286.9,-30.37,O:IWM260507C00289000,O:IWM260507P00286000,True,09:30
IWM,2026-05-07,Jue,leg,20,09:30,09:30-10:30,385,CALL,-21.91,-40.54,-3.28,0.24,0.61,True,2327.87,1827.87,5155.74,2625.17,232.79,121.86,343.72,262.52,O:IWM260507C00289000,O:IWM260507P00286000,True,09:30
IWM,2026-05-07,Jue,leg,30,09:30,09:30-10:30,385,CALL,-21.91,-40.54,-3.28,0.24,0.61,True,2327.87,1827.87,5155.74,2625.17,232.79,121.86,343.72,262.52,O:IWM260507C00289000,O:IWM260507P00286000,True,09:30
IWM,2026-05-07,Jue,leg,40,09:30,09:30-10:30,385,CALL,-21.91,-40.54,-3.28,0.24,0.61,True,2327.87,1827.87,5155.74,2625.17,232.79,121.86,343.72,262.52,O:IWM260507C00289000,O:IWM260507P00286000,True,09:30
IWM,2026-05-07,Jue,leg,50,09:31,09:30-10:30,384,CALL,-23.46,-56.76,9.84,0.17,0.69,True,2327.87,1827.87,4769.9,2544.09,232.79,121.86,317.99,254.41,O:IWM260507C00289000,O:IWM260507P00286000,True,09:30
IWM,2026-05-07,Jue,leg,60,09:33,09:30-10:30,382,CALL,-21.78,-64.86,21.31,0.14,0.75,True,2327.87,1827.87,4534.54,2503.54,232.79,121.86,302.3,250.35,O:IWM260507C00289000,O:IWM260507P00286000,True,09:30
QQQ,2026-05-08,Vie,leg,20,09:31,09:30-10:30,384,PUT,65.91,158.14,-26.32,0.29,1.14,True,7639.53,7139.53,10398.31,8007.96,763.95,475.97,693.22,800.8,O:QQQ260508C00703000,O:QQQ260508P00692000,True,09:30
QQQ,2026-05-08,Vie,leg,30,09:33,09:30-10:30,382,PUT,94.52,223.26,-34.21,0.26,1.4,True,7639.53,7139.53,9793.11,7968.48,763.95,475.97,652.87,796.85,O:QQQ260508C00703000,O:QQQ260508P00692000,True,09:30
QQQ,2026-05-08,Vie,leg,40,09:42,09:30-10:30,373,PUT,124.3,290.7,-42.11,0.23,1.7,True,7639.53,7139.53,9324.83,7929.01,763.95,475.97,621.66,792.9,O:QQQ260508C00703000,O:QQQ260508P00692000,True,09:30
QQQ,2026-05-08,Vie,leg,50,09:45,09:30-10:30,370,PUT,194.61,441.86,-52.63,0.19,2.36,True,7639.53,7139.53,8713.69,7876.38,763.95,475.97,580.91,787.64,O:QQQ260508C00703000,O:QQQ260508P00692000,True,09:30
QQQ,2026-05-08,Vie,leg,60,09:59,09:30-10:30,356,PUT,278.89,620.93,-63.16,0.15,3.24,True,7639.53,7139.53,8286.14,7823.75,763.95,475.97,552.41,782.37,O:QQQ260508C00703000,O:QQQ260508P00692000,True,09:30
SPY,2026-05-08,Vie,combined,20,14:47,13:30-15:55,68,PUT,-21.27,46.34,-88.89,0.06,0.61,True,-501.08,-917.75,-673.22,-212.74,-50.11,-61.18,-44.88,-21.27,O:SPY260508C00737000,O:SPY260508P00731000,True,09:30
SPY,2026-05-08,Vie,combined,30,14:54,13:30-15:55,61,PUT,-39.67,7.32,-86.67,0.07,0.45,True,-501.08,-929.66,-556.64,-396.75,-50.11,-61.98,-37.11,-39.67,O:SPY260508C00737000,O:SPY260508P00731000,True,09:30
SPY,2026-05-08,Vie,combined,40,14:55,13:30-15:55,60,PUT,-49.54,-14.63,-84.44,0.08,0.36,True,-501.08,-938.58,-445.53,-495.39,-50.11,-62.57,-29.7,-49.54,O:SPY260508C00737000,O:SPY260508P00731000,True,09:30
SPY,2026-05-08,Vie,combined,50,15:05,13:30-15:55,50,PUT,-50.43,-9.76,-91.11,0.05,0.38,True,-501.08,-901.08,-474.77,-504.34,-50.11,-60.07,-31.65,-50.43,O:SPY260508C00737000,O:SPY260508P00731000,True,09:30
SPY,2026-05-08,Vie,combined,60,15:29,13:30-15:55,26,PUT,-62.3,-26.83,-97.78,0.02,0.31,True,-501.08,-751.08,-355.92,-623.04,-50.11,-50.07,-23.73,-62.3,O:SPY260508C00737000,O:SPY260508P00731000,True,09:30
SPY,2026-05-08,Vie,leg,20,09:33,09:30-10:30,382,PUT,19.27,58.54,-20.0,0.37,0.66,True,-501.08,-987.57,-698.05,-112.2,-50.11,-65.84,-46.54,-11.22,O:SPY260508C00737000,O:SPY260508P00731000,True,09:30
SPY,2026-05-08,Vie,leg,30,09:45,09:30-10:30,370,PUT,17.59,70.73,-35.56,0.3,0.71,True,-501.08,-984.42,-719.39,-189.97,-50.11,-65.63,-47.96,-19.0,O:SPY260508C00737000,O:SPY260508P00731000,True,09:30
SPY,2026-05-08,Vie,leg,40,09:46,09:30-10:30,369,PUT,24.01,90.24,-42.22,0.27,0.79,True,-501.08,-982.57,-747.92,-223.31,-50.11,-65.5,-49.86,-22.33,O:SPY260508C00737000,O:SPY260508P00731000,True,09:30
SPY,2026-05-08,Vie,leg,50,09:59,09:30-10:30,356,PUT,45.28,143.9,-53.33,0.24,1.05,True,-501.08,-980.25,-810.61,-278.86,-50.11,-65.35,-54.04,-27.89,O:SPY260508C00737000,O:SPY260508P00731000,True,09:30
SPY,2026-05-08,Vie,leg,60,10:21,09:30-10:30,334,PUT,73.66,207.32,-60.0,0.19,1.27,True,-501.08,-974.77,-843.6,-312.2,-50.11,-64.98,-56.24,-31.22,O:SPY260508C00737000,O:SPY260508P00731000,True,09:30
IWM,2026-05-08,Vie,combined,20,09:33,09:30-10:30,382,CALL,-22.33,-38.0,-6.67,0.32,0.43,True,-1000.0,-1500.0,-1500.0,-223.33,-100.0,-100.0,-100.0,-22.33,O:IWM260508C00285000,O:IWM260508P00282000,True,09:30
IWM,2026-05-08,Vie,combined,30,09:49,09:30-10:30,366,CALL,-31.0,-62.0,0.0,0.2,0.46,True,-1000.0,-1500.0,-1500.0,-310.0,-100.0,-100.0,-100.0,-31.0,O:IWM260508C00285000,O:IWM260508P00282000,True,09:30
IWM,2026-05-08,Vie,combined,40,10:15,09:30-10:30,340,CALL,-43.0,-66.0,-20.0,0.18,0.37,True,-1000.0,-1500.0,-1500.0,-430.0,-100.0,-100.0,-100.0,-43.0,O:IWM260508C00285000,O:IWM260508P00282000,True,09:30
IWM,2026-05-08,Vie,combined,50,10:18,09:30-10:30,337,CALL,-51.22,-58.0,-44.44,0.22,0.26,True,-1000.0,-1500.0,-1500.0,-512.22,-100.0,-100.0,-100.0,-51.22,O:IWM260508C00285000,O:IWM260508P00282000,True,09:30
IWM,2026-05-08,Vie,combined,60,11:21,10:30-12:00,274,CALL,-61.0,-82.0,-40.0,0.1,0.28,True,-1000.0,-1500.0,-1500.0,-610.0,-100.0,-100.0,-100.0,-61.0,O:IWM260508C00285000,O:IWM260508P00282000,True,09:30
IWM,2026-05-08,Vie,leg,20,09:30,09:30-10:30,385,CALL,-15.22,-26.0,-4.44,0.39,0.45,True,-1000.0,-1500.0,-1500.0,-630.0,-100.0,-100.0,-100.0,-63.0,O:IWM260508C00285000,O:IWM260508P00282000,True,09:30
IWM,2026-05-08,Vie,leg,30,09:32,09:30-10:30,383,CALL,-19.44,-30.0,-8.89,0.36,0.42,True,-1000.0,-1500.0,-1500.0,-650.0,-100.0,-100.0,-100.0,-65.0,O:IWM260508C00285000,O:IWM260508P00282000,True,09:30
IWM,2026-05-08,Vie,leg,40,09:34,09:30-10:30,381,CALL,-21.0,-42.0,0.0,0.3,0.46,True,-1000.0,-1500.0,-1500.0,-710.0,-100.0,-100.0,-100.0,-71.0,O:IWM260508C00285000,O:IWM260508P00282000,True,09:30
IWM,2026-05-08,Vie,leg,50,09:36,09:30-10:30,379,CALL,-21.67,-50.0,6.67,0.26,0.49,True,-1000.0,-1500.0,-1500.0,-750.0,-100.0,-100.0,-100.0,-75.0,O:IWM260508C00285000,O:IWM260508P00282000,True,09:30
IWM,2026-05-08,Vie,leg,60,09:44,09:30-10:30,371,CALL,-18.56,-66.0,28.89,0.18,0.59,True,-1000.0,-1500.0,-1500.0,-830.0,-100.0,-100.0,-100.0,-83.0,O:IWM260508C00285000,O:IWM260508P00282000,True,09:30
QQQ,2026-05-11,Lun,combined,20,10:14,09:30-10:30,341,PUT,-20.74,2.7,-44.19,0.25,0.39,True,-988.37,-1468.37,-1488.37,-207.42,-98.84,-97.89,-99.22,-20.74,O:QQQ260511C00717000,O:QQQ260511P00704000,True,09:30
QQQ,2026-05-11,Lun,combined,30,10:35,10:30-12:00,320,CALL,-32.09,-43.24,-20.93,0.22,0.35,True,-988.37,-1488.37,-1474.09,-320.87,-98.84,-99.22,-98.27,-32.09,O:QQQ260511C00717000,O:QQQ260511P00704000,True,09:30
QQQ,2026-05-11,Lun,combined,40,11:10,10:30-12:00,285,PUT,-41.8,-32.43,-51.16,0.22,0.26,True,-988.37,-1465.64,-1488.37,-417.98,-98.84,-97.71,-99.22,-41.8,O:QQQ260511C00717000,O:QQQ260511P00704000,True,09:30
QQQ,2026-05-11,Lun,combined,50,11:20,10:30-12:00,275,CALL,-51.45,-54.05,-48.84,0.18,0.23,True,-988.37,-1488.37,-1466.63,-514.46,-98.84,-99.22,-97.78,-51.45,O:QQQ260511C00717000,O:QQQ260511P00704000,True,09:30
QQQ,2026-05-11,Lun,combined,60,12:36,12:00-13:30,199,PUT,-60.18,-45.95,-74.42,0.12,0.21,True,-988.37,-1446.71,-1488.37,-601.82,-98.84,-96.45,-99.22,-60.18,O:QQQ260511C00717000,O:QQQ260511P00704000,True,09:30
QQQ,2026-05-11,Lun,leg,20,09:33,09:30-10:30,382,PUT,58.45,137.84,-20.93,0.35,0.89,True,-988.37,-1474.09,-1488.37,-604.65,-98.84,-98.27,-99.22,-60.47,O:QQQ260511C00717000,O:QQQ260511P00704000,True,09:30
QQQ,2026-05-11,Lun,leg,30,09:59,09:30-10:30,356,CALL,-10.4,-32.43,11.63,0.27,0.5,True,-988.37,-1488.37,-1478.37,-650.53,-98.84,-99.22,-98.56,-65.05,O:QQQ260511C00717000,O:QQQ260511P00704000,True,09:30
QQQ,2026-05-11,Lun,leg,40,10:14,09:30-10:30,341,PUT,-20.74,2.7,-44.19,0.25,0.39,True,-988.37,-1468.37,-1488.37,-720.93,-98.84,-97.89,-99.22,-72.09,O:QQQ260511C00717000,O:QQQ260511P00704000,True,09:30
QQQ,2026-05-11,Lun,leg,50,10:31,10:30-12:00,324,CALL,-1.26,-51.35,48.84,0.19,0.65,True,-988.37,-1488.37,-1480.68,-745.13,-98.84,-99.22,-98.71,-74.51,O:QQQ260511C00717000,O:QQQ260511P00704000,True,09:30
QQQ,2026-05-11,Lun,leg,60,11:26,10:30-12:00,269,PUT,-53.21,-45.95,-60.47,0.18,0.21,True,-988.37,-1460.59,-1488.37,-802.33,-98.84,-97.37,-99.22,-80.23,O:QQQ260511C00717000,O:QQQ260511P00704000,True,09:30
SPY,2026-05-11,Lun,combined,20,14:58,13:30-15:55,57,PUT,-29.78,30.23,-89.8,0.06,0.57,True,-606.07,-1022.74,-816.6,-297.82,-60.61,-68.18,-54.44,-29.78,O:SPY260511C00739000,O:SPY260511P00734000,True,09:31
SPY,2026-05-11,Lun,combined,30,14:59,13:30-15:55,56,PUT,-39.23,9.3,-87.76,0.07,0.48,True,-606.07,-1034.65,-762.32,-392.26,-60.61,-68.98,-50.82,-39.23,O:SPY260511C00739000,O:SPY260511P00734000,True,09:31
SPY,2026-05-11,Lun,combined,40,15:00,13:30-15:55,55,PUT,-42.57,4.65,-89.8,0.06,0.46,True,-606.07,-1022.74,-747.38,-425.72,-60.61,-68.18,-49.83,-42.57,O:SPY260511C00739000,O:SPY260511P00734000,True,09:31
SPY,2026-05-11,Lun,combined,50,15:15,13:30-15:55,40,PUT,-56.24,-18.6,-93.88,0.04,0.36,True,-606.07,-981.07,-647.74,-562.41,-60.61,-65.4,-43.18,-56.24,O:SPY260511C00739000,O:SPY260511P00734000,True,09:31
SPY,2026-05-11,Lun,combined,60,15:16,13:30-15:55,39,PUT,-62.06,-30.23,-93.88,0.04,0.31,True,-606.07,-981.07,-573.82,-620.55,-60.61,-65.4,-38.25,-62.06,O:SPY260511C00739000,O:SPY260511P00734000,True,09:31
SPY,2026-05-11,Lun,leg,20,09:32,09:30-10:30,383,PUT,15.52,53.49,-22.45,0.39,0.67,True,-606.07,-1093.25,-859.81,-228.52,-60.61,-72.88,-57.32,-22.85,O:SPY260511C00739000,O:SPY260511P00734000,True,09:31
SPY,2026-05-11,Lun,leg,30,09:41,09:30-10:30,374,PUT,22.05,76.74,-32.65,0.34,0.77,True,-606.07,-1091.37,-891.79,-279.54,-60.61,-72.76,-59.45,-27.95,O:SPY260511C00739000,O:SPY260511P00734000,True,09:31
SPY,2026-05-11,Lun,leg,40,09:43,09:30-10:30,372,PUT,19.27,81.4,-42.86,0.29,0.79,True,-606.07,-1088.83,-897.21,-330.56,-60.61,-72.59,-59.81,-33.06,O:SPY260511C00739000,O:SPY260511P00734000,True,09:31
SPY,2026-05-11,Lun,leg,50,09:45,09:30-10:30,370,PUT,40.03,137.21,-57.14,0.22,1.03,True,-606.07,-1083.35,-945.88,-401.99,-60.61,-72.22,-63.06,-40.2,O:SPY260511C00739000,O:SPY260511P00734000,True,09:31
SPY,2026-05-11,Lun,leg,60,10:07,09:30-10:30,348,PUT,32.32,127.91,-63.27,0.19,0.99,True,-606.07,-1079.76,-939.41,-432.61,-60.61,-71.98,-62.63,-43.26,O:SPY260511C00739000,O:SPY260511P00734000,True,09:31
IWM,2026-05-11,Lun,combined,20,09:30,09:30-10:30,385,PUT,-56.35,-39.68,-73.02,0.18,0.4,True,-1000.0,-1500.0,-1500.0,-563.49,-100.0,-100.0,-100.0,-56.35,O:IWM260511C00286000,O:IWM260511P00282000,True,09:30
IWM,2026-05-11,Lun,combined,30,09:30,09:30-10:30,385,PUT,-56.35,-39.68,-73.02,0.18,0.4,True,-1000.0,-1500.0,-1500.0,-563.49,-100.0,-100.0,-100.0,-56.35,O:IWM260511C00286000,O:IWM260511P00282000,True,09:30
IWM,2026-05-11,Lun,combined,40,09:30,09:30-10:30,385,PUT,-56.35,-39.68,-73.02,0.18,0.4,True,-1000.0,-1500.0,-1500.0,-563.49,-100.0,-100.0,-100.0,-56.35,O:IWM260511C00286000,O:IWM260511P00282000,True,09:30
IWM,2026-05-11,Lun,combined,50,09:30,09:30-10:30,385,PUT,-56.35,-39.68,-73.02,0.18,0.4,True,-1000.0,-1500.0,-1500.0,-563.49,-100.0,-100.0,-100.0,-56.35,O:IWM260511C00286000,O:IWM260511P00282000,True,09:30
IWM,2026-05-11,Lun,combined,60,12:21,12:00-13:30,214,PUT,-60.32,-23.81,-96.83,0.03,0.49,True,-1000.0,-1500.0,-1500.0,-603.17,-100.0,-100.0,-100.0,-60.32,O:IWM260511C00286000,O:IWM260511P00282000,True,09:30
IWM,2026-05-11,Lun,leg,20,09:30,09:30-10:30,385,PUT,-56.35,-39.68,-73.02,0.18,0.4,True,-1000.0,-1500.0,-1500.0,-865.08,-100.0,-100.0,-100.0,-86.51,O:IWM260511C00286000,O:IWM260511P00282000,True,09:30
IWM,2026-05-11,Lun,leg,30,09:30,09:30-10:30,385,PUT,-56.35,-39.68,-73.02,0.18,0.4,True,-1000.0,-1500.0,-1500.0,-865.08,-100.0,-100.0,-100.0,-86.51,O:IWM260511C00286000,O:IWM260511P00282000,True,09:30
IWM,2026-05-11,Lun,leg,40,09:30,09:30-10:30,385,PUT,-56.35,-39.68,-73.02,0.18,0.4,True,-1000.0,-1500.0,-1500.0,-865.08,-100.0,-100.0,-100.0,-86.51,O:IWM260511C00286000,O:IWM260511P00282000,True,09:30
IWM,2026-05-11,Lun,leg,50,09:30,09:30-10:30,385,PUT,-56.35,-39.68,-73.02,0.18,0.4,True,-1000.0,-1500.0,-1500.0,-865.08,-100.0,-100.0,-100.0,-86.51,O:IWM260511C00286000,O:IWM260511P00282000,True,09:30
IWM,2026-05-11,Lun,leg,60,09:30,09:30-10:30,385,PUT,-56.35,-39.68,-73.02,0.18,0.4,True,-1000.0,-1500.0,-1500.0,-865.08,-100.0,-100.0,-100.0,-86.51,O:IWM260511C00286000,O:IWM260511P00282000,True,09:30
QQQ,2026-05-12,Mar,combined,20,10:12,09:30-10:30,343,CALL,-21.42,-48.84,6.0,0.23,0.55,True,-1000.0,-1500.0,-1500.0,-214.19,-100.0,-100.0,-100.0,-21.42,O:QQQ260512C00713000,O:QQQ260512P00701000,True,09:30
QQQ,2026-05-12,Mar,combined,30,14:15,13:30-15:55,100,CALL,-33.84,-97.67,30.0,0.02,0.66,True,-1000.0,-1500.0,-1500.0,-338.37,-100.0,-100.0,-100.0,-33.84,O:QQQ260512C00713000,O:QQQ260512P00701000,True,09:30
QQQ,2026-05-12,Mar,combined,40,14:25,13:30-15:55,90,CALL,-50.84,-97.67,-4.0,0.02,0.49,True,-1000.0,-1500.0,-1500.0,-508.37,-100.0,-100.0,-100.0,-50.84,O:QQQ260512C00713000,O:QQQ260512P00701000,True,09:30
QQQ,2026-05-12,Mar,combined,50,14:25,13:30-15:55,90,CALL,-50.84,-97.67,-4.0,0.02,0.49,True,-1000.0,-1500.0,-1500.0,-508.37,-100.0,-100.0,-100.0,-50.84,O:QQQ260512C00713000,O:QQQ260512P00701000,True,09:30
QQQ,2026-05-12,Mar,combined,60,14:27,13:30-15:55,88,CALL,-62.84,-97.67,-28.0,0.02,0.37,True,-1000.0,-1500.0,-1500.0,-628.37,-100.0,-100.0,-100.0,-62.84,O:QQQ260512C00713000,O:QQQ260512P00701000,True,09:30
QQQ,2026-05-12,Mar,leg,20,09:35,09:30-10:30,380,CALL,6.37,-23.26,36.0,0.34,0.69,True,-1000.0,-1500.0,-1500.0,-616.28,-100.0,-100.0,-100.0,-61.63,O:QQQ260512C00713000,O:QQQ260512P00701000,True,09:30
QQQ,2026-05-12,Mar,leg,30,09:44,09:30-10:30,371,PUT,45.47,120.93,-30.0,0.36,0.96,True,-1000.0,-1500.0,-1500.0,-650.0,-100.0,-100.0,-100.0,-65.0,O:QQQ260512C00713000,O:QQQ260512P00701000,True,09:30
QQQ,2026-05-12,Mar,leg,40,09:59,09:30-10:30,356,CALL,1.91,-44.19,48.0,0.25,0.75,True,-1000.0,-1500.0,-1500.0,-720.93,-100.0,-100.0,-100.0,-72.09,O:QQQ260512C00713000,O:QQQ260512P00701000,True,09:30
QQQ,2026-05-12,Mar,leg,50,10:00,09:30-10:30,355,CALL,1.42,-51.16,54.0,0.22,0.78,True,-1000.0,-1500.0,-1500.0,-755.81,-100.0,-100.0,-100.0,-75.58,O:QQQ260512C00713000,O:QQQ260512P00701000,True,09:30
QQQ,2026-05-12,Mar,leg,60,10:25,09:30-10:30,330,CALL,-29.23,-60.47,2.0,0.18,0.52,True,-1000.0,-1500.0,-1500.0,-802.33,-100.0,-100.0,-100.0,-80.23,O:QQQ260512C00713000,O:QQQ260512P00701000,True,09:30
SPY,2026-05-12,Mar,combined,20,09:32,09:30-10:30,383,CALL,-25.83,-26.67,-25.0,0.23,0.22,True,-948.81,-1405.33,-1426.08,-258.33,-94.88,-93.69,-95.07,-25.83,O:SPY260512C00740000,O:SPY260512P00730000,True,09:30
SPY,2026-05-12,Mar,combined,30,10:01,09:30-10:30,354,CALL,-31.55,-66.67,3.57,0.11,0.3,True,-948.81,-1357.9,-1432.14,-315.48,-94.88,-90.53,-95.48,-31.55,O:SPY260512C00740000,O:SPY260512P00730000,True,09:30
SPY,2026-05-12,Mar,combined,40,10:06,09:30-10:30,349,CALL,-42.26,-66.67,-17.86,0.11,0.24,True,-948.81,-1357.9,-1427.98,-422.62,-94.88,-90.53,-95.2,-42.26,O:SPY260512C00740000,O:SPY260512P00730000,True,09:30
SPY,2026-05-12,Mar,combined,50,10:23,09:30-10:30,332,CALL,-50.95,-73.33,-28.57,0.09,0.21,True,-948.81,-1337.7,-1425.0,-509.52,-94.88,-89.18,-95.0,-50.95,O:SPY260512C00740000,O:SPY260512P00730000,True,09:30
SPY,2026-05-12,Mar,combined,60,13:03,12:00-13:30,172,CALL,-62.74,-93.33,-32.14,0.03,0.2,True,-948.81,-1115.48,-1423.81,-627.38,-94.88,-74.37,-94.92,-62.74,O:SPY260512C00740000,O:SPY260512P00730000,True,09:30
SPY,2026-05-12,Mar,leg,20,09:30,09:30-10:30,385,PUT,-12.38,-3.33,-21.43,0.23,0.3,True,-948.81,-1427.07,-1415.48,-573.81,-94.88,-95.14,-94.37,-57.38,O:SPY260512C00740000,O:SPY260512P00730000,True,09:30
SPY,2026-05-12,Mar,leg,30,09:33,09:30-10:30,382,CALL,-25.71,-30.0,-21.43,0.22,0.23,True,-948.81,-1403.35,-1427.07,-632.14,-94.88,-93.56,-95.14,-63.21,O:SPY260512C00740000,O:SPY260512P00730000,True,09:30
SPY,2026-05-12,Mar,leg,40,09:47,09:30-10:30,368,CALL,-20.0,-40.0,0.0,0.19,0.29,True,-948.81,-1396.18,-1431.57,-682.14,-94.88,-93.08,-95.44,-68.21,O:SPY260512C00740000,O:SPY260512P00730000,True,09:30
SPY,2026-05-12,Mar,leg,50,09:55,09:30-10:30,360,CALL,-25.0,-50.0,0.0,0.16,0.29,True,-948.81,-1386.31,-1431.57,-732.14,-94.88,-92.42,-95.44,-73.21,O:SPY260512C00740000,O:SPY260512P00730000,True,09:30
SPY,2026-05-12,Mar,leg,60,09:58,09:30-10:30,357,CALL,-22.86,-60.0,14.29,0.13,0.33,True,-948.81,-1371.89,-1433.66,-782.14,-94.88,-91.46,-95.58,-78.21,O:SPY260512C00740000,O:SPY260512P00730000,True,09:30
IWM,2026-05-12,Mar,combined,20,10:09,09:30-10:30,346,CALL,-21.15,-81.58,39.29,0.08,0.8,True,-964.29,-1464.29,-1439.29,-211.47,-96.43,-97.62,-95.95,-21.15,O:IWM260512C00285000,O:IWM260512P00282000,True,09:31
IWM,2026-05-12,Mar,combined,30,14:22,13:30-15:55,93,CALL,-32.14,-100.0,35.71,0.01,0.81,False,-964.29,,,-321.43,-96.43,,,-32.14,O:IWM260512C00285000,O:IWM260512P00282000,True,09:31
IWM,2026-05-12,Mar,combined,40,14:26,13:30-15:55,89,CALL,-41.07,-100.0,17.86,0.01,0.69,False,-964.29,,,-410.71,-96.43,,,-41.07,O:IWM260512C00285000,O:IWM260512P00282000,True,09:31
IWM,2026-05-12,Mar,combined,50,14:56,13:30-15:55,59,CALL,-53.57,-100.0,-7.14,0.01,0.54,False,-964.29,,,-535.71,-96.43,,,-53.57,O:IWM260512C00285000,O:IWM260512P00282000,True,09:31
IWM,2026-05-12,Mar,combined,60,15:10,13:30-15:55,45,CALL,-60.71,-100.0,-21.43,0.01,0.46,False,-964.29,,,-607.14,-96.43,,,-60.71,O:IWM260512C00285000,O:IWM260512P00282000,True,09:31
IWM,2026-05-12,Mar,leg,20,09:31,09:30-10:30,384,CALL,-17.53,-36.84,1.79,0.25,0.59,True,-964.29,-1464.29,-1430.39,-648.5,-96.43,-97.62,-95.36,-64.85,O:IWM260512C00285000,O:IWM260512P00282000,True,09:31
IWM,2026-05-12,Mar,leg,30,09:31,09:30-10:30,384,CALL,-17.53,-36.84,1.79,0.25,0.59,True,-964.29,-1464.29,-1430.39,-648.5,-96.43,-97.62,-95.36,-64.85,O:IWM260512C00285000,O:IWM260512P00282000,True,09:31
IWM,2026-05-12,Mar,leg,40,09:33,09:30-10:30,382,CALL,-10.76,-44.74,23.21,0.22,0.71,True,-964.29,-1464.29,-1436.12,-687.97,-96.43,-97.62,-95.74,-68.8,O:IWM260512C00285000,O:IWM260512P00282000,True,09:31
IWM,2026-05-12,Mar,leg,50,09:34,09:30-10:30,381,CALL,-6.16,-60.53,48.21,0.16,0.84,True,-964.29,-1464.29,-1440.48,-766.92,-96.43,-97.62,-96.03,-76.69,O:IWM260512C00285000,O:IWM260512P00282000,True,09:31
IWM,2026-05-12,Mar,leg,60,09:34,09:30-10:30,381,CALL,-6.16,-60.53,48.21,0.16,0.84,True,-964.29,-1464.29,-1440.48,-766.92,-96.43,-97.62,-96.03,-76.69,O:IWM260512C00285000,O:IWM260512P00282000,True,09:31
QQQ,2026-05-13,Mié,combined,20,10:39,10:30-12:00,316,PUT,-20.75,-14.0,-27.5,0.3,0.44,True,-250.0,-750.0,102.27,-207.5,-25.0,-50.0,6.82,-20.75,O:QQQ260513C00714000,O:QQQ260513P00701000,True,09:30
QQQ,2026-05-13,Mié,combined,30,11:25,10:30-12:00,270,PUT,-36.25,-10.0,-62.5,0.16,0.46,True,-250.0,-750.0,65.22,-362.5,-25.0,-50.0,4.35,-36.25,O:QQQ260513C00714000,O:QQQ260513P00701000,True,09:30
QQQ,2026-05-13,Mié,combined,40,11:51,10:30-12:00,244,PUT,-41.25,-10.0,-72.5,0.12,0.46,True,-250.0,-750.0,65.22,-412.5,-25.0,-50.0,4.35,-41.25,O:QQQ260513C00714000,O:QQQ260513P00701000,True,09:30
QQQ,2026-05-13,Mié,leg,20,09:46,09:30-10:30,369,CALL,46.25,-30.0,122.5,0.36,0.9,True,-250.0,291.67,-750.0,-650.0,-25.0,19.44,-50.0,-65.0,O:QQQ260513C00714000,O:QQQ260513P00701000,True,09:30
QQQ,2026-05-13,Mié,leg,30,09:46,09:30-10:30,369,CALL,46.25,-30.0,122.5,0.36,0.9,True,-250.0,291.67,-750.0,-650.0,-25.0,19.44,-50.0,-65.0,O:QQQ260513C00714000,O:QQQ260513P00701000,True,09:30
QQQ,2026-05-13,Mié,leg,40,09:47,09:30-10:30,368,CALL,59.75,-48.0,167.5,0.27,1.08,True,-250.0,638.89,-750.0,-740.0,-25.0,42.59,-50.0,-74.0,O:QQQ260513C00714000,O:QQQ260513P00701000,True,09:30
QQQ,2026-05-13,Mié,leg,50,09:48,09:30-10:30,367,CALL,87.5,-50.0,225.0,0.26,1.31,True,-250.0,692.31,-750.0,-750.0,-25.0,46.15,-50.0,-75.0,O:QQQ260513C00714000,O:QQQ260513P00701000,True,09:30
QQQ,2026-05-13,Mié,leg,60,10:54,10:30-12:00,301,PUT,-16.0,28.0,-60.0,0.17,0.65,True,-250.0,-750.0,-173.08,-50.0,-25.0,-50.0,-11.54,-5.0,O:QQQ260513C00714000,O:QQQ260513P00701000,True,09:30
SPY,2026-05-13,Mié,combined,20,09:30,09:30-10:30,385,CALL,-20.92,-39.39,-2.44,0.21,0.41,True,-93.87,810.9,-581.67,-209.16,-9.39,54.06,-38.78,-20.92,O:SPY260513C00742000,O:SPY260513P00734000,True,09:30
SPY,2026-05-13,Mié,combined,30,10:13,09:30-10:30,342,CALL,-33.04,-63.64,-2.44,0.13,0.41,True,-93.87,1675.37,-581.67,-330.38,-9.39,111.69,-38.78,-33.04,O:SPY260513C00742000,O:SPY260513P00734000,True,09:30
SPY,2026-05-13,Mié,combined,40,10:22,09:30-10:30,333,CALL,-45.86,-57.58,-34.15,0.15,0.28,True,-93.87,1372.8,-576.01,-458.61,-9.39,91.52,-38.4,-45.86,O:SPY260513C00742000,O:SPY260513P00734000,True,09:30
SPY,2026-05-13,Mié,combined,50,10:44,10:30-12:00,311,CALL,-50.44,-54.55,-46.34,0.16,0.23,True,-93.87,1249.88,-572.13,-504.43,-9.39,83.33,-38.14,-50.44,O:SPY260513C00742000,O:SPY260513P00734000,True,09:30
SPY,2026-05-13,Mié,combined,60,11:12,10:30-12:00,283,PUT,-60.5,-57.58,-63.41,0.16,0.15,True,-93.87,-562.62,1372.8,-604.95,-9.39,-37.51,91.52,-60.5,O:SPY260513C00742000,O:SPY260513P00734000,True,09:30
SPY,2026-05-13,Mié,leg,20,09:30,09:30-10:30,385,CALL,-20.92,-39.39,-2.44,0.21,0.41,True,-93.87,810.9,-581.67,-684.77,-9.39,54.06,-38.78,-68.48,O:SPY260513C00742000,O:SPY260513P00734000,True,09:30
SPY,2026-05-13,Mié,leg,30,09:30,09:30-10:30,385,CALL,-20.92,-39.39,-2.44,0.21,0.41,True,-93.87,810.9,-581.67,-684.77,-9.39,54.06,-38.78,-68.48,O:SPY260513C00742000,O:SPY260513P00734000,True,09:30
SPY,2026-05-13,Mié,leg,40,09:31,09:30-10:30,384,CALL,-14.19,-45.45,17.07,0.19,0.49,True,-93.87,958.77,-583.66,-715.08,-9.39,63.92,-38.91,-71.51,O:SPY260513C00742000,O:SPY260513P00734000,True,09:30
SPY,2026-05-13,Mié,leg,50,09:32,09:30-10:30,383,CALL,-17.52,-54.55,19.51,0.16,0.5,True,-93.87,1249.88,-583.87,-760.53,-9.39,83.33,-38.92,-76.05,O:SPY260513C00742000,O:SPY260513P00734000,True,09:30
SPY,2026-05-13,Mié,leg,60,09:36,09:30-10:30,379,CALL,-9.57,-60.61,41.46,0.14,0.59,True,-93.87,1513.28,-585.39,-790.84,-9.39,100.89,-39.03,-79.08,O:SPY260513C00742000,O:SPY260513P00734000,True,09:30
IWM,2026-05-13,Mié,combined,20,10:22,09:30-10:30,333,CALL,-20.71,-83.72,42.31,0.08,0.76,True,-1000.0,-1500.0,-1500.0,-207.07,-100.0,-100.0,-100.0,-20.71,O:IWM260513C00284000,O:IWM260513P00281000,True,09:31
IWM,2026-05-13,Mié,combined,30,10:30,10:30-12:00,325,CALL,-32.4,-74.42,9.62,0.12,0.58,True,-1000.0,-1500.0,-1500.0,-324.02,-100.0,-100.0,-100.0,-32.4,O:IWM260513C00284000,O:IWM260513P00281000,True,09:31
IWM,2026-05-13,Mié,combined,40,10:42,10:30-12:00,313,CALL,-40.7,-81.4,0.0,0.09,0.54,True,-1000.0,-1500.0,-1500.0,-406.98,-100.0,-100.0,-100.0,-40.7,O:IWM260513C00284000,O:IWM260513P00281000,True,09:31
IWM,2026-05-13,Mié,combined,50,11:02,10:30-12:00,293,CALL,-50.31,-81.4,-19.23,0.09,0.43,True,-1000.0,-1500.0,-1500.0,-503.13,-100.0,-100.0,-100.0,-50.31,O:IWM260513C00284000,O:IWM260513P00281000,True,09:31
IWM,2026-05-13,Mié,combined,60,11:22,10:30-12:00,273,CALL,-60.13,-83.72,-36.54,0.08,0.34,True,-1000.0,-1500.0,-1500.0,-601.3,-100.0,-100.0,-100.0,-60.13,O:IWM260513C00284000,O:IWM260513P00281000,True,09:31
IWM,2026-05-13,Mié,leg,20,09:31,09:30-10:30,384,CALL,-8.03,-37.21,21.15,0.28,0.65,True,-1000.0,-1500.0,-1500.0,-686.05,-100.0,-100.0,-100.0,-68.6,O:IWM260513C00284000,O:IWM260513P00281000,True,09:31
IWM,2026-05-13,Mié,leg,30,09:31,09:30-10:30,384,CALL,-8.03,-37.21,21.15,0.28,0.65,True,-1000.0,-1500.0,-1500.0,-686.05,-100.0,-100.0,-100.0,-68.6,O:IWM260513C00284000,O:IWM260513P00281000,True,09:31
IWM,2026-05-13,Mié,leg,40,09:33,09:30-10:30,382,CALL,-13.64,-46.51,19.23,0.24,0.64,True,-1000.0,-1500.0,-1500.0,-732.56,-100.0,-100.0,-100.0,-73.26,O:IWM260513C00284000,O:IWM260513P00281000,True,09:31
IWM,2026-05-13,Mié,leg,50,09:35,09:30-10:30,380,CALL,-1.95,-55.81,51.92,0.2,0.8,True,-1000.0,-1500.0,-1500.0,-779.07,-100.0,-100.0,-100.0,-77.91,O:IWM260513C00284000,O:IWM260513P00281000,True,09:31
IWM,2026-05-13,Mié,leg,60,09:36,09:30-10:30,379,CALL,11.87,-62.79,86.54,0.17,0.98,True,-1000.0,-1500.0,-1500.0,-813.95,-100.0,-100.0,-100.0,-81.4,O:IWM260513C00284000,O:IWM260513P00281000,True,09:31
QQQ,2026-05-14,Jue,combined,20,09:30,09:30-10:30,385,PUT,-22.01,-3.33,-40.68,0.36,0.6,True,-875.0,-1375.0,-1250.0,-220.06,-87.5,-91.67,-83.33,-22.01,O:QQQ260514C00721000,O:QQQ260514P00704000,True,09:30
QQQ,2026-05-14,Jue,combined,30,13:14,12:00-13:30,161,PUT,-38.22,10.0,-86.44,0.09,0.68,True,-875.0,-1375.0,-1264.71,-382.2,-87.5,-91.67,-84.31,-38.22,O:QQQ260514C00721000,O:QQQ260514P00704000,True,09:30
QQQ,2026-05-14,Jue,combined,40,13:15,12:00-13:30,160,PUT,-44.05,-1.67,-86.44,0.09,0.6,True,-875.0,-1375.0,-1250.0,-440.54,-87.5,-91.67,-83.33,-44.05,O:QQQ260514C00721000,O:QQQ260514P00704000,True,09:30
QQQ,2026-05-14,Jue,combined,50,13:16,12:00-13:30,159,PUT,-53.22,-20.0,-86.44,0.09,0.49,True,-875.0,-1375.0,-1221.94,-532.2,-87.5,-91.67,-81.46,-53.22,O:QQQ260514C00721000,O:QQQ260514P00704000,True,09:30
QQQ,2026-05-14,Jue,combined,60,13:25,12:00-13:30,150,PUT,-61.58,-33.33,-89.83,0.07,0.41,True,-875.0,-1375.0,-1192.07,-615.82,-87.5,-91.67,-79.47,-61.58,O:QQQ260514C00721000,O:QQQ260514P00704000,True,09:30
QQQ,2026-05-14,Jue,leg,20,09:30,09:30-10:30,385,PUT,-22.01,-3.33,-40.68,0.36,0.6,True,-875.0,-1375.0,-1250.0,-578.39,-87.5,-91.67,-83.33,-57.84,O:QQQ260514C00721000,O:QQQ260514P00704000,True,09:30
QQQ,2026-05-14,Jue,leg,30,09:30,09:30-10:30,385,PUT,-22.01,-3.33,-40.68,0.36,0.6,True,-875.0,-1375.0,-1250.0,-578.39,-87.5,-91.67,-83.33,-57.84,O:QQQ260514C00721000,O:QQQ260514P00704000,True,09:30
QQQ,2026-05-14,Jue,leg,40,09:30,09:30-10:30,385,PUT,-22.01,-3.33,-40.68,0.36,0.6,True,-875.0,-1375.0,-1250.0,-578.39,-87.5,-91.67,-83.33,-57.84,O:QQQ260514C00721000,O:QQQ260514P00704000,True,09:30
QQQ,2026-05-14,Jue,leg,50,09:31,09:30-10:30,384,PUT,-20.42,10.0,-50.85,0.3,0.67,True,-875.0,-1375.0,-1263.06,-629.24,-87.5,-91.67,-84.2,-62.92,O:QQQ260514C00721000,O:QQQ260514P00704000,True,09:30
QQQ,2026-05-14,Jue,leg,60,09:35,09:30-10:30,380,PUT,8.64,80.0,-62.71,0.23,1.1,True,-875.0,-1375.0,-1306.82,-688.56,-87.5,-91.67,-87.12,-68.86,O:QQQ260514C00721000,O:QQQ260514P00704000,True,09:30
SPY,2026-05-14,Jue,leg,20,09:39,09:30-10:30,376,PUT,28.71,80.0,-22.58,0.25,0.82,True,316.13,-163.87,529.54,687.1,31.61,-10.92,35.3,68.71,O:SPY260514C00747000,O:SPY260514P00739000,True,09:30
SPY,2026-05-14,Jue,leg,30,09:52,09:30-10:30,363,PUT,27.2,86.67,-32.26,0.22,0.85,True,316.13,-161.14,504.36,638.71,31.61,-10.74,33.62,63.87,O:SPY260514C00747000,O:SPY260514P00739000,True,09:30
SPY,2026-05-14,Jue,leg,40,10:12,09:30-10:30,343,PUT,15.2,75.56,-45.16,0.18,0.8,True,316.13,-156.09,547.38,574.19,31.61,-10.41,36.49,57.42,O:SPY260514C00747000,O:SPY260514P00739000,True,09:30
SPY,2026-05-14,Jue,leg,50,10:16,09:30-10:30,339,PUT,13.08,77.78,-51.61,0.16,0.81,True,316.13,-152.62,538.35,541.94,31.61,-10.17,35.89,54.19,O:SPY260514C00747000,O:SPY260514P00739000,True,09:30
SPY,2026-05-14,Jue,leg,60,10:37,10:30-12:00,318,PUT,27.13,115.56,-61.29,0.13,0.98,True,316.13,-145.41,413.07,493.55,31.61,-9.69,27.54,49.35,O:SPY260514C00747000,O:SPY260514P00739000,True,09:30
IWM,2026-05-14,Jue,combined,20,10:12,09:30-10:30,343,PUT,-22.81,-22.22,-23.4,0.37,0.37,True,-977.78,-1477.78,-1450.75,-228.13,-97.78,-98.52,-96.72,-22.81,O:IWM260514C00285000,O:IWM260514P00282000,True,09:30
IWM,2026-05-14,Jue,combined,30,10:20,09:30-10:30,335,CALL,-31.7,-40.0,-23.4,0.28,0.37,True,-977.78,-1442.06,-1477.78,-317.02,-97.78,-96.14,-98.52,-31.7,O:IWM260514C00285000,O:IWM260514P00282000,True,09:30
IWM,2026-05-14,Jue,combined,40,10:39,10:30-12:00,316,CALL,-40.59,-57.78,-23.4,0.2,0.37,True,-977.78,-1427.78,-1477.78,-405.91,-97.78,-95.19,-98.52,-40.59,O:IWM260514C00285000,O:IWM260514P00282000,True,09:30
IWM,2026-05-14,Jue,combined,50,10:48,10:30-12:00,307,CALL,-50.17,-57.78,-42.55,0.2,0.28,True,-977.78,-1427.78,-1477.78,-501.65,-97.78,-95.19,-98.52,-50.17,O:IWM260514C00285000,O:IWM260514P00282000,True,09:30
IWM,2026-05-14,Jue,combined,60,12:53,12:00-13:30,182,PUT,-60.28,-33.33,-87.23,0.07,0.31,True,-977.78,-1477.78,-1445.52,-602.84,-97.78,-98.52,-96.37,-60.28,O:IWM260514C00285000,O:IWM260514P00282000,True,09:30
IWM,2026-05-14,Jue,leg,20,09:33,09:30-10:30,382,CALL,4.85,-22.22,31.91,0.36,0.64,True,-977.78,-1450.0,-1477.78,-611.11,-97.78,-96.67,-98.52,-61.11,O:IWM260514C00285000,O:IWM260514P00282000,True,09:30
IWM,2026-05-14,Jue,leg,30,09:35,09:30-10:30,380,CALL,6.6,-40.0,53.19,0.28,0.73,True,-977.78,-1442.06,-1477.78,-700.0,-97.78,-96.14,-98.52,-70.0,O:IWM260514C00285000,O:IWM260514P00282000,True,09:30
IWM,2026-05-14,Jue,leg,40,09:35,09:30-10:30,380,CALL,6.6,-40.0,53.19,0.28,0.73,True,-977.78,-1442.06,-1477.78,-700.0,-97.78,-96.14,-98.52,-70.0,O:IWM260514C00285000,O:IWM260514P00282000,True,09:30
IWM,2026-05-14,Jue,leg,50,09:43,09:30-10:30,372,CALL,5.25,-53.33,63.83,0.22,0.79,True,-977.78,-1432.32,-1477.78,-766.67,-97.78,-95.49,-98.52,-76.67,O:IWM260514C00285000,O:IWM260514P00282000,True,09:30
IWM,2026-05-14,Jue,leg,60,09:45,09:30-10:30,370,CALL,6.17,-60.0,72.34,0.19,0.83,True,-977.78,-1425.15,-1477.78,-800.0,-97.78,-95.01,-98.52,-80.0,O:IWM260514C00285000,O:IWM260514P00282000,True,09:30
QQQ,2026-05-15,Vie,combined,20,09:40,09:30-10:30,375,CALL,-20.66,-27.03,-14.29,0.28,0.37,True,-988.1,-1488.1,-1474.58,-206.56,-98.81,-99.21,-98.31,-20.66,O:QQQ260515C00720000,O:QQQ260515P00698000,True,09:30
QQQ,2026-05-15,Vie,combined,30,09:54,09:30-10:30,361,CALL,-32.18,-40.54,-23.81,0.23,0.33,True,-988.1,-1488.1,-1472.94,-321.75,-98.81,-99.21,-98.2,-32.18,O:QQQ260515C00720000,O:QQQ260515P00698000,True,09:30
QQQ,2026-05-15,Vie,combined,40,10:08,09:30-10:30,347,CALL,-41.15,-51.35,-30.95,0.19,0.3,True,-988.1,-1488.1,-1471.43,-411.52,-98.81,-99.21,-98.1,-41.15,O:QQQ260515C00720000,O:QQQ260515P00698000,True,09:30
QQQ,2026-05-15,Vie,combined,50,10:26,09:30-10:30,329,PUT,-51.06,-37.84,-64.29,0.16,0.24,True,-988.1,-1456.85,-1488.1,-510.62,-98.81,-97.12,-99.21,-51.06,O:QQQ260515C00720000,O:QQQ260515P00698000,True,09:30
QQQ,2026-05-15,Vie,combined,60,10:46,10:30-12:00,309,PUT,-61.55,-54.05,-69.05,0.14,0.18,True,-988.1,-1452.38,-1488.1,-615.51,-98.81,-96.83,-99.21,-61.55,O:QQQ260515C00720000,O:QQQ260515P00698000,True,09:30
QQQ,2026-05-15,Vie,leg,20,09:33,09:30-10:30,382,CALL,-11.13,-27.03,4.76,0.28,0.45,True,-988.1,-1488.1,-1476.98,-623.23,-98.81,-99.21,-98.47,-62.32,O:QQQ260515C00720000,O:QQQ260515P00698000,True,09:30
QQQ,2026-05-15,Vie,leg,30,09:37,09:30-10:30,378,CALL,-9.88,-45.95,26.19,0.21,0.54,True,-988.1,-1488.1,-1478.84,-717.82,-98.81,-99.21,-98.59,-71.78,O:QQQ260515C00720000,O:QQQ260515P00698000,True,09:30
QQQ,2026-05-15,Vie,leg,40,09:37,09:30-10:30,378,CALL,-9.88,-45.95,26.19,0.21,0.54,True,-988.1,-1488.1,-1478.84,-717.82,-98.81,-99.21,-98.59,-71.78,O:QQQ260515C00720000,O:QQQ260515P00698000,True,09:30
QQQ,2026-05-15,Vie,leg,50,09:42,09:30-10:30,373,CALL,-16.31,-54.05,21.43,0.18,0.52,True,-988.1,-1488.1,-1478.48,-758.37,-98.81,-99.21,-98.57,-75.84,O:QQQ260515C00720000,O:QQQ260515P00698000,True,09:30
QQQ,2026-05-15,Vie,leg,60,09:45,09:30-10:30,370,CALL,-10.14,-70.27,50.0,0.12,0.64,True,-988.1,-1488.1,-1480.28,-839.45,-98.81,-99.21,-98.69,-83.94,O:QQQ260515C00720000,O:QQQ260515P00698000,True,09:30
SPY,2026-05-15,Vie,combined,20,09:55,09:30-10:30,360,CALL,-23.45,-32.0,-14.89,0.35,0.41,True,-989.36,-1489.36,-1477.17,-234.47,-98.94,-99.29,-98.48,-23.45,O:SPY260515C00746000,O:SPY260515P00735000,True,09:30
SPY,2026-05-15,Vie,combined,30,10:10,09:30-10:30,345,CALL,-30.38,-48.0,-12.77,0.27,0.42,True,-989.36,-1489.36,-1477.46,-303.83,-98.94,-99.29,-98.5,-30.38,O:SPY260515C00746000,O:SPY260515P00735000,True,09:30
SPY,2026-05-15,Vie,combined,40,10:45,10:30-12:00,310,PUT,-41.66,-28.0,-55.32,0.22,0.37,True,-989.36,-1466.63,-1489.36,-416.6,-98.94,-97.78,-99.29,-41.66,O:SPY260515C00746000,O:SPY260515P00735000,True,09:30
SPY,2026-05-15,Vie,combined,50,10:53,10:30-12:00,302,PUT,-50.53,-50.0,-51.06,0.24,0.26,True,-989.36,-1468.53,-1489.36,-505.32,-98.94,-97.9,-99.29,-50.53,O:SPY260515C00746000,O:SPY260515P00735000,True,09:30
SPY,2026-05-15,Vie,combined,60,11:14,10:30-12:00,281,CALL,-60.79,-62.0,-59.57,0.2,0.2,True,-989.36,-1489.36,-1464.36,-607.87,-98.94,-99.29,-97.62,-60.79,O:SPY260515C00746000,O:SPY260515P00735000,True,09:30
SPY,2026-05-15,Vie,leg,20,09:33,09:30-10:30,382,CALL,6.53,-38.0,51.06,0.32,0.72,True,-989.36,-1489.36,-1482.42,-679.36,-98.94,-99.29,-98.83,-67.94,O:SPY260515C00746000,O:SPY260515P00735000,True,09:30
SPY,2026-05-15,Vie,leg,30,09:33,09:30-10:30,382,CALL,6.53,-38.0,51.06,0.32,0.72,True,-989.36,-1489.36,-1482.42,-679.36,-98.94,-99.29,-98.83,-67.94,O:SPY260515C00746000,O:SPY260515P00735000,True,09:30
SPY,2026-05-15,Vie,leg,40,09:38,09:30-10:30,377,CALL,10.85,-40.0,61.7,0.31,0.77,True,-989.36,-1489.36,-1482.87,-689.36,-98.94,-99.29,-98.86,-68.94,O:SPY260515C00746000,O:SPY260515P00735000,True,09:30
SPY,2026-05-15,Vie,leg,50,09:44,09:30-10:30,371,CALL,8.11,-54.0,70.21,0.24,0.81,True,-989.36,-1489.36,-1483.19,-759.36,-98.94,-99.29,-98.88,-75.94,O:SPY260515C00746000,O:SPY260515P00735000,True,09:30
SPY,2026-05-15,Vie,leg,60,10:21,09:30-10:30,334,PUT,-30.91,2.0,-63.83,0.18,0.52,True,-989.36,-1461.58,-1489.36,-819.15,-98.94,-97.44,-99.29,-81.91,O:SPY260515C00746000,O:SPY260515P00735000,True,09:30
IWM,2026-05-15,Vie,combined,20,09:54,09:30-10:30,361,CALL,-22.71,-71.74,26.32,0.14,0.5,True,-934.21,-1434.21,-1384.21,-227.12,-93.42,-95.61,-92.28,-22.71,O:IWM260515C00282000,O:IWM260515P00277000,True,09:30
IWM,2026-05-15,Vie,combined,30,09:55,09:30-10:30,360,CALL,-31.52,-63.04,0.0,0.18,0.4,True,-934.21,-1434.21,-1371.71,-315.22,-93.42,-95.61,-91.45,-31.52,O:IWM260515C00282000,O:IWM260515P00277000,True,09:30
IWM,2026-05-15,Vie,combined,40,10:16,09:30-10:30,339,CALL,-44.45,-65.22,-23.68,0.17,0.3,True,-934.21,-1434.21,-1350.88,-444.51,-93.42,-95.61,-90.06,-44.45,O:IWM260515C00282000,O:IWM260515P00277000,True,09:30
IWM,2026-05-15,Vie,combined,50,10:35,10:30-12:00,320,CALL,-50.57,-69.57,-31.58,0.15,0.27,True,-934.21,-1434.21,-1341.62,-505.72,-93.42,-95.61,-89.44,-50.57,O:IWM260515C00282000,O:IWM260515P00277000,True,09:30
IWM,2026-05-15,Vie,combined,60,12:23,12:00-13:30,212,CALL,-60.98,-95.65,-26.32,0.03,0.3,True,-934.21,-1434.21,-1350.88,-609.84,-93.42,-95.61,-90.06,-60.98,O:IWM260515C00282000,O:IWM260515P00277000,True,09:30
IWM,2026-05-15,Vie,leg,20,09:31,09:30-10:30,384,CALL,4.52,-30.43,39.47,0.34,0.55,True,-934.21,-1434.21,-1388.76,-586.38,-93.42,-95.61,-92.58,-58.64,O:IWM260515C00282000,O:IWM260515P00277000,True,09:30
IWM,2026-05-15,Vie,leg,30,09:31,09:30-10:30,384,CALL,4.52,-30.43,39.47,0.34,0.55,True,-934.21,-1434.21,-1388.76,-586.38,-93.42,-95.61,-92.58,-58.64,O:IWM260515C00282000,O:IWM260515P00277000,True,09:30
IWM,2026-05-15,Vie,leg,40,09:32,09:30-10:30,383,CALL,19.28,-45.65,84.21,0.26,0.72,True,-934.21,-1434.21,-1399.49,-662.47,-93.42,-95.61,-93.3,-66.25,O:IWM260515C00282000,O:IWM260515P00277000,True,09:30
IWM,2026-05-15,Vie,leg,50,09:33,09:30-10:30,382,CALL,19.97,-52.17,92.11,0.23,0.75,True,-934.21,-1434.21,-1400.88,-695.08,-93.42,-95.61,-93.39,-69.51,O:IWM260515C00282000,O:IWM260515P00277000,True,09:30
IWM,2026-05-15,Vie,leg,60,09:36,09:30-10:30,379,CALL,21.11,-63.04,105.26,0.18,0.79,True,-934.21,-1434.21,-1402.56,-749.43,-93.42,-95.61,-93.5,-74.94,O:IWM260515C00282000,O:IWM260515P00277000,True,09:30
QQQ,2026-05-18,Lun,combined,20,09:50,09:30-10:30,365,CALL,-24.96,-68.97,19.05,0.19,0.51,True,-988.1,-1488.1,-1478.29,-249.59,-98.81,-99.21,-98.55,-24.96,O:QQQ260518C00718000,O:QQQ260518P00701000,True,09:30
QQQ,2026-05-18,Lun,combined,30,09:52,09:30-10:30,363,CALL,-33.83,-72.41,4.76,0.17,0.45,True,-988.1,-1488.1,-1476.98,-338.26,-98.81,-99.21,-98.47,-33.83,O:QQQ260518C00718000,O:QQQ260518P00701000,True,09:30
QQQ,2026-05-18,Lun,combined,40,09:54,09:30-10:30,361,CALL,-46.06,-70.69,-21.43,0.18,0.34,True,-988.1,-1488.1,-1473.39,-460.59,-98.81,-99.21,-98.23,-46.06,O:QQQ260518C00718000,O:QQQ260518P00701000,True,09:30
QQQ,2026-05-18,Lun,combined,50,10:15,09:30-10:30,340,CALL,-50.62,-65.52,-35.71,0.21,0.28,True,-988.1,-1488.1,-1470.24,-506.16,-98.81,-99.21,-98.02,-50.62,O:QQQ260518C00718000,O:QQQ260518P00701000,True,09:30
QQQ,2026-05-18,Lun,combined,60,13:59,13:30-15:55,116,CALL,-61.04,-98.28,-23.81,0.02,0.34,True,-988.1,-1488.1,-1473.39,-610.43,-98.81,-99.21,-98.23,-61.04,O:QQQ260518C00718000,O:QQQ260518P00701000,True,09:30
QQQ,2026-05-18,Lun,leg,20,09:32,09:30-10:30,383,CALL,-9.89,-29.31,9.52,0.43,0.47,True,-988.1,-1488.1,-1477.46,-634.65,-98.81,-99.21,-98.5,-63.46,O:QQQ260518C00718000,O:QQQ260518P00701000,True,09:30
QQQ,2026-05-18,Lun,leg,30,09:34,09:30-10:30,381,CALL,-10.43,-32.76,11.9,0.4,0.48,True,-988.1,-1488.1,-1477.68,-651.89,-98.81,-99.21,-98.51,-65.19,O:QQQ260518C00718000,O:QQQ260518P00701000,True,09:30
QQQ,2026-05-18,Lun,leg,40,09:36,09:30-10:30,379,CALL,-4.23,-46.55,38.1,0.32,0.59,True,-988.1,-1488.1,-1479.62,-720.85,-98.81,-99.21,-98.64,-72.09,O:QQQ260518C00718000,O:QQQ260518P00701000,True,09:30
QQQ,2026-05-18,Lun,leg,50,09:39,09:30-10:30,376,CALL,-17.86,-50.0,14.29,0.3,0.49,True,-988.1,-1488.1,-1477.89,-738.1,-98.81,-99.21,-98.53,-73.81,O:QQQ260518C00718000,O:QQQ260518P00701000,True,09:30
QQQ,2026-05-18,Lun,leg,60,09:42,09:30-10:30,373,CALL,-7.43,-67.24,52.38,0.2,0.65,True,-988.1,-1488.1,-1480.4,-824.3,-98.81,-99.21,-98.69,-82.43,O:QQQ260518C00718000,O:QQQ260518P00701000,True,09:30
SPY,2026-05-18,Lun,combined,20,09:30,09:30-10:30,385,CALL,-28.84,-54.55,-3.12,0.16,0.32,True,-984.38,-1484.38,-1468.75,-288.35,-98.44,-98.96,-97.92,-28.84,O:SPY260518C00746000,O:SPY260518P00733000,True,09:30
SPY,2026-05-18,Lun,combined,30,09:31,09:30-10:30,384,CALL,-35.09,-54.55,-15.62,0.16,0.28,True,-984.38,-1484.38,-1466.52,-350.85,-98.44,-98.96,-97.77,-35.09,O:SPY260518C00746000,O:SPY260518P00733000,True,09:30
SPY,2026-05-18,Lun,combined,40,09:48,09:30-10:30,367,CALL,-41.0,-75.76,-6.25,0.09,0.31,True,-984.38,-1484.38,-1468.25,-410.04,-98.44,-98.96,-97.88,-41.0,O:SPY260518C00746000,O:SPY260518P00733000,True,09:30
SPY,2026-05-18,Lun,combined,50,09:50,09:30-10:30,365,CALL,-53.55,-72.73,-34.38,0.1,0.22,True,-984.38,-1484.38,-1461.65,-535.51,-98.44,-98.96,-97.44,-53.55,O:SPY260518C00746000,O:SPY260518P00733000,True,09:30
SPY,2026-05-18,Lun,combined,60,09:53,09:30-10:30,362,CALL,-61.41,-69.7,-53.12,0.11,0.16,True,-984.38,-1484.38,-1453.12,-614.11,-98.44,-98.96,-96.88,-61.41,O:SPY260518C00746000,O:SPY260518P00733000,True,09:30
SPY,2026-05-18,Lun,leg,20,09:30,09:30-10:30,385,CALL,-28.84,-54.55,-3.12,0.16,0.32,True,-984.38,-1484.38,-1468.75,-757.1,-98.44,-98.96,-97.92,-75.71,O:SPY260518C00746000,O:SPY260518P00733000,True,09:30
SPY,2026-05-18,Lun,leg,30,09:30,09:30-10:30,385,CALL,-28.84,-54.55,-3.12,0.16,0.32,True,-984.38,-1484.38,-1468.75,-757.1,-98.44,-98.96,-97.92,-75.71,O:SPY260518C00746000,O:SPY260518P00733000,True,09:30
SPY,2026-05-18,Lun,leg,40,09:30,09:30-10:30,385,CALL,-28.84,-54.55,-3.12,0.16,0.32,True,-984.38,-1484.38,-1468.75,-757.1,-98.44,-98.96,-97.92,-75.71,O:SPY260518C00746000,O:SPY260518P00733000,True,09:30
SPY,2026-05-18,Lun,leg,50,09:30,09:30-10:30,385,CALL,-28.84,-54.55,-3.12,0.16,0.32,True,-984.38,-1484.38,-1468.75,-757.1,-98.44,-98.96,-97.92,-75.71,O:SPY260518C00746000,O:SPY260518P00733000,True,09:30
SPY,2026-05-18,Lun,leg,60,09:32,09:30-10:30,383,CALL,-34.99,-60.61,-9.38,0.14,0.3,True,-984.38,-1484.38,-1467.71,-787.41,-98.44,-98.96,-97.85,-78.74,O:SPY260518C00746000,O:SPY260518P00733000,True,09:30
IWM,2026-05-18,Lun,combined,20,09:51,09:30-10:30,364,CALL,-21.62,-31.48,-11.76,0.38,0.46,True,98.04,-401.96,815.43,-216.23,9.8,-26.8,54.36,-21.62,O:IWM260518C00280000,O:IWM260518P00277000,True,09:30
IWM,2026-05-18,Lun,combined,30,10:09,09:30-10:30,346,CALL,-30.56,-61.11,0.0,0.22,0.52,True,98.04,-401.96,674.96,-305.56,9.8,-26.8,45.0,-30.56,O:IWM260518C00280000,O:IWM260518P00277000,True,09:30
IWM,2026-05-18,Lun,combined,40,15:01,13:30-15:55,54,CALL,-67.65,-100.0,-35.29,0.01,1.03,False,98.04,,,-676.47,9.8,,,-67.65,O:IWM260518C00280000,O:IWM260518P00277000,True,09:30
IWM,2026-05-18,Lun,combined,50,15:01,13:30-15:55,54,CALL,-67.65,-100.0,-35.29,0.01,1.03,False,98.04,,,-676.47,9.8,,,-67.65,O:IWM260518C00280000,O:IWM260518P00277000,True,09:30
IWM,2026-05-18,Lun,combined,60,15:01,13:30-15:55,54,CALL,-67.65,-100.0,-35.29,0.01,1.03,False,98.04,,,-676.47,9.8,,,-67.65,O:IWM260518C00280000,O:IWM260518P00277000,True,09:30
IWM,2026-05-18,Lun,leg,20,09:32,09:30-10:30,383,CALL,1.03,-35.19,37.25,0.36,0.72,True,98.04,-401.96,375.82,422.11,9.8,-26.8,25.05,42.21,O:IWM260518C00280000,O:IWM260518P00277000,True,09:30
IWM,2026-05-18,Lun,leg,30,09:32,09:30-10:30,383,CALL,1.03,-35.19,37.25,0.36,0.72,True,98.04,-401.96,375.82,422.11,9.8,-26.8,25.05,42.21,O:IWM260518C00280000,O:IWM260518P00277000,True,09:30
IWM,2026-05-18,Lun,leg,40,09:33,09:30-10:30,382,CALL,10.13,-44.44,64.71,0.32,0.86,True,98.04,-401.96,249.2,375.82,9.8,-26.8,16.61,37.58,O:IWM260518C00280000,O:IWM260518P00277000,True,09:30
IWM,2026-05-18,Lun,leg,50,09:34,09:30-10:30,381,CALL,11.27,-50.0,72.55,0.28,0.89,True,98.04,-401.96,227.25,348.04,9.8,-26.8,15.15,34.8,O:IWM260518C00280000,O:IWM260518P00277000,True,09:30
IWM,2026-05-18,Lun,leg,60,09:38,09:30-10:30,377,CALL,35.35,-68.52,139.22,0.18,1.24,True,98.04,-401.96,49.65,255.45,9.8,-26.8,3.31,25.54,O:IWM260518C00280000,O:IWM260518P00277000,True,09:30
QQQ,2026-05-19,Mar,combined,20,09:41,09:30-10:30,374,PUT,-21.6,-6.06,-37.14,0.23,0.33,True,-1000.0,-1500.0,-1500.0,-216.02,-100.0,-100.0,-100.0,-21.6,O:QQQ260519C00711000,O:QQQ260519P00690000,True,09:30
QQQ,2026-05-19,Mar,combined,30,09:49,09:30-10:30,366,PUT,-38.1,-33.33,-42.86,0.21,0.23,True,-1000.0,-1500.0,-1500.0,-380.95,-100.0,-100.0,-100.0,-38.1,O:QQQ260519C00711000,O:QQQ260519P00690000,True,09:30
QQQ,2026-05-19,Mar,combined,40,09:50,09:30-10:30,365,CALL,-41.21,-42.42,-40.0,0.2,0.22,True,-1000.0,-1500.0,-1500.0,-412.12,-100.0,-100.0,-100.0,-41.21,O:QQQ260519C00711000,O:QQQ260519P00690000,True,09:30
QQQ,2026-05-19,Mar,combined,50,10:42,10:30-12:00,313,CALL,-50.82,-78.79,-22.86,0.08,0.29,True,-1000.0,-1500.0,-1500.0,-508.23,-100.0,-100.0,-100.0,-50.82,O:QQQ260519C00711000,O:QQQ260519P00690000,True,09:30
QQQ,2026-05-19,Mar,combined,60,10:57,10:30-12:00,298,CALL,-60.91,-81.82,-40.0,0.07,0.22,True,-1000.0,-1500.0,-1500.0,-609.09,-100.0,-100.0,-100.0,-60.91,O:QQQ260519C00711000,O:QQQ260519P00690000,True,09:30
QQQ,2026-05-19,Mar,leg,20,09:32,09:30-10:30,383,PUT,3.81,33.33,-25.71,0.27,0.45,True,-1000.0,-1500.0,-1500.0,-628.57,-100.0,-100.0,-100.0,-62.86,O:QQQ260519C00711000,O:QQQ260519P00690000,True,09:30
QQQ,2026-05-19,Mar,leg,30,09:33,09:30-10:30,382,PUT,-0.56,30.3,-31.43,0.25,0.44,True,-1000.0,-1500.0,-1500.0,-657.14,-100.0,-100.0,-100.0,-65.71,O:QQQ260519C00711000,O:QQQ260519P00690000,True,09:30
QQQ,2026-05-19,Mar,leg,40,09:35,09:30-10:30,380,PUT,-6.36,27.27,-40.0,0.22,0.43,True,-1000.0,-1500.0,-1500.0,-700.0,-100.0,-100.0,-100.0,-70.0,O:QQQ260519C00711000,O:QQQ260519P00690000,True,09:30
QQQ,2026-05-19,Mar,leg,50,09:36,09:30-10:30,379,PUT,25.8,103.03,-51.43,0.18,0.68,True,-1000.0,-1500.0,-1500.0,-757.14,-100.0,-100.0,-100.0,-75.71,O:QQQ260519C00711000,O:QQQ260519P00690000,True,09:30
QQQ,2026-05-19,Mar,leg,60,10:02,09:30-10:30,353,CALL,-47.62,-66.67,-28.57,0.12,0.26,True,-1000.0,-1500.0,-1500.0,-833.33,-100.0,-100.0,-100.0,-83.33,O:QQQ260519C00711000,O:QQQ260519P00690000,True,09:30
SPY,2026-05-19,Mar,combined,20,11:14,10:30-12:00,281,CALL,-21.9,-74.36,30.56,0.11,0.48,True,-986.11,-1486.11,-1475.69,-219.02,-98.61,-99.07,-98.38,-21.9,O:SPY260519C00740000,O:SPY260519P00730000,True,09:30
SPY,2026-05-19,Mar,combined,30,11:38,10:30-12:00,257,CALL,-34.19,-79.49,11.11,0.09,0.41,True,-986.11,-1486.11,-1473.92,-341.88,-98.61,-99.07,-98.26,-34.19,O:SPY260519C00740000,O:SPY260519P00730000,True,09:30
SPY,2026-05-19,Mar,combined,40,11:42,10:30-12:00,253,CALL,-41.24,-76.92,-5.56,0.1,0.35,True,-986.11,-1486.11,-1471.83,-412.39,-98.61,-99.07,-98.12,-41.24,O:SPY260519C00740000,O:SPY260519P00730000,True,09:30
SPY,2026-05-19,Mar,combined,50,12:18,12:00-13:30,217,CALL,-50.53,-87.18,-13.89,0.06,0.32,True,-986.11,-1486.11,-1470.49,-505.34,-98.61,-99.07,-98.03,-50.53,O:SPY260519C00740000,O:SPY260519P00730000,True,09:30
SPY,2026-05-19,Mar,combined,60,12:25,12:00-13:30,210,CALL,-63.35,-79.49,-47.22,0.09,0.2,True,-986.11,-1486.11,-1461.11,-633.55,-98.61,-99.07,-97.41,-63.35,O:SPY260519C00740000,O:SPY260519P00730000,True,09:30
SPY,2026-05-19,Mar,leg,20,09:35,09:30-10:30,380,CALL,31.41,-20.51,83.33,0.32,0.67,True,-986.11,-1486.11,-1478.65,-588.68,-98.61,-99.07,-98.58,-58.87,O:SPY260519C00740000,O:SPY260519P00730000,True,09:30
SPY,2026-05-19,Mar,leg,30,09:44,09:30-10:30,371,CALL,52.67,-30.77,136.11,0.28,0.87,True,-986.11,-1486.11,-1480.36,-639.96,-98.61,-99.07,-98.69,-64.0,O:SPY260519C00740000,O:SPY260519P00730000,True,09:30
SPY,2026-05-19,Mar,leg,40,09:46,09:30-10:30,369,CALL,68.38,-41.03,177.78,0.24,1.01,True,-986.11,-1486.11,-1481.16,-691.24,-98.61,-99.07,-98.74,-69.12,O:SPY260519C00740000,O:SPY260519P00730000,True,09:30
SPY,2026-05-19,Mar,leg,50,10:07,09:30-10:30,348,CALL,50.85,-53.85,155.56,0.19,0.93,True,-986.11,-1486.11,-1480.73,-755.34,-98.61,-99.07,-98.72,-75.53,O:SPY260519C00740000,O:SPY260519P00730000,True,09:30
SPY,2026-05-19,Mar,leg,60,10:14,09:30-10:30,341,CALL,48.4,-61.54,158.33,0.16,0.95,True,-986.11,-1486.11,-1480.85,-793.8,-98.61,-99.07,-98.72,-79.38,O:SPY260519C00740000,O:SPY260519P00730000,True,09:30
IWM,2026-05-19,Mar,combined,20,09:52,09:30-10:30,363,CALL,-21.91,-55.81,12.0,0.2,0.58,True,-1000.0,-1500.0,-1500.0,-219.07,-100.0,-100.0,-100.0,-21.91,O:IWM260519C00275000,O:IWM260519P00271000,True,09:30
IWM,2026-05-19,Mar,combined,30,09:55,09:30-10:30,360,CALL,-30.74,-53.49,-8.0,0.21,0.47,True,-1000.0,-1500.0,-1500.0,-307.44,-100.0,-100.0,-100.0,-30.74,O:IWM260519C00275000,O:IWM260519P00271000,True,09:30
IWM,2026-05-19,Mar,combined,40,11:00,10:30-12:00,295,CALL,-41.19,-88.37,6.0,0.06,0.54,True,-1000.0,-1500.0,-1500.0,-411.86,-100.0,-100.0,-100.0,-41.19,O:IWM260519C00275000,O:IWM260519P00271000,True,09:30
IWM,2026-05-19,Mar,combined,50,11:13,10:30-12:00,282,CALL,-55.02,-86.05,-24.0,0.07,0.39,True,-1000.0,-1500.0,-1500.0,-550.23,-100.0,-100.0,-100.0,-55.02,O:IWM260519C00275000,O:IWM260519P00271000,True,09:30
IWM,2026-05-19,Mar,combined,60,11:31,10:30-12:00,264,CALL,-63.19,-88.37,-38.0,0.06,0.33,True,-1000.0,-1500.0,-1500.0,-631.86,-100.0,-100.0,-100.0,-63.19,O:IWM260519C00275000,O:IWM260519P00271000,True,09:30
IWM,2026-05-19,Mar,leg,20,09:31,09:30-10:30,384,CALL,3.56,-34.88,42.0,0.29,0.73,True,-1000.0,-1500.0,-1500.0,-674.42,-100.0,-100.0,-100.0,-67.44,O:IWM260519C00275000,O:IWM260519P00271000,True,09:30
IWM,2026-05-19,Mar,leg,30,09:31,09:30-10:30,384,CALL,3.56,-34.88,42.0,0.29,0.73,True,-1000.0,-1500.0,-1500.0,-674.42,-100.0,-100.0,-100.0,-67.44,O:IWM260519C00275000,O:IWM260519P00271000,True,09:30
IWM,2026-05-19,Mar,leg,40,09:41,09:30-10:30,374,CALL,-10.58,-51.16,30.0,0.22,0.66,True,-1000.0,-1500.0,-1500.0,-755.81,-100.0,-100.0,-100.0,-75.58,O:IWM260519C00275000,O:IWM260519P00271000,True,09:30
IWM,2026-05-19,Mar,leg,50,09:41,09:30-10:30,374,CALL,-10.58,-51.16,30.0,0.22,0.66,True,-1000.0,-1500.0,-1500.0,-755.81,-100.0,-100.0,-100.0,-75.58,O:IWM260519C00275000,O:IWM260519P00271000,True,09:30
IWM,2026-05-19,Mar,leg,60,09:43,09:30-10:30,372,CALL,-4.23,-60.47,52.0,0.18,0.77,True,-1000.0,-1500.0,-1500.0,-802.33,-100.0,-100.0,-100.0,-80.23,O:IWM260519C00275000,O:IWM260519P00271000,True,09:30
QQQ,2026-05-20,Mié,leg,20,09:32,09:30-10:30,383,PUT,72.78,171.43,-25.86,0.45,1.54,True,1445.5,978.84,1825.38,1790.33,144.55,65.26,121.69,179.03,O:QQQ260520C00711000,O:QQQ260520P00696000,True,09:30
QQQ,2026-05-20,Mié,leg,30,09:33,09:30-10:30,382,PUT,68.5,173.21,-36.21,0.38,1.54,True,1445.5,984.98,1825.38,1738.61,144.55,65.67,121.69,173.86,O:QQQ260520C00711000,O:QQQ260520P00696000,True,09:30
QQQ,2026-05-20,Mié,leg,40,09:46,09:30-10:30,369,PUT,75.74,192.86,-41.38,0.35,1.66,True,1445.5,988.36,1761.77,1712.75,144.55,65.89,117.45,171.27,O:QQQ260520C00711000,O:QQQ260520P00696000,True,09:30
QQQ,2026-05-20,Mié,leg,50,10:16,09:30-10:30,339,PUT,63.49,182.14,-55.17,0.28,1.61,True,1445.5,999.08,1787.12,1643.78,144.55,66.61,119.14,164.38,O:QQQ260520C00711000,O:QQQ260520P00696000,True,09:30
QQQ,2026-05-20,Mié,leg,60,10:30,10:30-12:00,325,PUT,86.82,235.71,-62.07,0.24,1.9,True,1445.5,1008.0,1658.66,1609.3,144.55,67.2,110.58,160.93,O:QQQ260520C00711000,O:QQQ260520P00696000,True,09:30
SPY,2026-05-20,Mié,leg,20,09:44,09:30-10:30,371,PUT,-4.54,18.92,-28.0,0.37,0.45,True,753.24,266.76,1686.58,1103.24,75.32,17.78,112.44,110.32,O:SPY260520C00741000,O:SPY260520P00729000,True,09:30
SPY,2026-05-20,Mié,leg,30,09:45,09:30-10:30,370,PUT,-1.78,32.43,-36.0,0.33,0.5,True,753.24,268.39,1543.24,1063.24,75.32,17.89,102.88,106.32,O:SPY260520C00741000,O:SPY260520P00729000,True,09:30
SPY,2026-05-20,Mié,leg,40,09:46,09:30-10:30,369,PUT,8.78,67.57,-50.0,0.26,0.63,True,753.24,272.47,1277.05,993.24,75.32,18.16,85.14,99.32,O:SPY260520C00741000,O:SPY260520P00729000,True,09:30
SPY,2026-05-20,Mié,leg,50,09:46,09:30-10:30,369,PUT,8.78,67.57,-50.0,0.26,0.63,True,753.24,272.47,1277.05,993.24,75.32,18.16,85.14,99.32,O:SPY260520C00741000,O:SPY260520P00729000,True,09:30
SPY,2026-05-20,Mié,leg,60,10:16,09:30-10:30,339,PUT,17.3,94.59,-60.0,0.21,0.73,True,753.24,277.05,1136.8,943.24,75.32,18.47,75.79,94.32,O:SPY260520C00741000,O:SPY260520P00729000,True,09:30
IWM,2026-05-20,Mié,leg,20,09:37,09:30-10:30,378,PUT,5.91,42.59,-30.77,0.28,0.79,True,3111.11,2611.11,5421.24,3457.26,311.11,174.07,361.42,345.73,O:IWM260520C00275000,O:IWM260520P00272000,True,09:30
IWM,2026-05-20,Mié,leg,30,09:37,09:30-10:30,378,PUT,5.91,42.59,-30.77,0.28,0.79,True,3111.11,2611.11,5421.24,3457.26,311.11,174.07,361.42,345.73,O:IWM260520C00275000,O:IWM260520P00272000,True,09:30
IWM,2026-05-20,Mié,leg,40,09:40,09:30-10:30,375,PUT,25.43,94.44,-43.59,0.23,1.06,True,3111.11,2611.11,4705.45,3393.16,311.11,174.07,313.7,339.32,O:IWM260520C00275000,O:IWM260520P00272000,True,09:30
IWM,2026-05-20,Mié,leg,50,09:44,09:30-10:30,371,PUT,23.43,98.15,-51.28,0.2,1.08,True,3111.11,2611.11,4666.67,3354.7,311.11,174.07,311.11,335.47,O:IWM260520C00275000,O:IWM260520P00272000,True,09:30
IWM,2026-05-20,Mié,leg,60,09:45,09:30-10:30,370,PUT,43.3,148.15,-61.54,0.16,1.35,True,3111.11,2611.11,4255.56,3303.42,311.11,174.07,283.7,330.34,O:IWM260520C00275000,O:IWM260520P00272000,True,09:30
QQQ,2026-05-21,Jue,combined,20,09:44,09:30-10:30,371,PUT,-20.23,-20.0,-20.45,0.39,0.5,True,-990.91,-1490.91,-1480.91,-202.27,-99.09,-99.39,-98.73,-20.23,O:QQQ260521C00717000,O:QQQ260521P00698000,True,09:30
QQQ,2026-05-21,Jue,combined,30,10:06,09:30-10:30,349,PUT,-30.0,3.64,-63.64,0.17,0.58,True,-990.91,-1490.91,-1482.29,-300.0,-99.09,-99.39,-98.82,-30.0,O:QQQ260521C00717000,O:QQQ260521P00698000,True,09:30
QQQ,2026-05-21,Jue,combined,40,10:15,09:30-10:30,340,PUT,-40.23,-32.73,-47.73,0.24,0.38,True,-990.91,-1490.91,-1477.75,-402.27,-99.09,-99.39,-98.52,-40.23,O:QQQ260521C00717000,O:QQQ260521P00698000,True,09:30
QQQ,2026-05-21,Jue,combined,50,10:27,09:30-10:30,328,CALL,-51.14,-54.55,-47.73,0.26,0.24,True,-990.91,-1471.68,-1490.91,-511.36,-99.09,-98.11,-99.39,-51.14,O:QQQ260521C00717000,O:QQQ260521P00698000,True,09:30
QQQ,2026-05-21,Jue,combined,60,10:40,10:30-12:00,315,CALL,-61.59,-61.82,-61.36,0.22,0.18,True,-990.91,-1468.18,-1490.91,-615.91,-99.09,-97.88,-99.39,-61.59,O:QQQ260521C00717000,O:QQQ260521P00698000,True,09:30
QQQ,2026-05-21,Jue,leg,20,09:31,09:30-10:30,384,CALL,-12.05,-21.82,-2.27,0.44,0.44,True,-990.91,-1479.55,-1490.91,-609.09,-99.09,-98.64,-99.39,-60.91,O:QQQ260521C00717000,O:QQQ260521P00698000,True,09:30
QQQ,2026-05-21,Jue,leg,30,09:34,09:30-10:30,381,PUT,-3.18,25.45,-31.82,0.31,0.7,True,-990.91,-1490.91,-1483.77,-650.0,-99.09,-99.39,-98.92,-65.0,O:QQQ260521C00717000,O:QQQ260521P00698000,True,09:30
QQQ,2026-05-21,Jue,leg,40,09:54,09:30-10:30,361,PUT,-9.55,30.91,-50.0,0.23,0.73,True,-990.91,-1490.91,-1484.06,-740.91,-99.09,-99.39,-98.94,-74.09,O:QQQ260521C00717000,O:QQQ260521P00698000,True,09:30
QQQ,2026-05-21,Jue,leg,50,09:54,09:30-10:30,361,PUT,-9.55,30.91,-50.0,0.23,0.73,True,-990.91,-1490.91,-1484.06,-740.91,-99.09,-99.39,-98.94,-74.09,O:QQQ260521C00717000,O:QQQ260521P00698000,True,09:30
QQQ,2026-05-21,Jue,leg,60,10:00,09:30-10:30,355,PUT,-18.86,23.64,-61.36,0.18,0.69,True,-990.91,-1490.91,-1483.66,-797.73,-99.09,-99.39,-98.91,-79.77,O:QQQ260521C00717000,O:QQQ260521P00698000,True,09:30
SPY,2026-05-21,Jue,combined,20,09:33,09:30-10:30,382,PUT,-20.4,-15.0,-25.81,0.24,0.35,True,-921.37,-1400.54,-1349.94,-204.03,-92.14,-93.37,-90.0,-20.4,O:SPY260521C00744000,O:SPY260521P00729000,True,09:30
SPY,2026-05-21,Jue,combined,30,09:38,09:30-10:30,377,PUT,-30.24,-25.0,-35.48,0.21,0.31,True,-921.37,-1397.56,-1340.73,-302.42,-92.14,-93.17,-89.38,-30.24,O:SPY260521C00744000,O:SPY260521P00729000,True,09:30
SPY,2026-05-21,Jue,combined,40,10:20,09:30-10:30,335,PUT,-41.33,-37.5,-45.16,0.18,0.26,True,-921.37,-1393.59,-1325.22,-413.31,-92.14,-92.91,-88.35,-41.33,O:SPY260521C00744000,O:SPY260521P00729000,True,09:30
SPY,2026-05-21,Jue,combined,50,10:28,09:30-10:30,327,PUT,-51.01,-37.5,-64.52,0.12,0.26,True,-921.37,-1379.7,-1325.22,-510.08,-92.14,-91.98,-88.35,-51.01,O:SPY260521C00744000,O:SPY260521P00729000,True,09:30
SPY,2026-05-21,Jue,combined,60,10:49,10:30-12:00,306,PUT,-60.12,-52.5,-67.74,0.11,0.2,True,-921.37,-1375.92,-1296.37,-601.21,-92.14,-91.73,-86.42,-60.12,O:SPY260521C00744000,O:SPY260521P00729000,True,09:30
SPY,2026-05-21,Jue,leg,20,09:32,09:30-10:30,383,PUT,-19.15,-12.5,-25.81,0.24,0.36,True,-921.37,-1400.54,-1351.93,-566.53,-92.14,-93.37,-90.13,-56.65,O:SPY260521C00744000,O:SPY260521P00729000,True,09:30
SPY,2026-05-21,Jue,leg,30,09:34,09:30-10:30,381,PUT,-17.74,0.0,-35.48,0.21,0.41,True,-921.37,-1397.56,-1360.4,-614.92,-92.14,-93.17,-90.69,-61.49,O:SPY260521C00744000,O:SPY260521P00729000,True,09:30
SPY,2026-05-21,Jue,leg,40,09:40,09:30-10:30,375,PUT,-29.72,-17.5,-41.94,0.19,0.34,True,-921.37,-1395.06,-1347.84,-647.18,-92.14,-93.0,-89.86,-64.72,O:SPY260521C00744000,O:SPY260521P00729000,True,09:30
SPY,2026-05-21,Jue,leg,50,09:53,09:30-10:30,362,PUT,-20.28,17.5,-58.06,0.14,0.48,True,-921.37,-1385.66,-1369.29,-727.82,-92.14,-92.38,-91.29,-72.78,O:SPY260521C00744000,O:SPY260521P00729000,True,09:30
SPY,2026-05-21,Jue,leg,60,09:54,09:30-10:30,361,PUT,-12.26,40.0,-64.52,0.12,0.57,True,-921.37,-1379.7,-1377.51,-760.08,-92.14,-91.98,-91.83,-76.01,O:SPY260521C00744000,O:SPY260521P00729000,True,09:30
IWM,2026-05-21,Jue,combined,20,12:38,12:00-13:30,197,PUT,-29.16,30.77,-89.09,0.07,0.52,True,1884.62,1384.62,3548.08,-291.61,188.46,92.31,236.54,-29.16,O:IWM260521C00280000,O:IWM260521P00277000,True,09:30
IWM,2026-05-21,Jue,combined,30,12:46,12:00-13:30,189,PUT,-30.07,30.77,-90.91,0.06,0.53,True,1884.62,1384.62,3507.26,-300.7,188.46,92.31,233.82,-30.07,O:IWM260521C00280000,O:IWM260521P00277000,True,09:30
IWM,2026-05-21,Jue,combined,40,12:50,12:00-13:30,185,PUT,-40.7,7.69,-89.09,0.07,0.43,True,1884.62,1384.62,4000.89,-406.99,188.46,92.31,266.73,-40.7,O:IWM260521C00280000,O:IWM260521P00277000,True,09:30
IWM,2026-05-21,Jue,leg,20,09:32,09:30-10:30,383,CALL,32.47,-20.51,85.45,0.32,1.03,True,1884.62,4900.24,1384.62,-602.56,188.46,326.68,92.31,-60.26,O:IWM260521C00280000,O:IWM260521P00277000,True,09:30
IWM,2026-05-21,Jue,leg,30,09:33,09:30-10:30,382,CALL,36.43,-30.77,103.64,0.28,1.13,True,1884.62,5402.47,1384.62,-653.85,188.46,360.16,92.31,-65.38,O:IWM260521C00280000,O:IWM260521P00277000,True,09:30
IWM,2026-05-21,Jue,leg,40,09:52,09:30-10:30,363,PUT,60.77,161.54,-40.0,0.34,1.04,True,1884.62,1384.62,2466.35,2184.62,188.46,92.31,164.42,218.46,O:IWM260521C00280000,O:IWM260521P00277000,True,09:30
IWM,2026-05-21,Jue,leg,50,09:54,09:30-10:30,361,PUT,82.98,220.51,-54.55,0.26,1.27,True,1884.62,1384.62,2270.44,2111.89,188.46,92.31,151.36,211.19,O:IWM260521C00280000,O:IWM260521P00277000,True,09:30
IWM,2026-05-21,Jue,leg,60,10:02,09:30-10:30,353,PUT,104.08,271.79,-63.64,0.21,1.47,True,1884.62,1384.62,2149.92,2066.43,188.46,92.31,143.33,206.64,O:IWM260521C00280000,O:IWM260521P00277000,True,09:30
QQQ,2026-05-22,Vie,combined,20,10:20,09:30-10:30,335,PUT,-20.79,-19.35,-22.22,0.29,0.26,True,-986.11,-1468.87,-1486.11,-207.89,-98.61,-97.92,-99.07,-20.79,O:QQQ260522C00725000,O:QQQ260522P00709000,True,09:30
QQQ,2026-05-22,Vie,combined,30,10:34,10:30-12:00,321,PUT,-31.23,-9.68,-52.78,0.18,0.29,True,-986.11,-1458.33,-1486.11,-312.28,-98.61,-97.22,-99.07,-31.23,O:QQQ260522C00725000,O:QQQ260522P00709000,True,09:30
QQQ,2026-05-22,Vie,combined,40,10:47,10:30-12:00,308,PUT,-40.01,-16.13,-63.89,0.14,0.27,True,-986.11,-1450.4,-1486.11,-400.09,-98.61,-96.69,-99.07,-40.01,O:QQQ260522C00725000,O:QQQ260522P00709000,True,09:30
QQQ,2026-05-22,Vie,combined,50,11:41,10:30-12:00,254,PUT,-51.57,-22.58,-80.56,0.08,0.25,True,-986.11,-1423.61,-1486.11,-515.68,-98.61,-94.91,-99.07,-51.57,O:QQQ260522C00725000,O:QQQ260522P00709000,True,09:30
QQQ,2026-05-22,Vie,combined,60,11:49,10:30-12:00,246,PUT,-64.47,-48.39,-80.56,0.08,0.17,True,-986.11,-1423.61,-1486.11,-644.71,-98.61,-94.91,-99.07,-64.47,O:QQQ260522C00725000,O:QQQ260522P00709000,True,09:30
QQQ,2026-05-22,Vie,leg,20,09:32,09:30-10:30,383,PUT,40.5,103.23,-22.22,0.29,0.64,True,-986.11,-1468.87,-1486.11,-611.11,-98.61,-97.92,-99.07,-61.11,O:QQQ260522C00725000,O:QQQ260522P00709000,True,09:30
QQQ,2026-05-22,Vie,leg,30,09:36,09:30-10:30,379,PUT,33.11,96.77,-30.56,0.26,0.62,True,-986.11,-1466.88,-1486.11,-652.78,-98.61,-97.79,-99.07,-65.28,O:QQQ260522C00725000,O:QQQ260522P00709000,True,09:30
QQQ,2026-05-22,Vie,leg,40,10:23,09:30-10:30,332,CALL,-15.64,-45.16,13.89,0.18,0.42,True,-986.11,-1486.11,-1474.21,-711.92,-98.61,-99.07,-98.28,-71.19,O:QQQ260522C00725000,O:QQQ260522P00709000,True,09:30
QQQ,2026-05-22,Vie,leg,50,10:33,10:30-12:00,322,PUT,-29.84,-9.68,-50.0,0.19,0.29,True,-986.11,-1459.8,-1486.11,-750.0,-98.61,-97.32,-99.07,-75.0,O:QQQ260522C00725000,O:QQQ260522P00709000,True,09:30
QQQ,2026-05-22,Vie,leg,60,10:40,10:30-12:00,315,PUT,-32.17,-3.23,-61.11,0.15,0.31,True,-986.11,-1452.78,-1486.11,-805.56,-98.61,-96.85,-99.07,-80.56,O:QQQ260522C00725000,O:QQQ260522P00709000,True,09:30
SPY,2026-05-22,Vie,combined,20,10:43,10:30-12:00,312,PUT,-21.43,0.0,-42.86,0.25,0.51,True,-956.19,-1416.19,-1436.58,-214.29,-95.62,-94.41,-95.77,-21.43,O:SPY260522C00749000,O:SPY260522P00741000,True,09:30
SPY,2026-05-22,Vie,combined,30,11:22,10:30-12:00,273,PUT,-30.9,12.0,-73.81,0.12,0.57,True,-956.19,-1372.86,-1438.65,-309.05,-95.62,-91.52,-95.91,-30.9,O:SPY260522C00749000,O:SPY260522P00741000,True,09:30
SPY,2026-05-22,Vie,combined,40,12:06,12:00-13:30,229,PUT,-40.29,-2.0,-78.57,0.1,0.5,True,-956.19,-1356.19,-1436.19,-402.86,-95.62,-90.41,-95.75,-40.29,O:SPY260522C00749000,O:SPY260522P00741000,True,09:30
SPY,2026-05-22,Vie,combined,50,12:19,12:00-13:30,216,PUT,-50.9,-28.0,-73.81,0.12,0.37,True,-956.19,-1372.86,-1429.16,-509.05,-95.62,-91.52,-95.28,-50.9,O:SPY260522C00749000,O:SPY260522P00741000,True,09:30
SPY,2026-05-22,Vie,combined,60,13:19,12:00-13:30,156,PUT,-68.86,-52.0,-85.71,0.07,0.25,True,-956.19,-1313.33,-1416.19,-688.57,-95.62,-87.56,-94.41,-68.86,O:SPY260522C00749000,O:SPY260522P00741000,True,09:30
SPY,2026-05-22,Vie,leg,20,09:36,09:30-10:30,379,PUT,40.29,102.0,-21.43,0.34,1.02,True,-956.19,-1426.78,-1446.39,-587.14,-95.62,-95.12,-96.43,-58.71,O:SPY260522C00749000,O:SPY260522P00741000,True,09:30
SPY,2026-05-22,Vie,leg,30,09:37,09:30-10:30,378,PUT,54.52,140.0,-30.95,0.3,1.21,True,-956.19,-1422.86,-1447.93,-634.76,-95.62,-94.86,-96.53,-63.48,O:SPY260522C00749000,O:SPY260522P00741000,True,09:30
SPY,2026-05-22,Vie,leg,40,09:46,09:30-10:30,369,PUT,51.76,144.0,-40.48,0.26,1.24,True,-956.19,-1417.73,-1448.13,-682.38,-95.62,-94.52,-96.54,-68.24,O:SPY260522C00749000,O:SPY260522P00741000,True,09:30
SPY,2026-05-22,Vie,leg,50,10:42,10:30-12:00,313,PUT,-20.0,10.0,-50.0,0.22,0.56,True,-956.19,-1410.74,-1438.33,-730.0,-95.62,-94.05,-95.89,-73.0,O:SPY260522C00749000,O:SPY260522P00741000,True,09:30
SPY,2026-05-22,Vie,leg,60,10:58,10:30-12:00,297,PUT,-24.95,12.0,-61.9,0.17,0.57,True,-956.19,-1397.37,-1438.65,-789.52,-95.62,-93.16,-95.91,-78.95,O:SPY260522C00749000,O:SPY260522P00741000,True,09:30
IWM,2026-05-22,Vie,combined,20,10:06,09:30-10:30,349,PUT,-22.55,14.89,-60.0,0.15,0.55,True,-975.08,-1441.74,-1465.99,-225.53,-97.51,-96.12,-97.73,-22.55,O:IWM260522C00286000,O:IWM260522P00281000,True,09:30
IWM,2026-05-22,Vie,combined,30,10:13,09:30-10:30,342,PUT,-32.46,-10.64,-54.29,0.17,0.43,True,-975.08,-1445.66,-1463.45,-324.62,-97.51,-96.38,-97.56,-32.46,O:IWM260522C00286000,O:IWM260522P00281000,True,09:30
IWM,2026-05-22,Vie,combined,40,10:23,09:30-10:30,332,CALL,-40.55,-46.81,-34.29,0.26,0.24,True,-975.08,-1455.85,-1454.24,-405.47,-97.51,-97.06,-96.95,-40.55,O:IWM260522C00286000,O:IWM260522P00281000,True,09:30
IWM,2026-05-22,Vie,combined,50,10:50,10:30-12:00,305,PUT,-53.43,-38.3,-68.57,0.12,0.3,True,-975.08,-1433.41,-1458.41,-534.35,-97.51,-95.56,-97.23,-53.43,O:IWM260522C00286000,O:IWM260522P00281000,True,09:30
IWM,2026-05-22,Vie,combined,60,11:07,10:30-12:00,288,PUT,-63.74,-53.19,-74.29,0.1,0.23,True,-975.08,-1425.08,-1453.34,-637.39,-97.51,-95.01,-96.89,-63.74,O:IWM260522C00286000,O:IWM260522P00281000,True,09:30
IWM,2026-05-22,Vie,leg,20,09:32,09:30-10:30,383,PUT,8.05,44.68,-28.57,0.27,0.69,True,-975.08,-1456.56,-1467.83,-632.22,-97.51,-97.1,-97.86,-63.22,O:IWM260522C00286000,O:IWM260522P00281000,True,09:30
IWM,2026-05-22,Vie,leg,30,09:44,09:30-10:30,371,PUT,-16.44,4.26,-37.14,0.23,0.5,True,-975.08,-1453.34,-1465.08,-675.08,-97.51,-96.89,-97.67,-67.51,O:IWM260522C00286000,O:IWM260522P00281000,True,09:30
IWM,2026-05-22,Vie,leg,40,09:45,09:30-10:30,370,PUT,-10.09,25.53,-45.71,0.2,0.6,True,-975.08,-1450.08,-1466.74,-717.93,-97.51,-96.67,-97.78,-71.79,O:IWM260522C00286000,O:IWM260522P00281000,True,09:30
IWM,2026-05-22,Vie,leg,50,09:54,09:30-10:30,361,PUT,-4.1,48.94,-57.14,0.16,0.71,True,-975.08,-1443.83,-1468.03,-775.08,-97.51,-96.26,-97.87,-77.51,O:IWM260522C00286000,O:IWM260522P00281000,True,09:30
IWM,2026-05-22,Vie,leg,60,09:58,09:30-10:30,357,PUT,0.49,63.83,-62.86,0.14,0.78,True,-975.08,-1439.36,-1468.67,-803.65,-97.51,-95.96,-97.91,-80.36,O:IWM260522C00286000,O:IWM260522P00281000,True,09:30
QQQ,2026-05-26,Mar,combined,20,09:40,09:30-10:30,375,PUT,-26.42,-20.59,-32.26,0.22,0.28,True,-970.59,-1470.59,-1434.87,-264.23,-97.06,-98.04,-95.66,-26.42,O:QQQ260526C00732000,O:QQQ260526P00716000,True,09:30
QQQ,2026-05-26,Mar,combined,30,11:17,10:30-12:00,278,PUT,-35.34,-2.94,-67.74,0.11,0.34,True,-970.59,-1470.59,-1441.18,-353.42,-97.06,-98.04,-96.08,-35.34,O:QQQ260526C00732000,O:QQQ260526P00716000,True,09:30
QQQ,2026-05-26,Mar,combined,40,11:30,10:30-12:00,265,PUT,-44.17,-20.59,-67.74,0.11,0.28,True,-970.59,-1470.59,-1434.87,-441.65,-97.06,-98.04,-95.66,-44.17,O:QQQ260526C00732000,O:QQQ260526P00716000,True,09:30
QQQ,2026-05-26,Mar,combined,50,11:38,10:30-12:00,257,PUT,-50.19,-29.41,-70.97,0.1,0.25,True,-970.59,-1470.59,-1430.59,-501.9,-97.06,-98.04,-95.37,-50.19,O:QQQ260526C00732000,O:QQQ260526P00716000,True,09:30
QQQ,2026-05-26,Mar,combined,60,11:49,10:30-12:00,246,PUT,-61.81,-55.88,-67.74,0.11,0.16,True,-970.59,-1470.59,-1408.09,-618.12,-97.06,-98.04,-93.87,-61.81,O:QQQ260526C00732000,O:QQQ260526P00716000,True,09:30
QQQ,2026-05-26,Mar,leg,20,09:33,09:30-10:30,382,CALL,-13.52,-20.59,-6.45,0.28,0.3,True,-970.59,-1434.87,-1470.59,-602.94,-97.06,-95.66,-98.04,-60.29,O:QQQ260526C00732000,O:QQQ260526P00716000,True,09:30
QQQ,2026-05-26,Mar,leg,30,09:40,09:30-10:30,375,PUT,-26.42,-20.59,-32.26,0.22,0.28,True,-970.59,-1470.59,-1434.87,-631.88,-97.06,-98.04,-95.66,-63.19,O:QQQ260526C00732000,O:QQQ260526P00716000,True,09:30
QQQ,2026-05-26,Mar,leg,40,09:41,09:30-10:30,374,PUT,-26.99,-8.82,-45.16,0.18,0.32,True,-970.59,-1470.59,-1439.34,-696.39,-97.06,-98.04,-95.96,-69.64,O:QQQ260526C00732000,O:QQQ260526P00716000,True,09:30
QQQ,2026-05-26,Mar,leg,50,09:45,09:30-10:30,370,PUT,-12.57,26.47,-51.61,0.16,0.44,True,-970.59,-1470.59,-1447.86,-728.65,-97.06,-98.04,-96.52,-72.87,O:QQQ260526C00732000,O:QQQ260526P00716000,True,09:30
QQQ,2026-05-26,Mar,leg,60,10:07,09:30-10:30,348,PUT,-18.88,23.53,-61.29,0.13,0.43,True,-970.59,-1470.59,-1447.33,-777.04,-97.06,-98.04,-96.49,-77.7,O:QQQ260526C00732000,O:QQQ260526P00716000,True,09:30
SPY,2026-05-26,Mar,combined,20,09:54,09:30-10:30,361,PUT,-20.83,-14.58,-27.08,0.36,0.42,True,-968.75,-1440.97,-1456.85,-208.33,-96.88,-96.06,-97.12,-20.83,O:SPY260526C00753000,O:SPY260526P00746000,True,09:30
SPY,2026-05-26,Mar,combined,30,10:54,10:30-12:00,301,PUT,-30.21,4.17,-64.58,0.18,0.51,True,-968.75,-1413.19,-1458.95,-302.08,-96.88,-94.21,-97.26,-30.21,O:SPY260526C00753000,O:SPY260526P00746000,True,09:30
SPY,2026-05-26,Mar,combined,40,11:01,10:30-12:00,294,PUT,-43.75,-27.08,-60.42,0.2,0.36,True,-968.75,-1418.75,-1454.86,-437.5,-96.88,-94.58,-96.99,-43.75,O:SPY260526C00753000,O:SPY260526P00746000,True,09:30
SPY,2026-05-26,Mar,combined,50,11:14,10:30-12:00,281,PUT,-50.0,-39.58,-60.42,0.2,0.3,True,-968.75,-1418.75,-1452.08,-500.0,-96.88,-94.58,-96.81,-50.0,O:SPY260526C00753000,O:SPY260526P00746000,True,09:30
SPY,2026-05-26,Mar,combined,60,12:18,12:00-13:30,217,CALL,-61.46,-72.92,-50.0,0.14,0.25,True,-968.75,-1433.04,-1428.75,-614.58,-96.88,-95.54,-95.25,-61.46,O:SPY260526C00753000,O:SPY260526P00746000,True,09:30
SPY,2026-05-26,Mar,leg,20,09:35,09:30-10:30,380,CALL,-3.12,-25.0,18.75,0.37,0.58,True,-968.75,-1455.24,-1451.51,-604.17,-96.88,-97.02,-96.77,-60.42,O:SPY260526C00753000,O:SPY260526P00746000,True,09:30
SPY,2026-05-26,Mar,leg,30,09:41,09:30-10:30,374,PUT,-19.79,-2.08,-37.5,0.31,0.48,True,-968.75,-1436.49,-1458.33,-677.08,-96.88,-95.77,-97.22,-67.71,O:SPY260526C00753000,O:SPY260526P00746000,True,09:30
SPY,2026-05-26,Mar,leg,40,09:44,09:30-10:30,371,PUT,-19.79,4.17,-43.75,0.28,0.51,True,-968.75,-1433.04,-1458.95,-708.33,-96.88,-95.54,-97.26,-70.83,O:SPY260526C00753000,O:SPY260526P00746000,True,09:30
SPY,2026-05-26,Mar,leg,50,09:46,09:30-10:30,369,PUT,-12.5,25.0,-50.0,0.25,0.61,True,-968.75,-1428.75,-1460.55,-739.58,-96.88,-95.25,-97.37,-73.96,O:SPY260526C00753000,O:SPY260526P00746000,True,09:30
SPY,2026-05-26,Mar,leg,60,10:07,09:30-10:30,348,PUT,-26.04,8.33,-60.42,0.2,0.53,True,-968.75,-1418.75,-1459.32,-791.67,-96.88,-94.58,-97.29,-79.17,O:SPY260526C00753000,O:SPY260526P00746000,True,09:30
IWM,2026-05-26,Mar,combined,20,11:36,10:30-12:00,259,PUT,-26.34,2.04,-54.72,0.25,0.51,True,346.94,-153.06,1141.06,-263.38,34.69,-10.2,76.07,-26.34,O:IWM260526C00289000,O:IWM260526P00287000,True,09:30
IWM,2026-05-26,Mar,combined,30,11:54,10:30-12:00,241,PUT,-31.67,-14.29,-49.06,0.29,0.43,True,346.94,-153.06,1381.82,-316.71,34.69,-10.2,92.12,-31.67,O:IWM260526C00289000,O:IWM260526P00287000,True,09:30
IWM,2026-05-26,Mar,leg,20,09:40,09:30-10:30,375,PUT,59.09,140.82,-22.64,0.42,1.2,True,346.94,-153.06,396.94,733.73,34.69,-10.2,26.46,73.37,O:IWM260526C00289000,O:IWM260526P00287000,True,09:30
IWM,2026-05-26,Mar,leg,30,09:41,09:30-10:30,374,PUT,57.51,148.98,-33.96,0.36,1.25,True,346.94,-153.06,374.94,677.13,34.69,-10.2,25.0,67.71,O:IWM260526C00289000,O:IWM260526P00287000,True,09:30
IWM,2026-05-26,Mar,leg,40,09:44,09:30-10:30,371,PUT,40.47,122.45,-41.51,0.32,1.12,True,346.94,-153.06,436.22,639.39,34.69,-10.2,29.08,63.94,O:IWM260526C00289000,O:IWM260526P00287000,True,09:30
IWM,2026-05-26,Mar,leg,50,09:48,09:30-10:30,367,PUT,65.34,181.63,-50.94,0.27,1.4,True,346.94,-153.06,318.37,592.22,34.69,-10.2,21.22,59.22,O:IWM260526C00289000,O:IWM260526P00287000,True,09:30
IWM,2026-05-26,Mar,leg,60,10:01,09:30-10:30,354,PUT,73.97,210.2,-62.26,0.21,1.56,True,346.94,-153.06,270.02,535.62,34.69,-10.2,18.0,53.56,O:IWM260526C00289000,O:IWM260526P00287000,True,09:30
QQQ,2026-05-27,Mié,combined,20,10:01,09:30-10:30,354,CALL,-21.7,-36.73,-6.67,0.32,0.43,True,-988.89,-1488.89,-1477.26,-217.01,-98.89,-99.26,-98.48,-21.7,O:QQQ260527C00737000,O:QQQ260527P00723000,True,09:30
QQQ,2026-05-27,Mié,combined,30,10:16,09:30-10:30,339,CALL,-36.17,-61.22,-11.11,0.2,0.41,True,-988.89,-1488.89,-1476.69,-361.68,-98.89,-99.26,-98.45,-36.17,O:QQQ260527C00737000,O:QQQ260527P00723000,True,09:30
QQQ,2026-05-27,Mié,combined,40,10:40,10:30-12:00,315,CALL,-46.37,-81.63,-11.11,0.1,0.41,True,-988.89,-1488.89,-1476.69,-463.72,-98.89,-99.26,-98.45,-46.37,O:QQQ260527C00737000,O:QQQ260527P00723000,True,09:30
QQQ,2026-05-27,Mié,combined,50,11:30,10:30-12:00,265,CALL,-51.47,-91.84,-11.11,0.05,0.41,True,-988.89,-1488.89,-1476.69,-514.74,-98.89,-99.26,-98.45,-51.47,O:QQQ260527C00737000,O:QQQ260527P00723000,True,09:30
QQQ,2026-05-27,Mié,combined,60,12:09,12:00-13:30,226,CALL,-60.36,-91.84,-28.89,0.05,0.33,True,-988.89,-1488.89,-1473.74,-603.63,-98.89,-99.26,-98.25,-60.36,O:QQQ260527C00737000,O:QQQ260527P00723000,True,09:30
QQQ,2026-05-27,Mié,leg,20,09:39,09:30-10:30,376,CALL,3.13,-20.41,26.67,0.4,0.58,True,-988.89,-1488.89,-1480.27,-590.93,-98.89,-99.26,-98.68,-59.09,O:QQQ260527C00737000,O:QQQ260527P00723000,True,09:30
QQQ,2026-05-27,Mié,leg,30,09:41,09:30-10:30,374,CALL,19.14,-30.61,68.89,0.35,0.77,True,-988.89,-1488.89,-1482.4,-641.95,-98.89,-99.26,-98.83,-64.2,O:QQQ260527C00737000,O:QQQ260527P00723000,True,09:30
QQQ,2026-05-27,Mié,leg,40,09:43,09:30-10:30,372,CALL,30.98,-46.94,108.89,0.27,0.95,True,-988.89,-1488.89,-1483.63,-723.58,-98.89,-99.26,-98.91,-72.36,O:QQQ260527C00737000,O:QQQ260527P00723000,True,09:30
QQQ,2026-05-27,Mié,leg,50,09:46,09:30-10:30,369,CALL,44.76,-57.14,146.67,0.22,1.12,True,-988.89,-1488.89,-1484.42,-774.6,-98.89,-99.26,-98.96,-77.46,O:QQQ260527C00737000,O:QQQ260527P00723000,True,09:30
QQQ,2026-05-27,Mié,leg,60,10:08,09:30-10:30,347,CALL,-11.54,-65.31,42.22,0.18,0.65,True,-988.89,-1488.89,-1481.2,-815.42,-98.89,-99.26,-98.75,-81.54,O:QQQ260527C00737000,O:QQQ260527P00723000,True,09:30
SPY,2026-05-27,Mié,combined,20,10:01,09:30-10:30,354,CALL,-27.71,-34.0,-21.43,0.34,0.23,True,-954.29,-1439.58,-1410.81,-277.14,-95.43,-95.97,-94.05,-27.71,O:SPY260527C00754000,O:SPY260527P00746000,True,09:30
SPY,2026-05-27,Mié,combined,30,10:02,09:30-10:30,353,CALL,-31.29,-34.0,-28.57,0.34,0.21,True,-954.29,-1439.58,-1406.67,-312.86,-95.43,-95.97,-93.78,-31.29,O:SPY260527C00754000,O:SPY260527P00746000,True,09:30
SPY,2026-05-27,Mié,combined,40,10:37,10:30-12:00,318,CALL,-41.71,-62.0,-21.43,0.2,0.23,True,-954.29,-1429.29,-1410.81,-417.14,-95.43,-95.29,-94.05,-41.71,O:SPY260527C00754000,O:SPY260527P00746000,True,09:30
SPY,2026-05-27,Mié,combined,50,11:09,10:30-12:00,286,CALL,-52.5,-80.0,-25.0,0.11,0.22,True,-954.29,-1408.83,-1408.83,-525.0,-95.43,-93.92,-93.92,-52.5,O:SPY260527C00754000,O:SPY260527P00746000,True,09:30
SPY,2026-05-27,Mié,combined,60,11:32,10:30-12:00,263,CALL,-61.43,-80.0,-42.86,0.11,0.17,True,-954.29,-1408.83,-1395.46,-614.29,-95.43,-93.92,-93.03,-61.43,O:SPY260527C00754000,O:SPY260527P00746000,True,09:30
SPY,2026-05-27,Mié,leg,20,09:32,09:30-10:30,383,CALL,-7.43,-22.0,7.14,0.4,0.31,True,-954.29,-1441.79,-1422.03,-574.29,-95.43,-96.12,-94.8,-57.43,O:SPY260527C00754000,O:SPY260527P00746000,True,09:30
SPY,2026-05-27,Mié,leg,30,09:33,09:30-10:30,382,CALL,-15.0,-30.0,0.0,0.36,0.29,True,-954.29,-1440.4,-1419.8,-614.29,-95.43,-96.03,-94.65,-61.43,O:SPY260527C00754000,O:SPY260527P00746000,True,09:30
SPY,2026-05-27,Mié,leg,40,09:41,09:30-10:30,374,CALL,-1.36,-42.0,39.29,0.3,0.4,True,-954.29,-1437.62,-1429.29,-674.29,-95.43,-95.84,-95.29,-67.43,O:SPY260527C00754000,O:SPY260527P00746000,True,09:30
SPY,2026-05-27,Mié,leg,50,09:43,09:30-10:30,372,CALL,8.93,-50.0,67.86,0.26,0.48,True,-954.29,-1435.05,-1433.45,-714.29,-95.43,-95.67,-95.56,-71.43,O:SPY260527C00754000,O:SPY260527P00746000,True,09:30
SPY,2026-05-27,Mié,leg,60,10:24,09:30-10:30,331,CALL,-28.43,-64.0,7.14,0.19,0.31,True,-954.29,-1427.97,-1422.03,-784.29,-95.43,-95.2,-94.8,-78.43,O:SPY260527C00754000,O:SPY260527P00746000,True,09:30
IWM,2026-05-27,Mié,combined,20,09:52,09:30-10:30,363,CALL,-21.21,-46.77,4.35,0.34,0.49,True,-989.13,-1489.13,-1478.93,-212.13,-98.91,-99.28,-98.6,-21.21,O:IWM260527C00292000,O:IWM260527P00289000,True,09:31
IWM,2026-05-27,Mié,combined,30,10:15,09:30-10:30,340,PUT,-30.08,-14.52,-45.65,0.26,0.54,True,-989.13,-1469.9,-1489.13,-300.84,-98.91,-97.99,-99.28,-30.08,O:IWM260527C00292000,O:IWM260527P00289000,True,09:31
IWM,2026-05-27,Mié,combined,40,10:29,09:30-10:30,326,CALL,-41.55,-54.84,-28.26,0.29,0.34,True,-989.13,-1489.13,-1474.42,-415.5,-98.91,-99.28,-98.29,-41.55,O:IWM260527C00292000,O:IWM260527P00289000,True,09:31
IWM,2026-05-27,Mié,combined,50,10:46,10:30-12:00,309,CALL,-50.77,-58.06,-43.48,0.27,0.27,True,-989.13,-1489.13,-1470.61,-507.71,-98.91,-99.28,-98.04,-50.77,O:IWM260527C00292000,O:IWM260527P00289000,True,09:31
IWM,2026-05-27,Mié,combined,60,11:32,10:30-12:00,263,PUT,-61.4,-53.23,-69.57,0.15,0.3,True,-989.13,-1455.8,-1489.13,-613.96,-98.91,-97.05,-99.28,-61.4,O:IWM260527C00292000,O:IWM260527P00289000,True,09:31
IWM,2026-05-27,Mié,leg,20,09:35,09:30-10:30,380,CALL,-3.12,-25.81,19.57,0.48,0.56,True,-989.13,-1489.13,-1480.2,-618.16,-98.91,-99.28,-98.68,-61.82,O:IWM260527C00292000,O:IWM260527P00289000,True,09:31
IWM,2026-05-27,Mié,leg,30,09:36,09:30-10:30,379,CALL,-0.07,-37.1,36.96,0.4,0.65,True,-989.13,-1489.13,-1481.44,-674.61,-98.91,-99.28,-98.76,-67.46,O:IWM260527C00292000,O:IWM260527P00289000,True,09:31
IWM,2026-05-27,Mié,leg,40,09:37,09:30-10:30,378,CALL,3.23,-43.55,50.0,0.36,0.7,True,-989.13,-1489.13,-1481.99,-706.87,-98.91,-99.28,-98.8,-70.69,O:IWM260527C00292000,O:IWM260527P00289000,True,09:31
IWM,2026-05-27,Mié,leg,50,09:41,09:30-10:30,374,CALL,1.37,-51.61,54.35,0.31,0.73,True,-989.13,-1489.13,-1482.28,-747.19,-98.91,-99.28,-98.82,-74.72,O:IWM260527C00292000,O:IWM260527P00289000,True,09:31
IWM,2026-05-27,Mié,leg,60,09:47,09:30-10:30,368,CALL,13.67,-66.13,93.48,0.22,0.91,True,-989.13,-1489.13,-1483.64,-819.78,-98.91,-99.28,-98.91,-81.98,O:IWM260527C00292000,O:IWM260527P00289000,True,09:31
QQQ,2026-05-28,Jue,combined,20,09:30,09:30-10:30,385,PUT,-31.44,-23.4,-39.47,0.24,0.37,True,-968.09,-1468.09,-1427.54,-314.39,-96.81,-97.87,-95.17,-31.44,O:QQQ260528C00737000,O:QQQ260528P00719000,True,09:30
QQQ,2026-05-28,Jue,combined,30,09:30,09:30-10:30,385,PUT,-31.44,-23.4,-39.47,0.24,0.37,True,-968.09,-1468.09,-1427.54,-314.39,-96.81,-97.87,-95.17,-31.44,O:QQQ260528C00737000,O:QQQ260528P00719000,True,09:30
QQQ,2026-05-28,Jue,combined,40,09:34,09:30-10:30,381,CALL,-45.07,-63.83,-26.32,0.18,0.29,True,-968.09,-1384.75,-1468.09,-450.73,-96.81,-92.32,-97.87,-45.07,O:QQQ260528C00737000,O:QQQ260528P00719000,True,09:30
QQQ,2026-05-28,Jue,combined,50,09:42,09:30-10:30,373,CALL,-50.64,-72.34,-28.95,0.14,0.28,True,-968.09,-1360.94,-1468.09,-506.44,-96.81,-90.73,-97.87,-50.64,O:QQQ260528C00737000,O:QQQ260528P00719000,True,09:30
QQQ,2026-05-28,Jue,combined,60,09:52,09:30-10:30,363,CALL,-61.98,-76.6,-47.37,0.12,0.21,True,-968.09,-1343.09,-1468.09,-619.82,-96.81,-89.54,-97.87,-61.98,O:QQQ260528C00737000,O:QQQ260528P00719000,True,09:30
QQQ,2026-05-28,Jue,leg,20,09:30,09:30-10:30,385,PUT,-31.44,-23.4,-39.47,0.24,0.37,True,-968.09,-1468.09,-1427.54,-665.45,-96.81,-97.87,-95.17,-66.55,O:QQQ260528C00737000,O:QQQ260528P00719000,True,09:30
QQQ,2026-05-28,Jue,leg,30,09:30,09:30-10:30,385,PUT,-31.44,-23.4,-39.47,0.24,0.37,True,-968.09,-1468.09,-1427.54,-665.45,-96.81,-97.87,-95.17,-66.55,O:QQQ260528C00737000,O:QQQ260528P00719000,True,09:30
QQQ,2026-05-28,Jue,leg,40,09:31,09:30-10:30,384,PUT,-38.07,-34.04,-42.11,0.23,0.32,True,-968.09,-1468.09,-1421.21,-678.61,-96.81,-97.87,-94.75,-67.86,O:QQQ260528C00737000,O:QQQ260528P00719000,True,09:30
QQQ,2026-05-28,Jue,leg,50,09:33,09:30-10:30,382,CALL,-39.0,-59.57,-18.42,0.2,0.32,True,-968.09,-1393.09,-1468.09,-797.87,-96.81,-92.87,-97.87,-79.79,O:QQQ260528C00737000,O:QQQ260528P00719000,True,09:30
QQQ,2026-05-28,Jue,leg,60,09:34,09:30-10:30,381,CALL,-45.07,-63.83,-26.32,0.18,0.29,True,-968.09,-1384.75,-1468.09,-819.15,-96.81,-92.32,-97.87,-81.91,O:QQQ260528C00737000,O:QQQ260528P00719000,True,09:30
SPY,2026-05-28,Jue,combined,20,09:34,09:30-10:30,381,CALL,-22.75,-34.15,-11.36,0.28,0.4,True,1035.75,3500.04,548.25,-227.55,103.58,233.34,36.55,-22.75,O:SPY260528C00753000,O:SPY260528P00746000,True,09:30
SPY,2026-05-28,Jue,combined,30,09:42,09:30-10:30,373,CALL,-31.04,-43.9,-18.18,0.24,0.37,True,1035.75,3994.09,549.27,-310.42,103.58,266.27,36.62,-31.04,O:SPY260528C00753000,O:SPY260528P00746000,True,09:30
SPY,2026-05-28,Jue,combined,40,10:02,09:30-10:30,353,PUT,-40.94,-34.15,-47.73,0.24,0.28,True,1035.75,556.59,3500.04,-409.37,103.58,37.11,233.34,-40.94,O:SPY260528C00753000,O:SPY260528P00746000,True,09:30
SPY,2026-05-28,Jue,leg,20,09:32,09:30-10:30,383,CALL,-19.01,-24.39,-13.64,0.32,0.39,True,1035.75,3129.5,548.57,-610.59,103.58,208.63,36.57,-61.06,O:SPY260528C00753000,O:SPY260528P00746000,True,09:30
SPY,2026-05-28,Jue,leg,30,09:33,09:30-10:30,382,CALL,-19.43,-36.59,-2.27,0.27,0.44,True,1035.75,3609.83,547.12,-671.56,103.58,240.66,36.47,-67.16,O:SPY260528C00753000,O:SPY260528P00746000,True,09:30
SPY,2026-05-28,Jue,leg,40,09:35,09:30-10:30,380,CALL,-24.14,-41.46,-6.82,0.25,0.42,True,1035.75,3855.75,547.66,-695.95,103.58,257.05,36.51,-69.6,O:SPY260528C00753000,O:SPY260528P00746000,True,09:30
SPY,2026-05-28,Jue,leg,50,10:00,09:30-10:30,355,PUT,-35.98,-21.95,-50.0,0.23,0.33,True,1035.75,557.49,3050.91,1274.39,103.58,37.17,203.39,127.44,O:SPY260528C00753000,O:SPY260528P00746000,True,09:30
SPY,2026-05-28,Jue,leg,60,10:12,09:30-10:30,343,PUT,36.89,148.78,-75.0,0.12,1.04,True,1035.75,577.42,1333.83,1149.39,103.58,38.49,88.92,114.94,O:SPY260528C00753000,O:SPY260528P00746000,True,09:30
IWM,2026-05-28,Jue,combined,20,09:43,09:30-10:30,372,CALL,-22.67,-47.62,2.27,0.34,0.46,True,634.92,3164.33,134.92,-226.73,63.49,210.96,8.99,-22.67,O:IWM260528C00290000,O:IWM260528P00287000,True,09:31
IWM,2026-05-28,Jue,combined,30,09:57,09:30-10:30,358,CALL,-30.39,-53.97,-6.82,0.3,0.42,True,634.92,3568.25,134.92,-303.93,63.49,237.88,8.99,-30.39,O:IWM260528C00290000,O:IWM260528P00287000,True,09:31
IWM,2026-05-28,Jue,combined,40,10:07,09:30-10:30,348,CALL,-40.73,-58.73,-22.73,0.27,0.35,True,634.92,3949.74,134.92,-407.29,63.49,263.32,8.99,-40.73,O:IWM260528C00290000,O:IWM260528P00287000,True,09:31
IWM,2026-05-28,Jue,leg,20,09:32,09:30-10:30,383,PUT,-7.85,4.76,-20.45,0.36,0.68,True,634.92,134.92,1649.63,1032.65,63.49,8.99,109.98,103.26,O:IWM260528C00290000,O:IWM260528P00287000,True,09:31
IWM,2026-05-28,Jue,leg,30,09:38,09:30-10:30,377,CALL,-12.46,-31.75,6.82,0.44,0.48,True,634.92,2475.83,134.92,-658.73,63.49,165.06,8.99,-65.87,O:IWM260528C00290000,O:IWM260528P00287000,True,09:31
IWM,2026-05-28,Jue,leg,40,09:41,09:30-10:30,374,CALL,-16.88,-42.86,9.09,0.38,0.49,True,634.92,2845.45,134.92,-714.29,63.49,189.7,8.99,-71.43,O:IWM260528C00290000,O:IWM260528P00287000,True,09:31
IWM,2026-05-28,Jue,leg,50,09:54,09:30-10:30,361,CALL,-27.44,-57.14,2.27,0.28,0.46,True,634.92,3813.49,134.92,-785.71,63.49,254.23,8.99,-78.57,O:IWM260528C00290000,O:IWM260528P00287000,True,09:31
IWM,2026-05-28,Jue,leg,60,10:04,09:30-10:30,351,CALL,-32.43,-60.32,-4.55,0.26,0.44,True,634.92,4096.46,134.92,-801.59,63.49,273.1,8.99,-80.16,O:IWM260528C00290000,O:IWM260528P00287000,True,09:31
QQQ,2026-05-29,Vie,combined,20,10:16,09:30-10:30,339,PUT,-21.63,-15.0,-28.26,0.34,0.52,True,-1000.0,-1500.0,-1500.0,-216.3,-100.0,-100.0,-100.0,-21.63,O:QQQ260529C00743000,O:QQQ260529P00731000,True,09:30
QQQ,2026-05-29,Vie,combined,30,10:30,10:30-12:00,325,PUT,-30.14,-23.33,-36.96,0.3,0.47,True,-1000.0,-1500.0,-1500.0,-301.45,-100.0,-100.0,-100.0,-30.14,O:QQQ260529C00743000,O:QQQ260529P00731000,True,09:30
QQQ,2026-05-29,Vie,combined,40,10:55,10:30-12:00,300,CALL,-41.56,-48.33,-34.78,0.32,0.31,True,-1000.0,-1500.0,-1500.0,-415.58,-100.0,-100.0,-100.0,-41.56,O:QQQ260529C00743000,O:QQQ260529P00731000,True,09:30
QQQ,2026-05-29,Vie,combined,50,11:11,10:30-12:00,284,PUT,-51.59,-46.67,-56.52,0.21,0.33,True,-1000.0,-1500.0,-1500.0,-515.94,-100.0,-100.0,-100.0,-51.59,O:QQQ260529C00743000,O:QQQ260529P00731000,True,09:30
QQQ,2026-05-29,Vie,combined,60,11:26,10:30-12:00,269,CALL,-61.59,-66.67,-56.52,0.21,0.22,True,-1000.0,-1500.0,-1500.0,-615.94,-100.0,-100.0,-100.0,-61.59,O:QQQ260529C00743000,O:QQQ260529P00731000,True,09:30
QQQ,2026-05-29,Vie,leg,20,09:35,09:30-10:30,380,PUT,-2.54,16.67,-21.74,0.37,0.71,True,-1000.0,-1500.0,-1500.0,-608.7,-100.0,-100.0,-100.0,-60.87,O:QQQ260529C00743000,O:QQQ260529P00731000,True,09:30
QQQ,2026-05-29,Vie,leg,30,09:44,09:30-10:30,371,PUT,3.7,40.0,-32.61,0.32,0.85,True,-1000.0,-1500.0,-1500.0,-663.04,-100.0,-100.0,-100.0,-66.3,O:QQQ260529C00743000,O:QQQ260529P00731000,True,09:30
QQQ,2026-05-29,Vie,leg,40,09:48,09:30-10:30,367,PUT,9.35,60.0,-41.3,0.28,0.97,True,-1000.0,-1500.0,-1500.0,-706.52,-100.0,-100.0,-100.0,-70.65,O:QQQ260529C00743000,O:QQQ260529P00731000,True,09:30
QQQ,2026-05-29,Vie,leg,50,10:26,09:30-10:30,329,CALL,-19.57,-50.0,10.87,0.31,0.52,True,-1000.0,-1500.0,-1500.0,-750.0,-100.0,-100.0,-100.0,-75.0,O:QQQ260529C00743000,O:QQQ260529P00731000,True,09:30
QQQ,2026-05-29,Vie,leg,60,10:42,10:30-12:00,313,CALL,-23.3,-68.33,21.74,0.2,0.57,True,-1000.0,-1500.0,-1500.0,-841.67,-100.0,-100.0,-100.0,-84.17,O:QQQ260529C00743000,O:QQQ260529P00731000,True,09:30
SPY,2026-05-29,Vie,combined,20,09:30,09:30-10:30,385,CALL,-24.37,-45.16,-3.57,0.18,0.28,True,-966.01,-1438.24,-1448.16,-243.66,-96.6,-95.88,-96.54,-24.37,O:SPY260529C00760000,O:SPY260529P00751000,True,09:30
SPY,2026-05-29,Vie,combined,30,10:15,09:30-10:30,340,PUT,-30.93,-22.58,-39.29,0.18,0.25,True,-966.01,-1438.24,-1446.01,-309.33,-96.6,-95.88,-96.4,-30.93,O:SPY260529C00760000,O:SPY260529P00751000,True,09:30
SPY,2026-05-29,Vie,combined,40,10:28,09:30-10:30,327,PUT,-40.78,-38.71,-42.86,0.17,0.2,True,-966.01,-1436.6,-1441.01,-407.83,-96.6,-95.77,-96.07,-40.78,O:SPY260529C00760000,O:SPY260529P00751000,True,09:30
SPY,2026-05-29,Vie,combined,50,11:16,10:30-12:00,279,PUT,-50.06,-32.26,-67.86,0.1,0.22,True,-966.01,-1416.01,-1443.29,-500.58,-96.6,-94.4,-96.22,-50.06,O:SPY260529C00760000,O:SPY260529P00751000,True,09:30
SPY,2026-05-29,Vie,combined,60,11:43,10:30-12:00,252,PUT,-61.18,-58.06,-64.29,0.11,0.14,True,-966.01,-1420.56,-1430.3,-611.75,-96.6,-94.7,-95.35,-61.18,O:SPY260529C00760000,O:SPY260529P00751000,True,09:30
SPY,2026-05-29,Vie,leg,20,09:30,09:30-10:30,385,CALL,-24.37,-45.16,-3.57,0.18,0.28,True,-966.01,-1438.24,-1448.16,-707.95,-96.6,-95.88,-96.54,-70.79,O:SPY260529C00760000,O:SPY260529P00751000,True,09:30
SPY,2026-05-29,Vie,leg,30,09:30,09:30-10:30,385,CALL,-24.37,-45.16,-3.57,0.18,0.28,True,-966.01,-1438.24,-1448.16,-707.95,-96.6,-95.88,-96.54,-70.79,O:SPY260529C00760000,O:SPY260529P00751000,True,09:30
SPY,2026-05-29,Vie,leg,40,09:30,09:30-10:30,385,CALL,-24.37,-45.16,-3.57,0.18,0.28,True,-966.01,-1438.24,-1448.16,-707.95,-96.6,-95.88,-96.54,-70.79,O:SPY260529C00760000,O:SPY260529P00751000,True,09:30
SPY,2026-05-29,Vie,leg,50,10:26,09:30-10:30,329,CALL,-34.74,-51.61,-17.86,0.16,0.24,True,-966.01,-1434.76,-1445.18,-740.21,-96.6,-95.65,-96.35,-74.02,O:SPY260529C00760000,O:SPY260529P00751000,True,09:30
SPY,2026-05-29,Vie,leg,60,10:42,10:30-12:00,313,CALL,-28.51,-67.74,10.71,0.11,0.32,True,-966.01,-1420.56,-1450.39,-820.85,-96.6,-94.7,-96.69,-82.09,O:SPY260529C00760000,O:SPY260529P00751000,True,09:30
IWM,2026-05-29,Vie,combined,20,09:45,09:30-10:30,370,PUT,-22.94,-9.52,-36.36,0.36,0.4,True,-979.0,-1465.12,-1466.5,-229.44,-97.9,-97.67,-97.77,-22.94,O:IWM260529C00292000,O:IWM260529P00289000,True,09:31
IWM,2026-05-29,Vie,combined,30,10:00,09:30-10:30,355,PUT,-32.47,-28.57,-36.36,0.36,0.31,True,-979.0,-1465.12,-1462.88,-324.68,-97.9,-97.67,-97.53,-32.47,O:IWM260529C00292000,O:IWM260529P00289000,True,09:31
IWM,2026-05-29,Vie,combined,40,10:53,10:30-12:00,302,CALL,-42.36,-73.81,-10.91,0.12,0.51,True,-979.0,-1437.34,-1469.2,-423.59,-97.9,-95.82,-97.95,-42.36,O:IWM260529C00292000,O:IWM260529P00289000,True,09:31
IWM,2026-05-29,Vie,combined,50,11:10,10:30-12:00,285,CALL,-51.73,-76.19,-27.27,0.12,0.41,True,-979.0,-1437.34,-1466.81,-517.32,-97.9,-95.82,-97.79,-51.73,O:IWM260529C00292000,O:IWM260529P00289000,True,09:31
IWM,2026-05-29,Vie,combined,60,11:33,10:30-12:00,262,CALL,-60.82,-76.19,-45.45,0.12,0.31,True,-979.0,-1437.34,-1462.88,-608.23,-97.9,-95.82,-97.53,-60.82,O:IWM260529C00292000,O:IWM260529P00289000,True,09:31
IWM,2026-05-29,Vie,leg,20,09:32,09:30-10:30,383,PUT,1.21,33.33,-30.91,0.39,0.57,True,-979.0,-1466.18,-1470.23,-642.64,-97.9,-97.75,-98.02,-64.26,O:IWM260529C00292000,O:IWM260529P00289000,True,09:31
IWM,2026-05-29,Vie,leg,30,09:32,09:30-10:30,383,PUT,1.21,33.33,-30.91,0.39,0.57,True,-979.0,-1466.18,-1470.23,-642.64,-97.9,-97.75,-98.02,-64.26,O:IWM260529C00292000,O:IWM260529P00289000,True,09:31
IWM,2026-05-29,Vie,leg,40,09:47,09:30-10:30,368,PUT,-20.0,0.0,-40.0,0.34,0.43,True,-979.0,-1464.3,-1467.38,-688.1,-97.9,-97.62,-97.83,-68.81,O:IWM260529C00292000,O:IWM260529P00289000,True,09:31
IWM,2026-05-29,Vie,leg,50,10:08,09:30-10:30,347,CALL,-31.36,-50.0,-12.73,0.22,0.49,True,-979.0,-1456.28,-1468.8,-740.91,-97.9,-97.09,-97.92,-74.09,O:IWM260529C00292000,O:IWM260529P00289000,True,09:31
IWM,2026-05-29,Vie,leg,60,10:13,09:30-10:30,342,CALL,-33.96,-64.29,-3.64,0.16,0.54,True,-979.0,-1447.75,-1469.75,-812.34,-97.9,-96.52,-97.98,-81.23,O:IWM260529C00292000,O:IWM260529P00289000,True,09:31
QQQ,2026-06-01,Lun,combined,20,09:54,09:30-10:30,361,PUT,-26.89,-4.76,-49.02,0.27,0.41,True,-821.43,-1321.43,-1138.5,-268.91,-82.14,-88.1,-75.9,-26.89,O:QQQ260601C00743000,O:QQQ260601P00728000,True,09:31
QQQ,2026-06-01,Lun,combined,30,09:55,09:30-10:30,360,PUT,-34.45,-23.81,-45.1,0.29,0.33,True,-821.43,-1321.43,-1094.16,-344.54,-82.14,-88.1,-72.94,-34.45,O:QQQ260601C00743000,O:QQQ260601P00728000,True,09:31
QQQ,2026-06-01,Lun,combined,40,09:59,09:30-10:30,356,CALL,-45.8,-52.38,-39.22,0.21,0.36,True,-821.43,-964.29,-1321.43,-457.98,-82.14,-64.29,-88.1,-45.8,O:QQQ260601C00743000,O:QQQ260601P00728000,True,09:31
QQQ,2026-06-01,Lun,combined,50,10:47,10:30-12:00,308,PUT,-50.56,-28.57,-72.55,0.15,0.31,True,-821.43,-1321.43,-1079.49,-505.6,-82.14,-88.1,-71.97,-50.56,O:QQQ260601C00743000,O:QQQ260601P00728000,True,09:31
QQQ,2026-06-01,Lun,combined,60,12:17,12:00-13:30,218,PUT,-60.99,-35.71,-86.27,0.08,0.28,True,-821.43,-1321.43,-1053.57,-609.94,-82.14,-88.1,-70.24,-60.99,O:QQQ260601C00743000,O:QQQ260601P00728000,True,09:31
QQQ,2026-06-01,Lun,leg,20,09:32,09:30-10:30,383,PUT,17.86,69.05,-33.33,0.35,0.73,True,-821.43,-1321.43,-1218.69,-488.1,-82.14,-88.1,-81.25,-48.81,O:QQQ260601C00743000,O:QQQ260601P00728000,True,09:31
QQQ,2026-06-01,Lun,leg,30,09:32,09:30-10:30,383,PUT,17.86,69.05,-33.33,0.35,0.73,True,-821.43,-1321.43,-1218.69,-488.1,-82.14,-88.1,-81.25,-48.81,O:QQQ260601C00743000,O:QQQ260601P00728000,True,09:31
QQQ,2026-06-01,Lun,leg,40,09:35,09:30-10:30,380,PUT,19.96,92.86,-52.94,0.25,0.82,True,-821.43,-1321.43,-1229.97,-586.13,-82.14,-88.1,-82.0,-58.61,O:QQQ260601C00743000,O:QQQ260601P00728000,True,09:31
QQQ,2026-06-01,Lun,leg,50,09:35,09:30-10:30,380,PUT,19.96,92.86,-52.94,0.25,0.82,True,-821.43,-1321.43,-1229.97,-586.13,-82.14,-88.1,-82.0,-58.61,O:QQQ260601C00743000,O:QQQ260601P00728000,True,09:31
QQQ,2026-06-01,Lun,leg,60,09:47,09:30-10:30,368,PUT,13.66,88.1,-60.78,0.21,0.8,True,-821.43,-1321.43,-1227.68,-625.35,-82.14,-88.1,-81.85,-62.54,O:QQQ260601C00743000,O:QQQ260601P00728000,True,09:31
SPY,2026-06-01,Lun,combined,20,09:39,09:30-10:30,376,PUT,-20.39,18.75,-59.52,0.18,0.39,True,-925.6,-1397.82,-1374.31,-203.87,-92.56,-93.19,-91.62,-20.39,O:SPY260601C00759000,O:SPY260601P00749000,True,09:30
SPY,2026-06-01,Lun,combined,30,09:55,09:30-10:30,360,PUT,-33.26,-9.38,-57.14,0.19,0.3,True,-925.6,-1399.28,-1358.93,-332.59,-92.56,-93.29,-90.6,-33.26,O:SPY260601C00759000,O:SPY260601P00749000,True,09:30
SPY,2026-06-01,Lun,combined,40,10:00,09:30-10:30,355,PUT,-44.2,-31.25,-57.14,0.19,0.23,True,-925.6,-1399.28,-1338.64,-441.96,-92.56,-93.29,-89.24,-44.2,O:SPY260601C00759000,O:SPY260601P00749000,True,09:30
SPY,2026-06-01,Lun,combined,50,10:25,09:30-10:30,330,PUT,-50.97,-28.12,-73.81,0.12,0.24,True,-925.6,-1383.93,-1342.26,-509.67,-92.56,-92.26,-89.48,-50.97,O:SPY260601C00759000,O:SPY260601P00749000,True,09:30
SPY,2026-06-01,Lun,combined,60,10:36,10:30-12:00,319,PUT,-60.71,-50.0,-71.43,0.13,0.17,True,-925.6,-1387.13,-1307.95,-607.14,-92.56,-92.48,-87.2,-60.71,O:SPY260601C00759000,O:SPY260601P00749000,True,09:30
SPY,2026-06-01,Lun,leg,20,09:31,09:30-10:30,384,PUT,-12.35,6.25,-30.95,0.3,0.35,True,-925.6,-1408.93,-1368.45,-592.26,-92.56,-93.93,-91.23,-59.23,O:SPY260601C00759000,O:SPY260601P00749000,True,09:30
SPY,2026-06-01,Lun,leg,30,09:31,09:30-10:30,384,PUT,-12.35,6.25,-30.95,0.3,0.35,True,-925.6,-1408.93,-1368.45,-592.26,-92.56,-93.93,-91.23,-59.23,O:SPY260601C00759000,O:SPY260601P00749000,True,09:30
SPY,2026-06-01,Lun,leg,40,09:32,09:30-10:30,383,PUT,-4.61,31.25,-40.48,0.26,0.43,True,-925.6,-1406.36,-1379.08,-639.88,-92.56,-93.76,-91.94,-63.99,O:SPY260601C00759000,O:SPY260601P00749000,True,09:30
SPY,2026-06-01,Lun,leg,50,09:35,09:30-10:30,380,PUT,-13.32,28.12,-54.76,0.2,0.42,True,-925.6,-1400.6,-1377.98,-711.31,-92.56,-93.37,-91.87,-71.13,O:SPY260601C00759000,O:SPY260601P00749000,True,09:30
SPY,2026-06-01,Lun,leg,60,09:38,09:30-10:30,377,PUT,-13.76,34.38,-61.9,0.17,0.44,True,-925.6,-1396.18,-1380.14,-747.02,-92.56,-93.08,-92.01,-74.7,O:SPY260601C00759000,O:SPY260601P00749000,True,09:30
IWM,2026-06-01,Lun,combined,20,11:13,10:30-12:00,282,CALL,-25.22,-68.63,18.18,0.17,0.8,True,-818.18,-818.18,-1305.68,-252.23,-81.82,-54.55,-87.05,-25.22,O:IWM260601C00289000,O:IWM260601P00288000,True,09:30
IWM,2026-06-01,Lun,combined,30,11:23,10:30-12:00,272,CALL,-30.61,-62.75,1.52,0.2,0.68,True,-818.18,-893.18,-1303.48,-306.15,-81.82,-59.55,-86.9,-30.61,O:IWM260601C00289000,O:IWM260601P00288000,True,09:30
IWM,2026-06-01,Lun,combined,40,11:48,10:30-12:00,247,PUT,-40.69,-31.37,-50.0,0.35,0.36,True,-818.18,-1289.61,-1082.07,-406.86,-81.82,-85.97,-72.14,-40.69,O:IWM260601C00289000,O:IWM260601P00288000,True,09:30
IWM,2026-06-01,Lun,combined,50,12:33,12:00-13:30,202,CALL,-51.65,-74.51,-28.79,0.14,0.49,True,-818.18,-711.04,-1297.77,-516.49,-81.82,-47.4,-86.52,-51.65,O:IWM260601C00289000,O:IWM260601P00288000,True,09:30
IWM,2026-06-01,Lun,combined,60,15:51,13:30-15:55,4,PUT,-65.91,-33.33,-98.48,0.02,0.38,True,-818.18,-818.18,-1094.5,-659.09,-81.82,-54.55,-72.97,-65.91,O:IWM260601C00289000,O:IWM260601P00288000,True,09:30
IWM,2026-06-01,Lun,leg,20,09:53,09:30-10:30,362,CALL,23.48,-33.33,80.3,0.35,1.21,True,-818.18,-1075.32,-1309.92,-651.52,-81.82,-71.69,-87.33,-65.15,O:IWM260601C00289000,O:IWM260601P00288000,True,09:30
IWM,2026-06-01,Lun,leg,30,09:53,09:30-10:30,362,CALL,23.48,-33.33,80.3,0.35,1.21,True,-818.18,-1075.32,-1309.92,-651.52,-81.82,-71.69,-87.33,-65.15,O:IWM260601C00289000,O:IWM260601P00288000,True,09:30
IWM,2026-06-01,Lun,leg,40,09:55,09:30-10:30,360,CALL,32.09,-50.98,115.15,0.26,1.43,True,-818.18,-991.26,-1311.19,-739.75,-81.82,-66.08,-87.41,-73.98,O:IWM260601C00289000,O:IWM260601P00288000,True,09:30
IWM,2026-06-01,Lun,leg,50,09:55,09:30-10:30,360,CALL,32.09,-50.98,115.15,0.26,1.43,True,-818.18,-991.26,-1311.19,-739.75,-81.82,-66.08,-87.41,-73.98,O:IWM260601C00289000,O:IWM260601P00288000,True,09:30
IWM,2026-06-01,Lun,leg,60,10:00,09:30-10:30,355,CALL,38.64,-66.67,143.94,0.18,1.65,True,-818.18,-845.96,-1312.12,-818.18,-81.82,-56.4,-87.47,-81.82,O:IWM260601C00289000,O:IWM260601P00288000,True,09:30
QQQ,2026-06-02,Mar,combined,20,09:30,09:30-10:30,385,CALL,-36.16,-70.0,-2.33,0.13,0.43,True,-1000.0,-1500.0,-1500.0,-361.63,-100.0,-100.0,-100.0,-36.16,O:QQQ260602C00750000,O:QQQ260602P00733000,True,09:30
QQQ,2026-06-02,Mar,combined,30,09:30,09:30-10:30,385,CALL,-36.16,-70.0,-2.33,0.13,0.43,True,-1000.0,-1500.0,-1500.0,-361.63,-100.0,-100.0,-100.0,-36.16,O:QQQ260602C00750000,O:QQQ260602P00733000,True,09:30
QQQ,2026-06-02,Mar,combined,40,09:32,09:30-10:30,383,CALL,-42.15,-75.0,-9.3,0.11,0.4,True,-1000.0,-1500.0,-1500.0,-421.51,-100.0,-100.0,-100.0,-42.15,O:QQQ260602C00750000,O:QQQ260602P00733000,True,09:30
QQQ,2026-06-02,Mar,combined,50,09:44,09:30-10:30,371,CALL,-51.54,-77.5,-25.58,0.1,0.33,True,-1000.0,-1500.0,-1500.0,-515.41,-100.0,-100.0,-100.0,-51.54,O:QQQ260602C00750000,O:QQQ260602P00733000,True,09:30
QQQ,2026-06-02,Mar,combined,60,10:23,09:30-10:30,332,CALL,-61.57,-65.0,-58.14,0.15,0.19,True,-1000.0,-1500.0,-1500.0,-615.7,-100.0,-100.0,-100.0,-61.57,O:QQQ260602C00750000,O:QQQ260602P00733000,True,09:30
QQQ,2026-06-02,Mar,leg,20,09:30,09:30-10:30,385,CALL,-36.16,-70.0,-2.33,0.13,0.43,True,-1000.0,-1500.0,-1500.0,-850.0,-100.0,-100.0,-100.0,-85.0,O:QQQ260602C00750000,O:QQQ260602P00733000,True,09:30
QQQ,2026-06-02,Mar,leg,30,09:30,09:30-10:30,385,CALL,-36.16,-70.0,-2.33,0.13,0.43,True,-1000.0,-1500.0,-1500.0,-850.0,-100.0,-100.0,-100.0,-85.0,O:QQQ260602C00750000,O:QQQ260602P00733000,True,09:30
QQQ,2026-06-02,Mar,leg,40,09:30,09:30-10:30,385,CALL,-36.16,-70.0,-2.33,0.13,0.43,True,-1000.0,-1500.0,-1500.0,-850.0,-100.0,-100.0,-100.0,-85.0,O:QQQ260602C00750000,O:QQQ260602P00733000,True,09:30
QQQ,2026-06-02,Mar,leg,50,09:30,09:30-10:30,385,CALL,-36.16,-70.0,-2.33,0.13,0.43,True,-1000.0,-1500.0,-1500.0,-850.0,-100.0,-100.0,-100.0,-85.0,O:QQQ260602C00750000,O:QQQ260602P00733000,True,09:30
QQQ,2026-06-02,Mar,leg,60,09:30,09:30-10:30,385,CALL,-36.16,-70.0,-2.33,0.13,0.43,True,-1000.0,-1500.0,-1500.0,-850.0,-100.0,-100.0,-100.0,-85.0,O:QQQ260602C00750000,O:QQQ260602P00733000,True,09:30
SPY,2026-06-02,Mar,combined,20,09:57,09:30-10:30,358,PUT,-20.17,-6.25,-34.09,0.3,0.31,True,-879.26,-1362.59,-1266.36,-201.7,-87.93,-90.84,-84.42,-20.17,O:SPY260602C00760000,O:SPY260602P00754000,True,09:30
SPY,2026-06-02,Mar,combined,30,10:26,09:30-10:30,329,PUT,-30.54,-15.62,-45.45,0.25,0.28,True,-879.26,-1359.26,-1254.26,-305.4,-87.93,-90.62,-83.62,-30.54,O:SPY260602C00760000,O:SPY260602P00754000,True,09:30
SPY,2026-06-02,Mar,combined,40,13:16,12:00-13:30,159,PUT,-40.77,9.38,-90.91,0.05,0.36,True,-879.26,-1279.26,-1282.04,-407.67,-87.93,-85.28,-85.47,-40.77,O:SPY260602C00760000,O:SPY260602P00754000,True,09:30
SPY,2026-06-02,Mar,combined,50,13:23,12:00-13:30,152,PUT,-50.57,-12.5,-88.64,0.06,0.29,True,-879.26,-1295.93,-1258.57,-505.68,-87.93,-86.4,-83.9,-50.57,O:SPY260602C00760000,O:SPY260602P00754000,True,09:30
SPY,2026-06-02,Mar,combined,60,13:35,13:30-15:55,140,PUT,-61.08,-31.25,-90.91,0.05,0.23,True,-879.26,-1279.26,-1227.09,-610.8,-87.93,-85.28,-81.81,-61.08,O:SPY260602C00760000,O:SPY260602P00754000,True,09:30
SPY,2026-06-02,Mar,leg,20,09:44,09:30-10:30,371,PUT,-13.35,-6.25,-20.45,0.36,0.31,True,-879.26,-1365.37,-1266.36,-492.9,-87.93,-91.02,-84.42,-49.29,O:SPY260602C00760000,O:SPY260602P00754000,True,09:30
SPY,2026-06-02,Mar,leg,30,09:46,09:30-10:30,369,PUT,-14.35,3.12,-31.82,0.31,0.34,True,-879.26,-1363.13,-1276.32,-549.72,-87.93,-90.88,-85.09,-54.97,O:SPY260602C00760000,O:SPY260602P00754000,True,09:30
SPY,2026-06-02,Mar,leg,40,10:04,09:30-10:30,351,PUT,-21.59,0.0,-43.18,0.26,0.33,True,-879.26,-1360.03,-1273.2,-606.53,-87.93,-90.67,-84.88,-60.65,O:SPY260602C00760000,O:SPY260602P00754000,True,09:30
SPY,2026-06-02,Mar,leg,50,10:10,09:30-10:30,345,PUT,-21.88,6.25,-50.0,0.23,0.35,True,-879.26,-1357.52,-1279.26,-640.62,-87.93,-90.5,-85.28,-64.06,O:SPY260602C00760000,O:SPY260602P00754000,True,09:30
SPY,2026-06-02,Mar,leg,60,10:32,10:30-12:00,323,PUT,-25.99,9.38,-61.36,0.18,0.36,True,-879.26,-1351.48,-1282.04,-697.44,-87.93,-90.1,-85.47,-69.74,O:SPY260602C00760000,O:SPY260602P00754000,True,09:30
IWM,2026-06-02,Mar,combined,20,09:30,09:30-10:30,385,PUT,-26.74,1.43,-54.9,0.24,0.74,True,57.14,-442.86,557.14,-267.37,5.71,-29.52,37.14,-26.74,O:IWM260602C00290000,O:IWM260602P00287000,True,09:30
IWM,2026-06-02,Mar,combined,30,09:58,09:30-10:30,357,PUT,-30.11,14.29,-74.51,0.14,0.81,True,57.14,-442.86,470.72,-301.12,5.71,-29.52,31.38,-30.11,O:IWM260602C00290000,O:IWM260602P00287000,True,09:30
IWM,2026-06-02,Mar,combined,40,10:25,09:30-10:30,330,PUT,-41.62,-2.86,-80.39,0.11,0.69,True,57.14,-442.86,629.61,-416.25,5.71,-29.52,41.97,-41.62,O:IWM260602C00290000,O:IWM260602P00287000,True,09:30
IWM,2026-06-02,Mar,leg,20,09:30,09:30-10:30,385,PUT,-26.74,1.43,-54.9,0.24,0.74,True,57.14,-442.86,557.14,282.63,5.71,-29.52,37.14,28.26,O:IWM260602C00290000,O:IWM260602P00287000,True,09:30
IWM,2026-06-02,Mar,leg,30,09:30,09:30-10:30,385,PUT,-26.74,1.43,-54.9,0.24,0.74,True,57.14,-442.86,557.14,282.63,5.71,-29.52,37.14,28.26,O:IWM260602C00290000,O:IWM260602P00287000,True,09:30
IWM,2026-06-02,Mar,leg,40,09:30,09:30-10:30,385,PUT,-26.74,1.43,-54.9,0.24,0.74,True,57.14,-442.86,557.14,282.63,5.71,-29.52,37.14,28.26,O:IWM260602C00290000,O:IWM260602P00287000,True,09:30
IWM,2026-06-02,Mar,leg,50,09:30,09:30-10:30,385,PUT,-26.74,1.43,-54.9,0.24,0.74,True,57.14,-442.86,557.14,282.63,5.71,-29.52,37.14,28.26,O:IWM260602C00290000,O:IWM260602P00287000,True,09:30
IWM,2026-06-02,Mar,leg,60,09:31,09:30-10:30,384,PUT,-18.25,24.29,-60.78,0.21,0.88,True,57.14,-442.86,398.05,253.22,5.71,-29.52,26.54,25.32,O:IWM260602C00290000,O:IWM260602P00287000,True,09:30
QQQ,2026-06-03,Mié,combined,20,10:14,09:30-10:30,341,CALL,-20.52,-63.27,22.22,0.19,0.56,True,-966.67,-1466.67,-1439.88,-205.22,-96.67,-97.78,-95.99,-20.52,O:QQQ260603C00753000,O:QQQ260603P00740000,True,09:30
QQQ,2026-06-03,Mié,combined,30,10:29,09:30-10:30,326,CALL,-34.04,-59.18,-8.89,0.21,0.42,True,-966.67,-1466.67,-1430.95,-340.36,-96.67,-97.78,-95.4,-34.04,O:QQQ260603C00753000,O:QQQ260603P00740000,True,09:30
QQQ,2026-06-03,Mié,combined,40,10:43,10:30-12:00,312,CALL,-41.81,-59.18,-24.44,0.21,0.35,True,-966.67,-1466.67,-1423.81,-418.14,-96.67,-97.78,-94.92,-41.81,O:QQQ260603C00753000,O:QQQ260603P00740000,True,09:30
QQQ,2026-06-03,Mié,combined,50,11:03,10:30-12:00,292,CALL,-50.07,-73.47,-26.67,0.14,0.34,True,-966.67,-1466.67,-1422.55,-500.68,-96.67,-97.78,-94.84,-50.07,O:QQQ260603C00753000,O:QQQ260603P00740000,True,09:30
QQQ,2026-06-03,Mié,combined,60,11:30,10:30-12:00,265,CALL,-62.86,-85.71,-40.0,0.08,0.28,True,-966.67,-1466.67,-1413.1,-628.57,-96.67,-97.78,-94.21,-62.86,O:QQQ260603C00753000,O:QQQ260603P00740000,True,09:30
QQQ,2026-06-03,Mié,leg,20,09:34,09:30-10:30,381,CALL,-7.07,-40.82,26.67,0.3,0.58,True,-966.67,-1466.67,-1440.8,-670.75,-96.67,-97.78,-96.05,-67.07,O:QQQ260603C00753000,O:QQQ260603P00740000,True,09:30
QQQ,2026-06-03,Mié,leg,30,09:34,09:30-10:30,381,CALL,-7.07,-40.82,26.67,0.3,0.58,True,-966.67,-1466.67,-1440.8,-670.75,-96.67,-97.78,-96.05,-67.07,O:QQQ260603C00753000,O:QQQ260603P00740000,True,09:30
QQQ,2026-06-03,Mié,leg,40,09:34,09:30-10:30,381,CALL,-7.07,-40.82,26.67,0.3,0.58,True,-966.67,-1466.67,-1440.8,-670.75,-96.67,-97.78,-96.05,-67.07,O:QQQ260603C00753000,O:QQQ260603P00740000,True,09:30
QQQ,2026-06-03,Mié,leg,50,09:35,09:30-10:30,380,CALL,6.89,-55.1,68.89,0.23,0.77,True,-966.67,-1466.67,-1447.19,-742.18,-96.67,-97.78,-96.48,-74.22,O:QQQ260603C00753000,O:QQQ260603P00740000,True,09:30
QQQ,2026-06-03,Mié,leg,60,09:44,09:30-10:30,371,CALL,38.28,-61.22,137.78,0.2,1.11,True,-966.67,-1466.67,-1453.15,-772.79,-96.67,-97.78,-96.88,-77.28,O:QQQ260603C00753000,O:QQQ260603P00740000,True,09:30
SPY,2026-06-03,Mié,combined,20,14:22,13:30-15:55,93,CALL,-20.69,-95.92,54.55,0.03,0.69,True,136.36,-363.64,361.0,-206.86,13.64,-24.24,24.07,-20.69,O:SPY260603C00761000,O:SPY260603P00755000,True,09:30
SPY,2026-06-03,Mié,combined,30,14:24,13:30-15:55,91,CALL,-32.05,-95.92,31.82,0.03,0.59,True,136.36,-363.64,483.82,-320.5,13.64,-24.24,32.25,-32.05,O:SPY260603C00761000,O:SPY260603P00755000,True,09:30
SPY,2026-06-03,Mié,combined,40,14:26,13:30-15:55,89,CALL,-43.41,-95.92,9.09,0.03,0.49,True,136.36,-363.64,656.77,-434.14,13.64,-24.24,43.78,-43.41,O:SPY260603C00761000,O:SPY260603P00755000,True,09:30
SPY,2026-06-03,Mié,leg,20,09:35,09:30-10:30,380,CALL,7.07,-24.49,38.64,0.38,0.62,True,136.36,-363.64,442.82,513.91,13.64,-24.24,29.52,51.39,O:SPY260603C00761000,O:SPY260603P00755000,True,09:30
SPY,2026-06-03,Mié,leg,30,09:37,09:30-10:30,378,CALL,10.83,-30.61,52.27,0.35,0.68,True,136.36,-363.64,371.66,483.3,13.64,-24.24,24.78,48.33,O:SPY260603C00761000,O:SPY260603P00755000,True,09:30
SPY,2026-06-03,Mié,leg,40,09:42,09:30-10:30,373,CALL,13.68,-40.82,68.18,0.3,0.75,True,136.36,-363.64,303.03,432.28,13.64,-24.24,20.2,43.23,O:SPY260603C00761000,O:SPY260603P00755000,True,09:30
SPY,2026-06-03,Mié,leg,50,09:45,09:30-10:30,370,CALL,53.13,-55.1,161.36,0.23,1.16,True,136.36,-363.64,67.4,360.85,13.64,-24.24,4.49,36.09,O:SPY260603C00761000,O:SPY260603P00755000,True,09:30
SPY,2026-06-03,Mié,leg,60,09:46,09:30-10:30,369,CALL,67.12,-61.22,195.45,0.2,1.31,True,136.36,-363.64,18.04,330.24,13.64,-24.24,1.2,33.02,O:SPY260603C00761000,O:SPY260603P00755000,True,09:30
IWM,2026-06-03,Mié,leg,20,09:39,09:30-10:30,376,CALL,57.3,-26.32,140.91,0.43,1.63,True,674.24,174.24,852.16,1042.66,67.42,11.62,56.81,104.27,O:IWM260603C00290000,O:IWM260603P00290000,True,09:30
IWM,2026-06-03,Mié,leg,30,09:41,09:30-10:30,374,CALL,64.91,-36.84,166.67,0.37,1.8,True,674.24,174.24,788.13,990.03,67.42,11.62,52.54,99.0,O:IWM260603C00290000,O:IWM260603P00290000,True,09:30
IWM,2026-06-03,Mié,leg,40,09:43,09:30-10:30,372,CALL,85.69,-54.39,225.76,0.27,2.19,True,674.24,174.24,678.81,902.31,67.42,11.62,45.25,90.23,O:IWM260603C00290000,O:IWM260603P00290000,True,09:30
IWM,2026-06-03,Mié,leg,50,09:43,09:30-10:30,372,CALL,85.69,-54.39,225.76,0.27,2.19,True,674.24,174.24,678.81,902.31,67.42,11.62,45.25,90.23,O:IWM260603C00290000,O:IWM260603P00290000,True,09:30
IWM,2026-06-03,Mié,leg,60,09:46,09:30-10:30,369,CALL,113.12,-63.16,289.39,0.22,2.65,True,674.24,174.24,591.22,858.45,67.42,11.62,39.41,85.85,O:IWM260603C00290000,O:IWM260603P00290000,True,09:30
QQQ,2026-06-04,Jue,combined,20,09:42,09:30-10:30,373,PUT,-21.21,-9.09,-33.33,0.29,0.41,True,-931.82,-1431.82,-1358.65,-212.12,-93.18,-95.45,-90.58,-21.21,O:QQQ260604C00742000,O:QQQ260604P00725000,True,09:30
QQQ,2026-06-04,Jue,combined,30,09:49,09:30-10:30,366,PUT,-31.44,-29.55,-33.33,0.29,0.32,True,-931.82,-1431.82,-1338.07,-314.39,-93.18,-95.45,-89.2,-31.44,O:QQQ260604C00742000,O:QQQ260604P00725000,True,09:30
QQQ,2026-06-04,Jue,combined,40,10:01,09:30-10:30,354,CALL,-43.02,-43.18,-42.86,0.26,0.25,True,-931.82,-1316.43,-1431.82,-430.19,-93.18,-87.76,-95.45,-43.02,O:QQQ260604C00742000,O:QQQ260604P00725000,True,09:30
QQQ,2026-06-04,Jue,combined,50,10:08,09:30-10:30,347,CALL,-52.11,-61.36,-42.86,0.18,0.25,True,-931.82,-1265.15,-1431.82,-521.1,-93.18,-84.34,-95.45,-52.11,O:QQQ260604C00742000,O:QQQ260604P00725000,True,09:30
QQQ,2026-06-04,Jue,combined,60,10:35,10:30-12:00,320,PUT,-60.93,-40.91,-80.95,0.09,0.27,True,-931.82,-1431.82,-1320.71,-609.31,-93.18,-95.45,-88.05,-60.93,O:QQQ260604C00742000,O:QQQ260604P00725000,True,09:30
QQQ,2026-06-04,Jue,leg,20,09:31,09:30-10:30,384,PUT,-16.61,-2.27,-30.95,0.3,0.44,True,-931.82,-1431.82,-1363.64,-586.58,-93.18,-95.45,-90.91,-58.66,O:QQQ260604C00742000,O:QQQ260604P00725000,True,09:30
QQQ,2026-06-04,Jue,leg,30,09:31,09:30-10:30,384,PUT,-16.61,-2.27,-30.95,0.3,0.44,True,-931.82,-1431.82,-1363.64,-586.58,-93.18,-95.45,-90.91,-58.66,O:QQQ260604C00742000,O:QQQ260604P00725000,True,09:30
QQQ,2026-06-04,Jue,leg,40,09:32,09:30-10:30,383,PUT,-11.2,20.45,-42.86,0.25,0.54,True,-931.82,-1431.82,-1376.26,-646.1,-93.18,-95.45,-91.75,-64.61,O:QQQ260604C00742000,O:QQQ260604P00725000,True,09:30
QQQ,2026-06-04,Jue,leg,50,09:33,09:30-10:30,382,PUT,12.5,75.0,-50.0,0.22,0.78,True,-931.82,-1431.82,-1393.36,-681.82,-93.18,-95.45,-92.89,-68.18,O:QQQ260604C00742000,O:QQQ260604P00725000,True,09:30
QQQ,2026-06-04,Jue,leg,60,10:04,09:30-10:30,351,CALL,-47.29,-63.64,-30.95,0.17,0.3,True,-931.82,-1255.35,-1431.82,-818.18,-93.18,-83.69,-95.45,-81.82,O:QQQ260604C00742000,O:QQQ260604P00725000,True,09:30
SPY,2026-06-04,Jue,combined,20,09:42,09:30-10:30,373,PUT,-22.44,2.17,-47.06,0.19,0.48,True,1304.35,804.35,3012.68,-224.42,130.43,53.62,200.85,-22.44,O:SPY260604C00755000,O:SPY260604P00746000,True,09:30
SPY,2026-06-04,Jue,combined,30,10:03,09:30-10:30,352,PUT,-31.65,4.35,-67.65,0.12,0.49,True,1304.35,804.35,2967.61,-316.5,130.43,53.62,197.84,-31.65,O:SPY260604C00755000,O:SPY260604P00746000,True,09:30
SPY,2026-06-04,Jue,leg,20,09:30,09:30-10:30,385,PUT,-11.38,-2.17,-20.59,0.28,0.46,True,1304.35,804.35,3108.7,1701.41,130.43,53.62,207.25,170.14,O:SPY260604C00755000,O:SPY260604P00746000,True,09:30
SPY,2026-06-04,Jue,leg,30,09:32,09:30-10:30,383,PUT,-10.1,23.91,-44.12,0.2,0.58,True,1304.35,804.35,2631.93,1583.76,130.43,53.62,175.46,158.38,O:SPY260604C00755000,O:SPY260604P00746000,True,09:30
SPY,2026-06-04,Jue,leg,40,09:32,09:30-10:30,383,PUT,-10.1,23.91,-44.12,0.2,0.58,True,1304.35,804.35,2631.93,1583.76,130.43,53.62,175.46,158.38,O:SPY260604C00755000,O:SPY260604P00746000,True,09:30
SPY,2026-06-04,Jue,leg,50,09:34,09:30-10:30,381,PUT,3.26,56.52,-50.0,0.18,0.73,True,1304.35,804.35,2256.4,1554.35,130.43,53.62,150.43,155.43,O:SPY260604C00755000,O:SPY260604P00746000,True,09:30
SPY,2026-06-04,Jue,leg,60,09:51,09:30-10:30,364,PUT,-18.22,28.26,-64.71,0.13,0.6,True,1304.35,804.35,2571.01,1480.82,130.43,53.62,171.4,148.08,O:SPY260604C00755000,O:SPY260604P00746000,True,09:30
IWM,2026-06-04,Jue,combined,20,09:33,09:30-10:30,382,PUT,-22.88,0.0,-45.76,0.33,0.38,True,2959.46,2459.46,6314.72,-228.81,295.95,163.96,420.98,-22.88,O:IWM260604C00289000,O:IWM260604P00285000,True,09:31
IWM,2026-06-04,Jue,leg,20,09:33,09:30-10:30,382,PUT,-22.88,0.0,-45.76,0.33,0.38,True,2959.46,2459.46,6314.72,3230.65,295.95,163.96,420.98,323.06,O:IWM260604C00289000,O:IWM260604P00285000,True,09:31
IWM,2026-06-04,Jue,leg,30,09:33,09:30-10:30,382,PUT,-22.88,0.0,-45.76,0.33,0.38,True,2959.46,2459.46,6314.72,3230.65,295.95,163.96,420.98,323.06,O:IWM260604C00289000,O:IWM260604P00285000,True,09:31
IWM,2026-06-04,Jue,leg,40,09:33,09:30-10:30,382,PUT,-22.88,0.0,-45.76,0.33,0.38,True,2959.46,2459.46,6314.72,3230.65,295.95,163.96,420.98,323.06,O:IWM260604C00289000,O:IWM260604P00285000,True,09:31
IWM,2026-06-04,Jue,leg,50,09:34,09:30-10:30,381,PUT,-19.35,18.92,-57.63,0.26,0.45,True,2959.46,2459.46,5715.02,3171.32,295.95,163.96,381.0,317.13,O:IWM260604C00289000,O:IWM260604P00285000,True,09:31
IWM,2026-06-04,Jue,leg,60,09:35,09:30-10:30,380,PUT,-8.89,43.24,-61.02,0.24,0.54,True,2959.46,2459.46,5172.42,3154.37,295.95,163.96,344.83,315.44,O:IWM260604C00289000,O:IWM260604P00285000,True,09:31
QQQ,2026-06-05,Vie,combined,20,10:17,09:30-10:30,338,CALL,-27.11,-62.22,8.0,0.18,0.55,True,12590.0,12090.0,24444.55,-271.11,1259.0,806.0,1629.64,-27.11,O:QQQ260605C00737000,O:QQQ260605P00721000,True,09:30
QQQ,2026-06-05,Vie,combined,30,10:18,09:30-10:30,337,CALL,-33.11,-62.22,-4.0,0.18,0.49,True,12590.0,12090.0,25957.35,-331.11,1259.0,806.0,1730.49,-33.11,O:QQQ260605C00737000,O:QQQ260605P00721000,True,09:30
QQQ,2026-06-05,Vie,combined,40,10:19,09:30-10:30,336,CALL,-43.0,-60.0,-26.0,0.19,0.38,True,12590.0,12090.0,29971.58,-430.0,1259.0,806.0,1998.11,-43.0,O:QQQ260605C00737000,O:QQQ260605P00721000,True,09:30
QQQ,2026-06-05,Vie,leg,20,09:31,09:30-10:30,384,PUT,14.44,68.89,-40.0,0.32,0.78,True,12590.0,33324.38,12090.0,-700.0,1259.0,2221.62,806.0,-70.0,O:QQQ260605C00737000,O:QQQ260605P00721000,True,09:30
QQQ,2026-06-05,Vie,leg,30,09:31,09:30-10:30,384,PUT,14.44,68.89,-40.0,0.32,0.78,True,12590.0,33324.38,12090.0,-700.0,1259.0,2221.62,806.0,-70.0,O:QQQ260605C00737000,O:QQQ260605P00721000,True,09:30
QQQ,2026-06-05,Vie,leg,40,09:31,09:30-10:30,384,PUT,14.44,68.89,-40.0,0.32,0.78,True,12590.0,33324.38,12090.0,-700.0,1259.0,2221.62,806.0,-70.0,O:QQQ260605C00737000,O:QQQ260605P00721000,True,09:30
QQQ,2026-06-05,Vie,leg,50,09:57,09:30-10:30,358,CALL,46.44,-51.11,144.0,0.23,1.23,True,12590.0,12090.0,17614.39,12834.44,1259.0,806.0,1174.29,1283.44,O:QQQ260605C00737000,O:QQQ260605P00721000,True,09:30
QQQ,2026-06-05,Vie,leg,60,09:58,09:30-10:30,357,CALL,69.0,-60.0,198.0,0.19,1.5,True,12590.0,12090.0,16620.0,12790.0,1259.0,806.0,1108.0,1279.0,O:QQQ260605C00737000,O:QQQ260605P00721000,True,09:30
SPY,2026-06-05,Vie,combined,20,10:17,09:30-10:30,338,CALL,-21.37,-61.11,18.37,0.15,0.59,True,8534.3,8067.63,15941.08,-213.72,853.43,537.84,1062.74,-21.37,O:SPY260605C00756000,O:SPY260605P00748000,True,09:30
SPY,2026-06-05,Vie,combined,30,10:37,10:30-12:00,318,CALL,-30.27,-66.67,6.12,0.13,0.53,True,8534.3,8072.76,16836.18,-302.72,853.43,538.18,1122.41,-30.27,O:SPY260605C00756000,O:SPY260605P00748000,True,09:30
SPY,2026-06-05,Vie,leg,20,09:31,09:30-10:30,384,PUT,1.28,25.0,-22.45,0.39,0.47,True,8534.3,19995.84,8044.94,-598.36,853.43,1333.06,536.33,-59.84,O:SPY260605C00756000,O:SPY260605P00748000,True,09:30
SPY,2026-06-05,Vie,leg,30,09:32,09:30-10:30,383,PUT,-0.03,30.56,-30.61,0.35,0.48,True,8534.3,21362.87,8044.71,-639.17,853.43,1424.19,536.31,-63.92,O:SPY260605C00756000,O:SPY260605P00748000,True,09:30
SPY,2026-06-05,Vie,leg,40,09:41,09:30-10:30,374,CALL,-6.55,-41.67,28.57,0.22,0.64,True,8534.3,8057.02,15323.36,8812.07,853.43,537.13,1021.56,881.21,O:SPY260605C00756000,O:SPY260605P00748000,True,09:30
SPY,2026-06-05,Vie,leg,50,09:44,09:30-10:30,371,CALL,5.61,-50.0,61.22,0.19,0.8,True,8534.3,8060.61,13865.55,8770.41,853.43,537.37,924.37,877.04,O:SPY260605C00756000,O:SPY260605P00748000,True,09:30
SPY,2026-06-05,Vie,leg,60,09:59,09:30-10:30,356,CALL,61.28,-61.11,183.67,0.15,1.41,True,8534.3,8067.63,11342.81,8714.85,853.43,537.84,756.19,871.49,O:SPY260605C00756000,O:SPY260605P00748000,True,09:30
IWM,2026-06-05,Vie,combined,20,10:19,09:30-10:30,336,CALL,-21.82,-56.14,12.5,0.26,0.64,True,3535.71,3035.71,7004.46,-218.2,353.57,202.38,466.96,-21.82,O:IWM260605C00290000,O:IWM260605P00287000,True,09:30
IWM,2026-06-05,Vie,combined,30,10:37,10:30-12:00,318,CALL,-32.44,-66.67,1.79,0.2,0.58,True,3535.71,3035.71,7415.02,-324.4,353.57,202.38,494.33,-32.44,O:IWM260605C00290000,O:IWM260605P00287000,True,09:30
IWM,2026-06-05,Vie,leg,20,09:33,09:30-10:30,382,PUT,-8.08,5.26,-21.43,0.46,0.61,True,3535.71,8557.45,3035.71,-607.14,353.57,570.5,202.38,-60.71,O:IWM260605C00290000,O:IWM260605P00287000,True,09:30
IWM,2026-06-05,Vie,leg,30,09:34,09:30-10:30,381,PUT,-7.3,17.54,-32.14,0.39,0.69,True,3535.71,9548.53,3035.71,-660.71,353.57,636.57,202.38,-66.07,O:IWM260605C00290000,O:IWM260605P00287000,True,09:30
IWM,2026-06-05,Vie,leg,40,09:41,09:30-10:30,374,CALL,4.95,-54.39,64.29,0.27,0.93,True,3535.71,3035.71,5766.9,3763.78,353.57,202.38,384.46,376.38,O:IWM260605C00290000,O:IWM260605P00287000,True,09:30
IWM,2026-06-05,Vie,leg,50,09:41,09:30-10:30,374,CALL,4.95,-54.39,64.29,0.27,0.93,True,3535.71,3035.71,5766.9,3763.78,353.57,202.38,384.46,376.38,O:IWM260605C00290000,O:IWM260605P00287000,True,09:30
IWM,2026-06-05,Vie,leg,60,09:43,09:30-10:30,372,CALL,6.8,-61.4,75.0,0.23,1.0,True,3535.71,3035.71,5575.71,3728.7,353.57,202.38,371.71,372.87,O:IWM260605C00290000,O:IWM260605P00287000,True,09:30
QQQ,2026-06-08,Lun,combined,20,09:47,09:30-10:30,368,CALL,-23.77,-38.78,-8.77,0.31,0.53,True,-1000.0,-1500.0,-1500.0,-237.74,-100.0,-100.0,-100.0,-23.77,O:QQQ260608C00727000,O:QQQ260608P00706000,True,09:30
QQQ,2026-06-08,Lun,combined,30,09:53,09:30-10:30,362,CALL,-33.28,-36.73,-29.82,0.32,0.42,True,-1000.0,-1500.0,-1500.0,-332.8,-100.0,-100.0,-100.0,-33.28,O:QQQ260608C00727000,O:QQQ260608P00706000,True,09:30
QQQ,2026-06-08,Lun,combined,40,10:23,09:30-10:30,332,CALL,-44.49,-71.43,-17.54,0.15,0.48,True,-1000.0,-1500.0,-1500.0,-444.86,-100.0,-100.0,-100.0,-44.49,O:QQQ260608C00727000,O:QQQ260608P00706000,True,09:30
QQQ,2026-06-08,Lun,combined,50,10:26,09:30-10:30,329,CALL,-52.69,-63.27,-42.11,0.19,0.34,True,-1000.0,-1500.0,-1500.0,-526.85,-100.0,-100.0,-100.0,-52.69,O:QQQ260608C00727000,O:QQQ260608P00706000,True,09:30
QQQ,2026-06-08,Lun,combined,60,10:35,10:30-12:00,320,PUT,-61.76,-55.1,-68.42,0.19,0.23,True,-1000.0,-1500.0,-1500.0,-617.62,-100.0,-100.0,-100.0,-61.76,O:QQQ260608C00727000,O:QQQ260608P00706000,True,09:30
QQQ,2026-06-08,Lun,leg,20,09:32,09:30-10:30,383,CALL,-6.84,-22.45,8.77,0.39,0.63,True,-1000.0,-1500.0,-1500.0,-612.24,-100.0,-100.0,-100.0,-61.22,O:QQQ260608C00727000,O:QQQ260608P00706000,True,09:30
QQQ,2026-06-08,Lun,leg,30,09:33,09:30-10:30,382,CALL,4.6,-46.94,56.14,0.27,0.91,True,-1000.0,-1500.0,-1500.0,-734.69,-100.0,-100.0,-100.0,-73.47,O:QQQ260608C00727000,O:QQQ260608P00706000,True,09:30
QQQ,2026-06-08,Lun,leg,40,09:33,09:30-10:30,382,CALL,4.6,-46.94,56.14,0.27,0.91,True,-1000.0,-1500.0,-1500.0,-734.69,-100.0,-100.0,-100.0,-73.47,O:QQQ260608C00727000,O:QQQ260608P00706000,True,09:30
QQQ,2026-06-08,Lun,leg,50,09:34,09:30-10:30,381,CALL,17.47,-51.02,85.96,0.25,1.07,True,-1000.0,-1500.0,-1500.0,-755.1,-100.0,-100.0,-100.0,-75.51,O:QQQ260608C00727000,O:QQQ260608P00706000,True,09:30
QQQ,2026-06-08,Lun,leg,60,09:57,09:30-10:30,358,CALL,5.94,-65.31,77.19,0.18,1.03,True,-1000.0,-1500.0,-1500.0,-826.53,-100.0,-100.0,-100.0,-82.65,O:QQQ260608C00727000,O:QQQ260608P00706000,True,09:30
SPY,2026-06-08,Lun,combined,20,09:53,09:30-10:30,362,CALL,-21.09,-40.0,-2.17,0.31,0.46,True,-978.26,-1478.26,-1456.52,-210.87,-97.83,-98.55,-97.1,-21.09,O:SPY260608C00749000,O:SPY260608P00737000,True,09:30
SPY,2026-06-08,Lun,combined,30,10:26,09:30-10:30,329,CALL,-34.09,-66.0,-2.17,0.18,0.46,True,-978.26,-1478.26,-1456.52,-340.87,-97.83,-98.55,-97.1,-34.09,O:SPY260608C00749000,O:SPY260608P00737000,True,09:30
SPY,2026-06-08,Lun,combined,40,10:34,10:30-12:00,321,CALL,-42.7,-68.0,-17.39,0.17,0.39,True,-978.26,-1478.26,-1452.62,-426.96,-97.83,-98.55,-96.84,-42.7,O:SPY260608C00749000,O:SPY260608P00737000,True,09:30
SPY,2026-06-08,Lun,combined,50,10:36,10:30-12:00,319,CALL,-53.65,-66.0,-41.3,0.18,0.28,True,-978.26,-1478.26,-1442.55,-536.52,-97.83,-98.55,-96.17,-53.65,O:SPY260608C00749000,O:SPY260608P00737000,True,09:30
SPY,2026-06-08,Lun,combined,60,10:55,10:30-12:00,300,CALL,-60.35,-62.0,-58.7,0.2,0.2,True,-978.26,-1478.26,-1428.26,-603.48,-97.83,-98.55,-95.22,-60.35,O:SPY260608C00749000,O:SPY260608P00737000,True,09:30
SPY,2026-06-08,Lun,leg,20,09:33,09:30-10:30,382,CALL,10.0,-30.0,50.0,0.36,0.7,True,-978.26,-1478.26,-1463.98,-628.26,-97.83,-98.55,-97.6,-62.83,O:SPY260608C00749000,O:SPY260608P00737000,True,09:30
SPY,2026-06-08,Lun,leg,30,09:33,09:30-10:30,382,CALL,10.0,-30.0,50.0,0.36,0.7,True,-978.26,-1478.26,-1463.98,-628.26,-97.83,-98.55,-97.6,-62.83,O:SPY260608C00749000,O:SPY260608P00737000,True,09:30
SPY,2026-06-08,Lun,leg,40,09:34,09:30-10:30,381,CALL,25.74,-42.0,93.48,0.3,0.9,True,-978.26,-1478.26,-1467.15,-688.26,-97.83,-98.55,-97.81,-68.83,O:SPY260608C00749000,O:SPY260608P00737000,True,09:30
SPY,2026-06-08,Lun,leg,50,09:48,09:30-10:30,367,CALL,1.17,-52.0,54.35,0.25,0.72,True,-978.26,-1478.26,-1464.37,-738.26,-97.83,-98.55,-97.62,-73.83,O:SPY260608C00749000,O:SPY260608P00737000,True,09:30
SPY,2026-06-08,Lun,leg,60,09:57,09:30-10:30,358,CALL,27.61,-60.0,115.22,0.21,1.0,True,-978.26,-1478.26,-1468.26,-778.26,-97.83,-98.55,-97.88,-77.83,O:SPY260608C00749000,O:SPY260608P00737000,True,09:30
IWM,2026-06-08,Lun,combined,20,09:46,09:30-10:30,369,CALL,-21.25,-37.5,-5.0,0.36,0.39,True,-1000.0,-1500.0,-1500.0,-212.5,-100.0,-100.0,-100.0,-21.25,O:IWM260608C00287000,O:IWM260608P00282000,True,09:30
IWM,2026-06-08,Lun,combined,30,09:53,09:30-10:30,362,CALL,-30.0,-37.5,-22.5,0.36,0.32,True,-1000.0,-1500.0,-1500.0,-300.0,-100.0,-100.0,-100.0,-30.0,O:IWM260608C00287000,O:IWM260608P00282000,True,09:30
IWM,2026-06-08,Lun,combined,40,10:17,09:30-10:30,338,CALL,-41.96,-46.43,-37.5,0.32,0.26,True,-1000.0,-1500.0,-1500.0,-419.64,-100.0,-100.0,-100.0,-41.96,O:IWM260608C00287000,O:IWM260608P00282000,True,09:30
IWM,2026-06-08,Lun,combined,50,10:41,10:30-12:00,314,PUT,-52.86,-35.71,-70.0,0.13,0.37,True,-1000.0,-1500.0,-1500.0,-528.57,-100.0,-100.0,-100.0,-52.86,O:IWM260608C00287000,O:IWM260608P00282000,True,09:30
IWM,2026-06-08,Lun,combined,60,11:30,10:30-12:00,265,PUT,-63.93,-42.86,-85.0,0.07,0.34,True,-1000.0,-1500.0,-1500.0,-639.29,-100.0,-100.0,-100.0,-63.93,O:IWM260608C00287000,O:IWM260608P00282000,True,09:30
IWM,2026-06-08,Lun,leg,20,09:31,09:30-10:30,384,CALL,-2.5,-25.0,20.0,0.43,0.49,True,-1000.0,-1500.0,-1500.0,-625.0,-100.0,-100.0,-100.0,-62.5,O:IWM260608C00287000,O:IWM260608P00282000,True,09:30
IWM,2026-06-08,Lun,leg,30,09:37,09:30-10:30,378,CALL,5.18,-32.14,42.5,0.39,0.58,True,-1000.0,-1500.0,-1500.0,-660.71,-100.0,-100.0,-100.0,-66.07,O:IWM260608C00287000,O:IWM260608P00282000,True,09:30
IWM,2026-06-08,Lun,leg,40,09:38,09:30-10:30,377,CALL,2.68,-44.64,50.0,0.32,0.62,True,-1000.0,-1500.0,-1500.0,-723.21,-100.0,-100.0,-100.0,-72.32,O:IWM260608C00287000,O:IWM260608P00282000,True,09:30
IWM,2026-06-08,Lun,leg,50,09:39,09:30-10:30,376,CALL,7.5,-50.0,65.0,0.29,0.67,True,-1000.0,-1500.0,-1500.0,-750.0,-100.0,-100.0,-100.0,-75.0,O:IWM260608C00287000,O:IWM260608P00282000,True,09:30
IWM,2026-06-08,Lun,leg,60,09:57,09:30-10:30,358,CALL,-23.75,-62.5,15.0,0.22,0.48,True,-1000.0,-1500.0,-1500.0,-812.5,-100.0,-100.0,-100.0,-81.25,O:IWM260608C00287000,O:IWM260608P00282000,True,09:30
QQQ,2026-06-09,Mar,leg,20,09:31,09:30-10:30,297,CALL,-1.61,-22.58,19.35,0.25,0.38,True,11822.58,11342.58,21769.95,12193.55,1182.26,756.17,1451.33,1219.35,O:QQQ260609C00730000,O:QQQ260609P00712000,True,09:30
QQQ,2026-06-09,Mar,leg,30,09:33,09:30-10:30,295,CALL,6.45,-35.48,48.39,0.21,0.47,True,11822.58,11346.39,19769.39,12129.03,1182.26,756.43,1317.96,1212.9,O:QQQ260609C00730000,O:QQQ260609P00712000,True,09:30
QQQ,2026-06-09,Mar,leg,40,09:34,09:30-10:30,294,CALL,0.0,-45.16,45.16,0.18,0.46,True,11822.58,11350.36,19953.02,12080.65,1182.26,756.69,1330.2,1208.06,O:QQQ260609C00730000,O:QQQ260609P00712000,True,09:30
QQQ,2026-06-09,Mar,leg,50,09:40,09:30-10:30,288,CALL,-11.29,-51.61,29.03,0.16,0.41,True,11822.58,11353.83,21005.51,12048.39,1182.26,756.92,1400.37,1204.84,O:QQQ260609C00730000,O:QQQ260609P00712000,True,09:30
QQQ,2026-06-09,Mar,leg,60,10:10,09:30-10:30,258,CALL,38.71,-64.52,141.94,0.12,0.76,True,11822.58,11364.25,16546.26,11983.87,1182.26,757.62,1103.08,1198.39,O:QQQ260609C00730000,O:QQQ260609P00712000,True,09:30
SPY,2026-06-09,Mar,leg,20,09:35,09:30-10:30,293,PUT,-6.31,10.64,-23.26,0.34,0.53,True,4171.45,10171.45,3699.75,-584.36,417.14,678.1,246.65,-58.44,O:SPY260609C00747000,O:SPY260609P00739000,True,09:30
SPY,2026-06-09,Mar,leg,30,09:36,09:30-10:30,292,PUT,-6.7,19.15,-32.56,0.3,0.57,True,4171.45,11038.12,3697.77,-630.88,417.14,735.87,246.52,-63.09,O:SPY260609C00747000,O:SPY260609P00739000,True,09:30
SPY,2026-06-09,Mar,leg,40,09:42,09:30-10:30,286,PUT,-0.82,42.55,-44.19,0.25,0.68,True,4171.45,12511.45,3693.51,-689.02,417.14,834.1,246.23,-68.9,O:SPY260609C00747000,O:SPY260609P00739000,True,09:30
SPY,2026-06-09,Mar,leg,50,09:45,09:30-10:30,283,PUT,19.1,89.36,-51.16,0.22,0.9,True,4171.45,13716.9,3688.12,-723.9,417.14,914.46,245.87,-72.39,O:SPY260609C00747000,O:SPY260609P00739000,True,09:30
SPY,2026-06-09,Mar,leg,60,09:49,09:30-10:30,279,PUT,66.48,195.74,-62.79,0.17,1.41,True,4171.45,16671.45,3682.09,-782.04,417.14,1111.43,245.47,-78.2,O:SPY260609C00747000,O:SPY260609P00739000,True,09:30
IWM,2026-06-09,Mar,combined,20,14:56,13:30-15:55,59,CALL,-33.61,-97.78,30.56,0.02,0.49,True,-541.67,-1041.67,-704.93,-336.11,-54.17,-69.44,-47.0,-33.61,O:IWM260609C00289000,O:IWM260609P00285000,True,09:30
IWM,2026-06-09,Mar,combined,30,14:56,13:30-15:55,59,CALL,-33.61,-97.78,30.56,0.02,0.49,True,-541.67,-1041.67,-704.93,-336.11,-54.17,-69.44,-47.0,-33.61,O:IWM260609C00289000,O:IWM260609P00285000,True,09:30
IWM,2026-06-09,Mar,combined,40,14:57,13:30-15:55,58,CALL,-43.33,-97.78,11.11,0.02,0.41,True,-541.67,-1041.67,-639.23,-433.33,-54.17,-69.44,-42.62,-43.33,O:IWM260609C00289000,O:IWM260609P00285000,True,09:30
IWM,2026-06-09,Mar,combined,50,15:04,13:30-15:55,51,CALL,-54.44,-97.78,-11.11,0.02,0.33,True,-541.67,-1041.67,-541.67,-544.44,-54.17,-69.44,-36.11,-54.44,O:IWM260609C00289000,O:IWM260609P00285000,True,09:30
IWM,2026-06-09,Mar,leg,20,09:32,09:30-10:30,383,PUT,21.67,71.11,-27.78,0.27,0.78,True,-541.67,-430.56,-1041.67,-638.89,-54.17,-28.7,-69.44,-63.89,O:IWM260609C00289000,O:IWM260609P00285000,True,09:30
IWM,2026-06-09,Mar,leg,30,09:33,09:30-10:30,382,PUT,25.83,93.33,-41.67,0.22,0.88,True,-541.67,-291.67,-1041.67,-708.33,-54.17,-19.44,-69.44,-70.83,O:IWM260609C00289000,O:IWM260609P00285000,True,09:30
IWM,2026-06-09,Mar,leg,40,09:33,09:30-10:30,382,PUT,25.83,93.33,-41.67,0.22,0.88,True,-541.67,-291.67,-1041.67,-708.33,-54.17,-19.44,-69.44,-70.83,O:IWM260609C00289000,O:IWM260609P00285000,True,09:30
IWM,2026-06-09,Mar,leg,50,09:37,09:30-10:30,378,PUT,30.56,122.22,-61.11,0.16,1.01,True,-541.67,-10.42,-1041.67,-805.56,-54.17,-0.69,-69.44,-80.56,O:IWM260609C00289000,O:IWM260609P00285000,True,09:30
IWM,2026-06-09,Mar,leg,60,09:37,09:30-10:30,378,PUT,30.56,122.22,-61.11,0.16,1.01,True,-541.67,-10.42,-1041.67,-805.56,-54.17,-0.69,-69.44,-80.56,O:IWM260609C00289000,O:IWM260609P00285000,True,09:30
SPY,2026-06-10,Mié,combined,20,10:43,10:30-12:00,312,PUT,-22.62,18.18,-63.41,0.16,0.53,True,-987.8,-1456.55,-1487.8,-226.16,-98.78,-97.1,-99.19,-22.62,O:SPY260610C00742000,O:SPY260610P00721000,True,09:30
SPY,2026-06-10,Mié,combined,30,10:48,10:30-12:00,307,PUT,-33.48,-18.18,-48.78,0.22,0.37,True,-987.8,-1465.08,-1487.8,-334.81,-98.78,-97.67,-99.19,-33.48,O:SPY260610C00742000,O:SPY260610P00721000,True,09:30
SPY,2026-06-10,Mié,combined,40,10:52,10:30-12:00,303,PUT,-40.22,-34.09,-46.34,0.23,0.3,True,-987.8,-1466.07,-1487.8,-402.16,-98.78,-97.74,-99.19,-40.22,O:SPY260610C00742000,O:SPY260610P00721000,True,09:30
SPY,2026-06-10,Mié,combined,50,11:43,10:30-12:00,252,CALL,-50.83,-77.27,-24.39,0.11,0.32,True,-987.8,-1487.8,-1472.18,-508.31,-98.78,-99.19,-98.15,-50.83,O:SPY260610C00742000,O:SPY260610P00721000,True,09:30
SPY,2026-06-10,Mié,combined,60,12:23,12:00-13:30,212,CALL,-61.39,-88.64,-34.15,0.06,0.28,True,-987.8,-1487.8,-1469.95,-613.91,-98.78,-99.19,-98.0,-61.39,O:SPY260610C00742000,O:SPY260610P00721000,True,09:30
SPY,2026-06-10,Mié,leg,20,09:33,09:30-10:30,382,CALL,2.13,-25.0,29.27,0.34,0.54,True,-987.8,-1487.8,-1478.55,-612.8,-98.78,-99.19,-98.57,-61.28,O:SPY260610C00742000,O:SPY260610P00721000,True,09:30
SPY,2026-06-10,Mié,leg,30,09:34,09:30-10:30,381,CALL,14.58,-31.82,60.98,0.31,0.67,True,-987.8,-1487.8,-1480.34,-646.9,-98.78,-99.19,-98.69,-64.69,O:SPY260610C00742000,O:SPY260610P00721000,True,09:30
SPY,2026-06-10,Mié,leg,40,09:44,09:30-10:30,371,PUT,33.81,109.09,-41.46,0.25,0.93,True,-987.8,-1467.8,-1487.8,-707.32,-98.78,-97.85,-99.19,-70.73,O:SPY260610C00742000,O:SPY260610P00721000,True,09:30
SPY,2026-06-10,Mié,leg,50,09:48,09:30-10:30,367,PUT,32.34,115.91,-51.22,0.21,0.97,True,-987.8,-1464.0,-1487.8,-756.1,-98.78,-97.6,-99.19,-75.61,O:SPY260610C00742000,O:SPY260610P00721000,True,09:30
SPY,2026-06-10,Mié,leg,60,10:09,09:30-10:30,346,PUT,13.83,88.64,-60.98,0.17,0.84,True,-987.8,-1458.39,-1487.8,-804.88,-98.78,-97.23,-99.19,-80.49,O:SPY260610C00742000,O:SPY260610P00721000,True,09:30
IWM,2026-06-10,Mié,combined,20,09:30,09:30-10:30,385,CALL,-40.62,-50.0,-31.25,0.25,0.45,True,-992.19,-1492.19,-1481.08,-406.25,-99.22,-99.48,-98.74,-40.62,O:IWM260610C00289000,O:IWM260610P00280000,True,09:30
IWM,2026-06-10,Mié,combined,30,09:30,09:30-10:30,385,CALL,-40.62,-50.0,-31.25,0.25,0.45,True,-992.19,-1492.19,-1481.08,-406.25,-99.22,-99.48,-98.74,-40.62,O:IWM260610C00289000,O:IWM260610P00280000,True,09:30
IWM,2026-06-10,Mié,combined,40,09:30,09:30-10:30,385,CALL,-40.62,-50.0,-31.25,0.25,0.45,True,-992.19,-1492.19,-1481.08,-406.25,-99.22,-99.48,-98.74,-40.62,O:IWM260610C00289000,O:IWM260610P00280000,True,09:30
IWM,2026-06-10,Mié,combined,50,10:49,10:30-12:00,306,PUT,-50.26,-14.58,-85.94,0.1,0.42,True,-992.19,-1442.19,-1492.19,-502.6,-99.22,-96.15,-99.48,-50.26,O:IWM260610C00289000,O:IWM260610P00280000,True,09:30
IWM,2026-06-10,Mié,combined,60,10:54,10:30-12:00,301,PUT,-60.68,-35.42,-85.94,0.1,0.32,True,-992.19,-1442.19,-1492.19,-606.77,-99.22,-96.15,-99.48,-60.68,O:IWM260610C00289000,O:IWM260610P00280000,True,09:30
IWM,2026-06-10,Mié,leg,20,09:30,09:30-10:30,385,CALL,-40.62,-50.0,-31.25,0.25,0.45,True,-992.19,-1492.19,-1481.08,-742.19,-99.22,-99.48,-98.74,-74.22,O:IWM260610C00289000,O:IWM260610P00280000,True,09:30
IWM,2026-06-10,Mié,leg,30,09:30,09:30-10:30,385,CALL,-40.62,-50.0,-31.25,0.25,0.45,True,-992.19,-1492.19,-1481.08,-742.19,-99.22,-99.48,-98.74,-74.22,O:IWM260610C00289000,O:IWM260610P00280000,True,09:30
IWM,2026-06-10,Mié,leg,40,09:30,09:30-10:30,385,CALL,-40.62,-50.0,-31.25,0.25,0.45,True,-992.19,-1492.19,-1481.08,-742.19,-99.22,-99.48,-98.74,-74.22,O:IWM260610C00289000,O:IWM260610P00280000,True,09:30
IWM,2026-06-10,Mié,leg,50,09:30,09:30-10:30,385,CALL,-40.62,-50.0,-31.25,0.25,0.45,True,-992.19,-1492.19,-1481.08,-742.19,-99.22,-99.48,-98.74,-74.22,O:IWM260610C00289000,O:IWM260610P00280000,True,09:30
IWM,2026-06-10,Mié,leg,60,09:36,09:30-10:30,379,PUT,-1.3,58.33,-60.94,0.26,0.77,True,-992.19,-1472.96,-1492.19,-804.69,-99.22,-98.2,-99.48,-80.47,O:IWM260610C00289000,O:IWM260610P00280000,True,09:30
IWM,2026-06-11,Jue,combined,20,10:13,09:30-10:30,342,PUT,-22.58,0.0,-45.16,0.35,0.47,True,1622.22,1122.22,3632.86,-225.81,162.22,74.81,242.19,-22.58,O:IWM260611C00288000,O:IWM260611P00281000,True,09:30
IWM,2026-06-11,Jue,combined,30,10:15,09:30-10:30,340,PUT,-30.86,-13.33,-48.39,0.33,0.4,True,1622.22,1122.22,4072.22,-308.6,162.22,74.81,271.48,-30.86,O:IWM260611C00288000,O:IWM260611P00281000,True,09:30
IWM,2026-06-11,Jue,combined,40,10:53,10:30-12:00,302,PUT,-44.18,-22.22,-66.13,0.22,0.36,True,1622.22,1122.22,4400.0,-441.76,162.22,74.81,293.33,-44.18,O:IWM260611C00288000,O:IWM260611P00281000,True,09:30
IWM,2026-06-11,Jue,combined,50,10:56,10:30-12:00,299,PUT,-51.06,-48.89,-53.23,0.3,0.24,True,1622.22,1122.22,6038.89,-510.57,162.22,74.81,402.59,-51.06,O:IWM260611C00288000,O:IWM260611P00281000,True,09:30
IWM,2026-06-11,Jue,combined,60,11:50,10:30-12:00,245,PUT,-61.13,-40.0,-82.26,0.12,0.28,True,1622.22,1122.22,5336.51,-611.29,162.22,74.81,355.77,-61.13,O:IWM260611C00288000,O:IWM260611P00281000,True,09:30
IWM,2026-06-11,Jue,leg,20,09:36,09:30-10:30,379,PUT,6.09,44.44,-32.26,0.44,0.66,True,1622.22,1122.22,2910.1,1960.93,162.22,74.81,194.01,196.09,O:IWM260611C00288000,O:IWM260611P00281000,True,09:30
IWM,2026-06-11,Jue,leg,30,09:36,09:30-10:30,379,PUT,6.09,44.44,-32.26,0.44,0.66,True,1622.22,1122.22,2910.1,1960.93,162.22,74.81,194.01,196.09,O:IWM260611C00288000,O:IWM260611P00281000,True,09:30
IWM,2026-06-11,Jue,leg,40,09:46,09:30-10:30,369,PUT,10.05,73.33,-53.23,0.31,0.79,True,1622.22,1122.22,2615.89,1856.09,162.22,74.81,174.39,185.61,O:IWM260611C00288000,O:IWM260611P00281000,True,09:30
IWM,2026-06-11,Jue,leg,50,09:46,09:30-10:30,369,PUT,10.05,73.33,-53.23,0.31,0.79,True,1622.22,1122.22,2615.89,1856.09,162.22,74.81,174.39,185.61,O:IWM260611C00288000,O:IWM260611P00281000,True,09:30
IWM,2026-06-11,Jue,leg,60,09:50,09:30-10:30,365,PUT,28.05,122.22,-66.13,0.22,1.01,True,1622.22,1122.22,2290.54,1791.58,162.22,74.81,152.7,179.16,O:IWM260611C00288000,O:IWM260611P00281000,True,09:30
SPY,2026-06-12,Vie,combined,20,09:39,09:30-10:30,376,CALL,-20.83,-31.25,-10.42,0.34,0.44,True,-989.58,-1474.88,-1489.58,-208.33,-98.96,-98.33,-99.31,-20.83,O:SPY260612C00749000,O:SPY260612P00729000,True,09:30
SPY,2026-06-12,Vie,combined,30,10:06,09:30-10:30,349,CALL,-30.21,-41.67,-18.75,0.29,0.4,True,-989.58,-1472.34,-1489.58,-302.08,-98.96,-98.16,-99.31,-30.21,O:SPY260612C00749000,O:SPY260612P00729000,True,09:30
SPY,2026-06-12,Vie,combined,40,10:35,10:30-12:00,320,PUT,-42.71,-39.58,-45.83,0.27,0.3,True,-989.58,-1489.58,-1472.92,-427.08,-98.96,-99.31,-98.19,-42.71,O:SPY260612C00749000,O:SPY260612P00729000,True,09:30
SPY,2026-06-12,Vie,combined,50,11:31,10:30-12:00,264,PUT,-54.17,-25.0,-83.33,0.09,0.37,True,-989.58,-1489.58,-1476.07,-541.67,-98.96,-99.31,-98.4,-54.17,O:SPY260612C00749000,O:SPY260612P00729000,True,09:30
SPY,2026-06-12,Vie,combined,60,12:08,12:00-13:30,227,CALL,-63.54,-64.58,-62.5,0.18,0.19,True,-989.58,-1461.81,-1489.58,-635.42,-98.96,-97.45,-99.31,-63.54,O:SPY260612C00749000,O:SPY260612P00729000,True,09:30
SPY,2026-06-12,Vie,leg,20,09:30,09:30-10:30,385,CALL,-11.46,-20.83,-2.08,0.39,0.48,True,-989.58,-1476.76,-1489.58,-604.17,-98.96,-98.45,-99.31,-60.42,O:SPY260612C00749000,O:SPY260612P00729000,True,09:30
SPY,2026-06-12,Vie,leg,30,09:33,09:30-10:30,382,CALL,-8.33,-43.75,27.08,0.28,0.62,True,-989.58,-1471.73,-1489.58,-718.75,-98.96,-98.12,-99.31,-71.88,O:SPY260612C00749000,O:SPY260612P00729000,True,09:30
SPY,2026-06-12,Vie,leg,40,09:33,09:30-10:30,382,CALL,-8.33,-43.75,27.08,0.28,0.62,True,-989.58,-1471.73,-1489.58,-718.75,-98.96,-98.12,-99.31,-71.88,O:SPY260612C00749000,O:SPY260612P00729000,True,09:30
SPY,2026-06-12,Vie,leg,50,09:42,09:30-10:30,373,CALL,57.29,-54.17,168.75,0.23,1.31,True,-989.58,-1467.84,-1489.58,-770.83,-98.96,-97.86,-99.31,-77.08,O:SPY260612C00749000,O:SPY260612P00729000,True,09:30
SPY,2026-06-12,Vie,leg,60,09:44,09:30-10:30,371,CALL,38.54,-60.42,137.5,0.2,1.15,True,-989.58,-1464.58,-1489.58,-802.08,-98.96,-97.64,-99.31,-80.21,O:SPY260612C00749000,O:SPY260612P00729000,True,09:30
IWM,2026-06-12,Vie,combined,20,09:55,09:30-10:30,360,CALL,-20.51,-24.0,-17.02,0.39,0.4,True,-1000.0,-1500.0,-1500.0,-205.11,-100.0,-100.0,-100.0,-20.51,O:IWM260612C00295000,O:IWM260612P00288000,True,09:31
IWM,2026-06-12,Vie,combined,30,10:44,10:30-12:00,311,PUT,-31.17,10.0,-72.34,0.14,0.56,True,-1000.0,-1500.0,-1500.0,-311.7,-100.0,-100.0,-100.0,-31.17,O:IWM260612C00295000,O:IWM260612P00288000,True,09:31
IWM,2026-06-12,Vie,combined,40,10:47,10:30-12:00,308,PUT,-40.04,-12.0,-68.09,0.16,0.45,True,-1000.0,-1500.0,-1500.0,-400.43,-100.0,-100.0,-100.0,-40.04,O:IWM260612C00295000,O:IWM260612P00288000,True,09:31
IWM,2026-06-12,Vie,combined,50,11:57,10:30-12:00,238,PUT,-54.55,-24.0,-85.11,0.08,0.39,True,-1000.0,-1500.0,-1500.0,-545.53,-100.0,-100.0,-100.0,-54.55,O:IWM260612C00295000,O:IWM260612P00288000,True,09:31
IWM,2026-06-12,Vie,combined,60,11:58,10:30-12:00,237,PUT,-61.43,-42.0,-80.85,0.1,0.3,True,-1000.0,-1500.0,-1500.0,-614.26,-100.0,-100.0,-100.0,-61.43,O:IWM260612C00295000,O:IWM260612P00288000,True,09:31
IWM,2026-06-12,Vie,leg,20,09:39,09:30-10:30,376,PUT,-14.64,-8.0,-21.28,0.38,0.47,True,-1000.0,-1500.0,-1500.0,-606.38,-100.0,-100.0,-100.0,-60.64,O:IWM260612C00295000,O:IWM260612P00288000,True,09:31
IWM,2026-06-12,Vie,leg,30,09:40,09:30-10:30,375,CALL,3.09,-30.0,36.17,0.38,0.65,True,-1000.0,-1500.0,-1500.0,-650.0,-100.0,-100.0,-100.0,-65.0,O:IWM260612C00295000,O:IWM260612P00288000,True,09:31
IWM,2026-06-12,Vie,leg,40,09:42,09:30-10:30,373,CALL,11.49,-60.0,82.98,0.21,0.87,True,-1000.0,-1500.0,-1500.0,-800.0,-100.0,-100.0,-100.0,-80.0,O:IWM260612C00295000,O:IWM260612P00288000,True,09:31
IWM,2026-06-12,Vie,leg,50,09:42,09:30-10:30,373,CALL,11.49,-60.0,82.98,0.21,0.87,True,-1000.0,-1500.0,-1500.0,-800.0,-100.0,-100.0,-100.0,-80.0,O:IWM260612C00295000,O:IWM260612P00288000,True,09:31
IWM,2026-06-12,Vie,leg,60,09:42,09:30-10:30,373,CALL,11.49,-60.0,82.98,0.21,0.87,True,-1000.0,-1500.0,-1500.0,-800.0,-100.0,-100.0,-100.0,-80.0,O:IWM260612C00295000,O:IWM260612P00288000,True,09:31
QQQ,2026-06-15,Lun,combined,20,10:25,09:30-10:30,330,PUT,-20.91,-10.0,-31.82,0.31,0.46,True,-990.0,-1490.0,-1479.13,-209.09,-99.0,-99.33,-98.61,-20.91,O:QQQ260615C00745000,O:QQQ260615P00728000,True,09:30
QQQ,2026-06-15,Lun,combined,30,10:40,10:30-12:00,315,PUT,-31.59,-20.0,-43.18,0.26,0.41,True,-990.0,-1490.0,-1477.8,-315.91,-99.0,-99.33,-98.52,-31.59,O:QQQ260615C00745000,O:QQQ260615P00728000,True,09:30
QQQ,2026-06-15,Lun,combined,40,10:50,10:30-12:00,305,PUT,-40.27,-26.0,-54.55,0.21,0.38,True,-990.0,-1490.0,-1476.84,-402.73,-99.0,-99.33,-98.46,-40.27,O:QQQ260615C00745000,O:QQQ260615P00728000,True,09:30
QQQ,2026-06-15,Lun,combined,50,13:20,12:00-13:30,155,PUT,-50.32,-12.0,-88.64,0.06,0.45,True,-990.0,-1490.0,-1478.89,-503.18,-99.0,-99.33,-98.59,-50.32,O:QQQ260615C00745000,O:QQQ260615P00728000,True,09:30
QQQ,2026-06-15,Lun,combined,60,13:55,13:30-15:55,120,PUT,-61.59,-30.0,-93.18,0.04,0.36,True,-990.0,-1490.0,-1476.11,-615.91,-99.0,-99.33,-98.41,-61.59,O:QQQ260615C00745000,O:QQQ260615P00728000,True,09:30
QQQ,2026-06-15,Lun,leg,20,09:36,09:30-10:30,379,PUT,19.77,60.0,-20.45,0.36,0.81,True,-990.0,-1490.0,-1483.83,-592.27,-99.0,-99.33,-98.92,-59.23,O:QQQ260615C00745000,O:QQQ260615P00728000,True,09:30
QQQ,2026-06-15,Lun,leg,30,09:45,09:30-10:30,370,PUT,11.95,58.0,-34.09,0.3,0.8,True,-990.0,-1490.0,-1483.75,-660.45,-99.0,-99.33,-98.92,-66.05,O:QQQ260615C00745000,O:QQQ260615P00728000,True,09:30
QQQ,2026-06-15,Lun,leg,40,09:48,09:30-10:30,367,PUT,12.14,72.0,-47.73,0.24,0.88,True,-990.0,-1490.0,-1484.32,-728.64,-99.0,-99.33,-98.95,-72.86,O:QQQ260615C00745000,O:QQQ260615P00728000,True,09:30
QQQ,2026-06-15,Lun,leg,50,10:29,09:30-10:30,326,PUT,-17.0,16.0,-50.0,0.23,0.59,True,-990.0,-1490.0,-1481.53,-740.0,-99.0,-99.33,-98.77,-74.0,O:QQQ260615C00745000,O:QQQ260615P00728000,True,09:30
QQQ,2026-06-15,Lun,leg,60,10:57,10:30-12:00,298,PUT,-25.68,10.0,-61.36,0.18,0.56,True,-990.0,-1490.0,-1481.07,-796.82,-99.0,-99.33,-98.74,-79.68,O:QQQ260615C00745000,O:QQQ260615P00728000,True,09:30
SPY,2026-06-15,Lun,combined,20,09:39,09:30-10:30,376,PUT,-20.18,-10.81,-29.55,0.32,0.34,True,-975.12,-1459.5,-1460.42,-201.78,-97.51,-97.3,-97.36,-20.18,O:SPY260615C00757000,O:SPY260615P00747000,True,09:30
SPY,2026-06-15,Lun,combined,30,09:54,09:30-10:30,361,PUT,-31.76,-13.51,-50.0,0.23,0.33,True,-975.12,-1453.38,-1459.97,-317.57,-97.51,-96.89,-97.33,-31.76,O:SPY260615C00757000,O:SPY260615P00747000,True,09:30
SPY,2026-06-15,Lun,combined,40,10:19,09:30-10:30,336,PUT,-40.08,-32.43,-47.73,0.24,0.26,True,-975.12,-1454.29,-1455.89,-400.8,-97.51,-96.95,-97.06,-40.08,O:SPY260615C00757000,O:SPY260615P00747000,True,09:30
SPY,2026-06-15,Lun,combined,50,10:30,10:30-12:00,325,PUT,-51.17,-43.24,-59.09,0.19,0.22,True,-975.12,-1448.81,-1452.4,-511.67,-97.51,-96.59,-96.83,-51.17,O:SPY260615C00757000,O:SPY260615P00747000,True,09:30
SPY,2026-06-15,Lun,combined,60,13:44,13:30-15:55,131,PUT,-61.46,-29.73,-93.18,0.04,0.27,True,-975.12,-1350.12,-1456.6,-614.56,-97.51,-90.01,-97.11,-61.46,O:SPY260615C00757000,O:SPY260615P00747000,True,09:30
SPY,2026-06-15,Lun,leg,20,09:32,09:30-10:30,383,PUT,-7.31,8.11,-22.73,0.35,0.41,True,-975.12,-1460.84,-1462.93,-600.12,-97.51,-97.39,-97.53,-60.01,O:SPY260615C00757000,O:SPY260615P00747000,True,09:30
SPY,2026-06-15,Lun,leg,30,09:35,09:30-10:30,380,PUT,-14.56,2.7,-31.82,0.31,0.39,True,-975.12,-1458.99,-1462.3,-645.58,-97.51,-97.27,-97.49,-64.56,O:SPY260615C00757000,O:SPY260615P00747000,True,09:30
SPY,2026-06-15,Lun,leg,40,09:45,09:30-10:30,370,PUT,-26.78,-8.11,-45.45,0.25,0.35,True,-975.12,-1455.12,-1460.84,-713.76,-97.51,-97.01,-97.39,-71.38,O:SPY260615C00757000,O:SPY260615P00747000,True,09:30
SPY,2026-06-15,Lun,leg,50,09:48,09:30-10:30,367,PUT,-28.62,-2.7,-54.55,0.21,0.37,True,-975.12,-1451.31,-1461.61,-759.21,-97.51,-96.75,-97.44,-75.92,O:SPY260615C00757000,O:SPY260615P00747000,True,09:30
SPY,2026-06-15,Lun,leg,60,10:29,09:30-10:30,326,PUT,-48.25,-35.14,-61.36,0.18,0.25,True,-975.12,-1447.35,-1455.12,-793.3,-97.51,-96.49,-97.01,-79.33,O:SPY260615C00757000,O:SPY260615P00747000,True,09:30
IWM,2026-06-15,Lun,combined,20,09:37,09:30-10:30,378,CALL,-21.67,-23.64,-19.7,0.43,0.54,True,303.03,-196.97,1395.62,-216.67,30.3,-13.13,93.04,-21.67,O:IWM260615C00299000,O:IWM260615P00296000,True,09:30
IWM,2026-06-15,Lun,combined,30,09:44,09:30-10:30,371,CALL,-31.67,-61.82,-1.52,0.22,0.66,True,303.03,-196.97,1106.06,-316.67,30.3,-13.13,73.74,-31.67,O:IWM260615C00299000,O:IWM260615P00296000,True,09:30
IWM,2026-06-15,Lun,combined,40,09:53,09:30-10:30,362,CALL,-41.52,-52.73,-30.3,0.27,0.48,True,303.03,-196.97,1594.7,-415.15,30.3,-13.13,106.31,-41.52,O:IWM260615C00299000,O:IWM260615P00296000,True,09:30
IWM,2026-06-15,Lun,combined,50,11:37,10:30-12:00,258,CALL,-50.3,-94.55,-6.06,0.04,0.64,True,303.03,-196.97,1146.78,-503.03,30.3,-13.13,76.45,-50.3,O:IWM260615C00299000,O:IWM260615P00296000,True,09:30
IWM,2026-06-15,Lun,combined,60,12:00,12:00-13:30,235,CALL,-61.06,-96.36,-25.76,0.03,0.5,True,303.03,-196.97,1523.03,-610.61,30.3,-13.13,101.54,-61.06,O:IWM260615C00299000,O:IWM260615P00296000,True,09:30
IWM,2026-06-15,Lun,leg,20,09:31,09:30-10:30,384,CALL,-14.85,-32.73,3.03,0.38,0.71,True,303.03,-196.97,1014.3,639.39,30.3,-13.13,67.62,63.94,O:IWM260615C00299000,O:IWM260615P00296000,True,09:30
IWM,2026-06-15,Lun,leg,30,09:31,09:30-10:30,384,CALL,-14.85,-32.73,3.03,0.38,0.71,True,303.03,-196.97,1014.3,639.39,30.3,-13.13,67.62,63.94,O:IWM260615C00299000,O:IWM260615P00296000,True,09:30
IWM,2026-06-15,Lun,leg,40,09:39,09:30-10:30,376,CALL,-27.58,-40.0,-15.15,0.34,0.57,True,303.03,-196.97,1311.8,603.03,30.3,-13.13,87.45,60.3,O:IWM260615C00299000,O:IWM260615P00296000,True,09:30
IWM,2026-06-15,Lun,leg,50,09:40,09:30-10:30,375,CALL,-27.27,-54.55,0.0,0.26,0.67,True,303.03,-196.97,1086.61,530.3,30.3,-13.13,72.44,53.03,O:IWM260615C00299000,O:IWM260615P00296000,True,09:30
IWM,2026-06-15,Lun,leg,60,09:42,09:30-10:30,373,CALL,-29.24,-60.0,1.52,0.23,0.68,True,303.03,-196.97,1067.74,503.03,30.3,-13.13,71.18,50.3,O:IWM260615C00299000,O:IWM260615P00296000,True,09:30
QQQ,2026-06-16,Mar,combined,20,09:43,09:30-10:30,372,PUT,-20.41,-1.92,-38.89,0.23,0.52,True,-833.33,-1072.46,-1333.33,-204.06,-83.33,-71.5,-88.89,-20.41,O:QQQ260616C00749000,O:QQQ260616P00730000,True,09:30
QQQ,2026-06-16,Mar,combined,30,09:49,09:30-10:30,366,PUT,-31.73,-13.46,-50.0,0.19,0.46,True,-833.33,-1017.54,-1333.33,-317.31,-83.33,-67.84,-88.89,-31.73,O:QQQ260616C00749000,O:QQQ260616P00730000,True,09:30
QQQ,2026-06-16,Mar,combined,40,09:57,09:30-10:30,358,PUT,-41.45,-38.46,-44.44,0.21,0.33,True,-833.33,-1047.62,-1333.33,-414.53,-83.33,-69.84,-88.89,-41.45,O:QQQ260616C00749000,O:QQQ260616P00730000,True,09:30
QQQ,2026-06-16,Mar,combined,50,10:08,09:30-10:30,347,PUT,-51.82,-48.08,-55.56,0.17,0.28,True,-833.33,-980.39,-1333.33,-518.16,-83.33,-65.36,-88.89,-51.82,O:QQQ260616C00749000,O:QQQ260616P00730000,True,09:30
QQQ,2026-06-16,Mar,combined,60,11:10,10:30-12:00,285,CALL,-60.47,-90.38,-30.56,0.06,0.26,True,-833.33,-1333.33,-1102.56,-604.7,-83.33,-88.89,-73.5,-60.47,O:QQQ260616C00749000,O:QQQ260616P00730000,True,09:30
QQQ,2026-06-16,Mar,leg,20,09:33,09:30-10:30,382,CALL,-12.07,-26.92,2.78,0.4,0.38,True,-833.33,-1333.33,-1175.44,-467.95,-83.33,-88.89,-78.36,-46.79,O:QQQ260616C00749000,O:QQQ260616P00730000,True,09:30
QQQ,2026-06-16,Mar,leg,30,09:41,09:30-10:30,374,PUT,-17.63,-1.92,-33.33,0.25,0.52,True,-833.33,-1093.33,-1333.33,-666.67,-83.33,-72.89,-88.89,-66.67,O:QQQ260616C00749000,O:QQQ260616P00730000,True,09:30
QQQ,2026-06-16,Mar,leg,40,09:46,09:30-10:30,369,PUT,-24.15,-3.85,-44.44,0.21,0.51,True,-833.33,-1047.62,-1333.33,-722.22,-83.33,-69.84,-88.89,-72.22,O:QQQ260616C00749000,O:QQQ260616P00730000,True,09:30
QQQ,2026-06-16,Mar,leg,50,09:47,09:30-10:30,368,PUT,-25.0,0.0,-50.0,0.19,0.53,True,-833.33,-1017.54,-1333.33,-750.0,-83.33,-67.84,-88.89,-75.0,O:QQQ260616C00749000,O:QQQ260616P00730000,True,09:30
QQQ,2026-06-16,Mar,leg,60,10:13,09:30-10:30,342,CALL,-57.16,-61.54,-52.78,0.21,0.18,True,-833.33,-1333.33,-1000.0,-641.03,-83.33,-88.89,-66.67,-64.1,O:QQQ260616C00749000,O:QQQ260616P00730000,True,09:30
SPY,2026-06-16,Mar,combined,20,09:44,09:30-10:30,371,PUT,-21.54,-17.07,-26.0,0.38,0.35,True,-700.0,-805.26,-1200.0,-215.37,-70.0,-53.68,-80.0,-21.54,O:SPY260616C00758000,O:SPY260616P00751000,True,09:30
SPY,2026-06-16,Mar,combined,30,09:50,09:30-10:30,365,PUT,-30.32,-14.63,-46.0,0.28,0.36,True,-700.0,-664.29,-1200.0,-303.17,-70.0,-44.29,-80.0,-30.32,O:SPY260616C00758000,O:SPY260616P00751000,True,09:30
SPY,2026-06-16,Mar,combined,40,09:55,09:30-10:30,360,PUT,-40.29,-36.59,-44.0,0.29,0.27,True,-700.0,-682.76,-1200.0,-402.93,-70.0,-45.52,-80.0,-40.29,O:SPY260616C00758000,O:SPY260616P00751000,True,09:30
SPY,2026-06-16,Mar,combined,50,10:12,09:30-10:30,343,PUT,-50.17,-46.34,-54.0,0.24,0.23,True,-700.0,-575.0,-1200.0,-501.71,-70.0,-38.33,-80.0,-50.17,O:SPY260616C00758000,O:SPY260616P00751000,True,09:30
SPY,2026-06-16,Mar,combined,60,12:01,12:00-13:30,234,CALL,-62.9,-87.8,-38.0,0.07,0.32,True,-700.0,-1200.0,-731.25,-629.02,-70.0,-80.0,-48.75,-62.9,O:SPY260616C00758000,O:SPY260616P00751000,True,09:30
SPY,2026-06-16,Mar,leg,20,09:34,09:30-10:30,381,PUT,-0.02,21.95,-22.0,0.4,0.51,True,-700.0,-825.0,-1200.0,-610.0,-70.0,-55.0,-80.0,-61.0,O:SPY260616C00758000,O:SPY260616P00751000,True,09:30
SPY,2026-06-16,Mar,leg,30,09:40,09:30-10:30,375,PUT,-12.56,4.88,-30.0,0.36,0.44,True,-700.0,-783.33,-1200.0,-650.0,-70.0,-52.22,-80.0,-65.0,O:SPY260616C00758000,O:SPY260616P00751000,True,09:30
SPY,2026-06-16,Mar,leg,40,09:47,09:30-10:30,368,PUT,-25.66,-7.32,-44.0,0.29,0.39,True,-700.0,-682.76,-1200.0,-720.0,-70.0,-45.52,-80.0,-72.0,O:SPY260616C00758000,O:SPY260616P00751000,True,09:30
SPY,2026-06-16,Mar,leg,50,09:57,09:30-10:30,358,CALL,-41.61,-51.22,-32.0,0.21,0.35,True,-700.0,-1200.0,-771.43,-456.1,-70.0,-80.0,-51.43,-45.61,O:SPY260616C00758000,O:SPY260616P00751000,True,09:30
SPY,2026-06-16,Mar,leg,60,10:16,09:30-10:30,339,CALL,-48.49,-60.98,-36.0,0.17,0.33,True,-700.0,-1200.0,-745.45,-504.88,-70.0,-80.0,-49.7,-50.49,O:SPY260616C00758000,O:SPY260616P00751000,True,09:30
IWM,2026-06-16,Mar,combined,20,10:16,09:30-10:30,339,PUT,-25.08,-15.15,-35.0,0.27,0.58,True,1625.0,5013.89,1125.0,-250.76,162.5,334.26,75.0,-25.08,O:IWM260616C00296000,O:IWM260616P00294000,True,09:30
IWM,2026-06-16,Mar,combined,30,12:12,12:00-13:30,223,CALL,-35.45,-90.91,20.0,0.07,0.49,True,1625.0,1125.0,3267.86,-354.55,162.5,75.0,217.86,-35.45,O:IWM260616C00296000,O:IWM260616P00294000,True,09:30
IWM,2026-06-16,Mar,combined,40,13:54,13:30-15:55,121,CALL,-46.25,-100.0,7.5,0.01,0.44,False,1625.0,,,-462.5,162.5,,,-46.25,O:IWM260616C00296000,O:IWM260616P00294000,True,09:30
IWM,2026-06-16,Mar,combined,50,14:05,13:30-15:55,110,CALL,-50.0,-100.0,0.0,0.01,0.42,False,1625.0,,,-500.0,162.5,,,-50.0,O:IWM260616C00296000,O:IWM260616P00294000,True,09:30
IWM,2026-06-16,Mar,leg,20,09:33,09:30-10:30,382,PUT,36.21,92.42,-20.0,0.33,1.28,True,1625.0,4306.82,1125.0,-600.0,162.5,287.12,75.0,-60.0,O:IWM260616C00296000,O:IWM260616P00294000,True,09:30
IWM,2026-06-16,Mar,leg,30,09:40,09:30-10:30,375,PUT,15.08,65.15,-35.0,0.27,1.11,True,1625.0,5013.89,1125.0,-675.0,162.5,334.26,75.0,-67.5,O:IWM260616C00296000,O:IWM260616P00294000,True,09:30
IWM,2026-06-16,Mar,leg,40,09:41,09:30-10:30,374,PUT,23.18,86.36,-40.0,0.25,1.25,True,1625.0,5325.0,1125.0,-700.0,162.5,355.0,75.0,-70.0,O:IWM260616C00296000,O:IWM260616P00294000,True,09:30
IWM,2026-06-16,Mar,leg,50,10:00,09:30-10:30,355,PUT,9.62,74.24,-55.0,0.19,1.18,True,1625.0,6651.32,1125.0,-775.0,162.5,443.42,75.0,-77.5,O:IWM260616C00296000,O:IWM260616P00294000,True,09:30
IWM,2026-06-16,Mar,leg,60,10:22,09:30-10:30,333,CALL,-9.81,-62.12,42.5,0.26,0.59,True,1625.0,1125.0,2904.66,1814.39,162.5,75.0,193.64,181.44,O:IWM260616C00296000,O:IWM260616P00294000,True,09:30
SPY,2026-06-17,Mié,combined,20,09:42,09:30-10:30,373,PUT,-24.13,-20.0,-28.26,0.34,0.33,True,793.48,2719.95,293.48,-241.3,79.35,181.33,19.57,-24.13,O:SPY260617C00757000,O:SPY260617P00743000,True,09:30
SPY,2026-06-17,Mié,combined,30,11:40,10:30-12:00,255,CALL,-31.03,-42.5,-19.57,0.24,0.38,True,793.48,293.48,2464.53,-310.33,79.35,19.57,164.3,-31.03,O:SPY260617C00757000,O:SPY260617P00743000,True,09:30
SPY,2026-06-17,Mié,combined,40,14:38,13:30-15:55,77,CALL,-50.27,-87.5,-13.04,0.06,0.41,True,793.48,293.48,2305.67,-502.72,79.35,19.57,153.71,-50.27,O:SPY260617C00757000,O:SPY260617P00743000,True,09:30
SPY,2026-06-17,Mié,combined,50,14:38,13:30-15:55,77,CALL,-50.27,-87.5,-13.04,0.06,0.41,True,793.48,293.48,2305.67,-502.72,79.35,19.57,153.71,-50.27,O:SPY260617C00757000,O:SPY260617P00743000,True,09:30
SPY,2026-06-17,Mié,combined,60,14:42,13:30-15:55,73,CALL,-64.4,-87.5,-41.3,0.06,0.28,True,793.48,293.48,3239.91,-644.02,79.35,19.57,215.99,-64.4,O:SPY260617C00757000,O:SPY260617P00743000,True,09:30
SPY,2026-06-17,Mié,leg,20,09:38,09:30-10:30,377,CALL,-17.17,-30.0,-4.35,0.29,0.45,True,793.48,293.48,2126.81,1143.48,79.35,19.57,141.79,114.35,O:SPY260617C00757000,O:SPY260617P00743000,True,09:30
SPY,2026-06-17,Mié,leg,30,09:43,09:30-10:30,372,PUT,-23.8,-15.0,-32.61,0.32,0.35,True,793.48,2871.6,293.48,-663.04,79.35,191.44,19.57,-66.3,O:SPY260617C00757000,O:SPY260617P00743000,True,09:30
SPY,2026-06-17,Mié,leg,40,10:24,09:30-10:30,331,PUT,-14.4,12.5,-41.3,0.28,0.46,True,793.48,3239.91,293.48,-706.52,79.35,215.99,19.57,-70.65,O:SPY260617C00757000,O:SPY260617P00743000,True,09:30
SPY,2026-06-17,Mié,leg,50,10:47,10:30-12:00,308,CALL,10.54,-55.0,76.09,0.19,0.82,True,793.48,293.48,1299.58,1018.48,79.35,19.57,86.64,101.85,O:SPY260617C00757000,O:SPY260617P00743000,True,09:30
SPY,2026-06-17,Mié,leg,60,11:09,10:30-12:00,286,CALL,-7.17,-60.0,45.65,0.17,0.68,True,793.48,293.48,1506.71,993.48,79.35,19.57,100.45,99.35,O:SPY260617C00757000,O:SPY260617P00743000,True,09:30
IWM,2026-06-17,Mié,combined,20,10:40,10:30-12:00,315,PUT,-22.26,20.63,-65.15,0.24,0.77,True,-984.85,-1443.18,-1484.85,-222.58,-98.48,-96.21,-98.99,-22.26,O:IWM260617C00295000,O:IWM260617P00288000,True,09:30
IWM,2026-06-17,Mié,combined,30,14:00,13:30-15:55,115,PUT,-30.63,19.05,-80.3,0.28,0.98,True,-984.85,-1449.13,-1484.85,-306.28,-98.48,-96.61,-98.99,-30.63,O:IWM260617C00295000,O:IWM260617P00288000,True,09:30
IWM,2026-06-17,Mié,combined,40,14:02,13:30-15:55,113,PUT,-43.72,-23.81,-63.64,0.25,0.52,True,-984.85,-1444.85,-1484.85,-437.23,-98.48,-96.32,-98.99,-43.72,O:IWM260617C00295000,O:IWM260617P00288000,True,09:30
IWM,2026-06-17,Mié,combined,50,14:06,13:30-15:55,109,CALL,-54.55,-66.67,-42.42,0.23,0.39,True,-984.85,-1484.85,-1459.21,-545.45,-98.48,-98.99,-97.28,-54.55,O:IWM260617C00295000,O:IWM260617P00288000,True,09:30
IWM,2026-06-17,Mié,combined,60,14:29,13:30-15:55,86,PUT,-61.11,-55.56,-66.67,0.23,0.29,True,-984.85,-1441.37,-1484.85,-611.11,-98.48,-96.09,-98.99,-61.11,O:IWM260617C00295000,O:IWM260617P00288000,True,09:30
IWM,2026-06-17,Mié,leg,20,09:30,09:30-10:30,385,PUT,-13.06,25.4,-51.52,0.34,0.8,True,-984.85,-1455.44,-1484.85,-757.58,-98.48,-97.03,-98.99,-75.76,O:IWM260617C00295000,O:IWM260617P00288000,True,09:30
IWM,2026-06-17,Mié,leg,30,09:30,09:30-10:30,385,PUT,-13.06,25.4,-51.52,0.34,0.8,True,-984.85,-1455.44,-1484.85,-757.58,-98.48,-97.03,-98.99,-75.76,O:IWM260617C00295000,O:IWM260617P00288000,True,09:30
IWM,2026-06-17,Mié,leg,40,09:30,09:30-10:30,385,PUT,-13.06,25.4,-51.52,0.34,0.8,True,-984.85,-1455.44,-1484.85,-757.58,-98.48,-97.03,-98.99,-75.76,O:IWM260617C00295000,O:IWM260617P00288000,True,09:30
IWM,2026-06-17,Mié,leg,50,09:30,09:30-10:30,385,PUT,-13.06,25.4,-51.52,0.34,0.8,True,-984.85,-1455.44,-1484.85,-757.58,-98.48,-97.03,-98.99,-75.76,O:IWM260617C00295000,O:IWM260617P00288000,True,09:30
IWM,2026-06-17,Mié,leg,60,09:35,09:30-10:30,380,PUT,2.31,68.25,-63.64,0.25,1.07,True,-984.85,-1444.85,-1484.85,-818.18,-98.48,-96.32,-98.99,-81.82,O:IWM260617C00295000,O:IWM260617P00288000,True,09:30
QQQ,2026-06-18,Jue,combined,20,10:21,09:30-10:30,334,CALL,-20.47,-29.03,-11.9,0.23,0.38,True,-971.97,-1450.23,-1458.81,-204.69,-97.2,-96.68,-97.25,-20.47,O:QQQ260618C00745000,O:QQQ260618P00725000,True,09:30
QQQ,2026-06-18,Jue,combined,30,10:29,09:30-10:30,326,CALL,-33.45,-64.52,-2.38,0.12,0.42,True,-971.97,-1430.3,-1460.06,-334.49,-97.2,-95.35,-97.34,-33.45,O:QQQ260618C00745000,O:QQQ260618P00725000,True,09:30
QQQ,2026-06-18,Jue,combined,40,10:41,10:30-12:00,314,CALL,-41.78,-64.52,-19.05,0.12,0.35,True,-971.97,-1430.3,-1457.68,-417.82,-97.2,-95.35,-97.18,-41.78,O:QQQ260618C00745000,O:QQQ260618P00725000,True,09:30
QQQ,2026-06-18,Jue,combined,50,10:59,10:30-12:00,296,CALL,-51.23,-54.84,-47.62,0.15,0.23,True,-971.97,-1438.63,-1450.23,-512.29,-97.2,-95.91,-96.68,-51.23,O:QQQ260618C00745000,O:QQQ260618P00725000,True,09:30
QQQ,2026-06-18,Jue,combined,60,11:20,10:30-12:00,275,CALL,-60.83,-64.52,-57.14,0.12,0.19,True,-971.97,-1430.3,-1445.65,-608.29,-97.2,-95.35,-96.38,-60.83,O:QQQ260618C00745000,O:QQQ260618P00725000,True,09:30
QQQ,2026-06-18,Jue,leg,20,09:33,09:30-10:30,382,CALL,-12.9,-25.81,0.0,0.24,0.43,True,-971.97,-1451.13,-1460.34,-617.13,-97.2,-96.74,-97.36,-61.71,O:QQQ260618C00745000,O:QQQ260618P00725000,True,09:30
QQQ,2026-06-18,Jue,leg,30,09:34,09:30-10:30,381,CALL,-1.15,-45.16,42.86,0.18,0.61,True,-971.97,-1444.19,-1463.77,-713.9,-97.2,-96.28,-97.58,-71.39,O:QQQ260618C00745000,O:QQQ260618P00725000,True,09:30
QQQ,2026-06-18,Jue,leg,40,09:34,09:30-10:30,381,CALL,-1.15,-45.16,42.86,0.18,0.61,True,-971.97,-1444.19,-1463.77,-713.9,-97.2,-96.28,-97.58,-71.39,O:QQQ260618C00745000,O:QQQ260618P00725000,True,09:30
QQQ,2026-06-18,Jue,leg,50,09:36,09:30-10:30,379,CALL,37.29,-51.61,126.19,0.16,0.96,True,-971.97,-1440.72,-1466.76,-746.16,-97.2,-96.05,-97.78,-74.62,O:QQQ260618C00745000,O:QQQ260618P00725000,True,09:30
QQQ,2026-06-18,Jue,leg,60,09:44,09:30-10:30,371,CALL,37.56,-67.74,142.86,0.11,1.04,True,-971.97,-1426.51,-1467.16,-826.8,-97.2,-95.1,-97.81,-82.68,O:QQQ260618C00745000,O:QQQ260618P00725000,True,09:30
SPY,2026-06-18,Jue,combined,20,10:07,09:30-10:30,348,CALL,-21.4,-62.79,20.0,0.17,0.61,True,-990.0,-1490.0,-1481.8,-213.95,-99.0,-99.33,-98.79,-21.4,O:SPY260618C00752000,O:SPY260618P00741000,True,09:30
SPY,2026-06-18,Jue,combined,30,10:19,09:30-10:30,336,CALL,-30.4,-62.79,2.0,0.17,0.52,True,-990.0,-1490.0,-1480.38,-303.95,-99.0,-99.33,-98.69,-30.4,O:SPY260618C00752000,O:SPY260618P00741000,True,09:30
SPY,2026-06-18,Jue,combined,40,10:23,09:30-10:30,332,CALL,-41.23,-60.47,-22.0,0.18,0.4,True,-990.0,-1490.0,-1477.5,-412.33,-99.0,-99.33,-98.5,-41.23,O:SPY260618C00752000,O:SPY260618P00741000,True,09:30
SPY,2026-06-18,Jue,combined,50,10:46,10:30-12:00,309,CALL,-54.21,-74.42,-34.0,0.12,0.34,True,-990.0,-1490.0,-1475.29,-542.09,-99.0,-99.33,-98.35,-54.21,O:SPY260618C00752000,O:SPY260618P00741000,True,09:30
SPY,2026-06-18,Jue,combined,60,10:57,10:30-12:00,298,CALL,-61.37,-76.74,-46.0,0.11,0.28,True,-990.0,-1490.0,-1472.14,-613.72,-99.0,-99.33,-98.14,-61.37,O:SPY260618C00752000,O:SPY260618P00741000,True,09:30
SPY,2026-06-18,Jue,leg,20,09:32,09:30-10:30,383,CALL,-15.47,-20.93,-10.0,0.35,0.46,True,-990.0,-1490.0,-1479.13,-594.65,-99.0,-99.33,-98.61,-59.47,O:SPY260618C00752000,O:SPY260618P00741000,True,09:30
SPY,2026-06-18,Jue,leg,30,09:33,09:30-10:30,382,CALL,-16.77,-39.53,6.0,0.27,0.54,True,-990.0,-1490.0,-1480.74,-687.67,-99.0,-99.33,-98.72,-68.77,O:SPY260618C00752000,O:SPY260618P00741000,True,09:30
SPY,2026-06-18,Jue,leg,40,09:34,09:30-10:30,381,CALL,-2.42,-48.84,44.0,0.24,0.73,True,-990.0,-1490.0,-1483.15,-734.19,-99.0,-99.33,-98.88,-73.42,O:SPY260618C00752000,O:SPY260618P00741000,True,09:30
SPY,2026-06-18,Jue,leg,50,09:36,09:30-10:30,379,CALL,43.26,-53.49,140.0,0.21,1.22,True,-990.0,-1490.0,-1485.9,-757.44,-99.0,-99.33,-99.06,-75.74,O:SPY260618C00752000,O:SPY260618P00741000,True,09:30
SPY,2026-06-18,Jue,leg,60,09:40,09:30-10:30,375,CALL,32.77,-60.47,126.0,0.18,1.14,True,-990.0,-1490.0,-1485.61,-792.33,-99.0,-99.33,-99.04,-79.23,O:SPY260618C00752000,O:SPY260618P00741000,True,09:30
IWM,2026-06-18,Jue,combined,20,09:49,09:30-10:30,366,CALL,-21.47,-64.1,21.15,0.16,0.64,True,-987.18,-1455.93,-1487.18,-214.74,-98.72,-97.06,-99.15,-21.47,O:IWM260618C00297000,O:IWM260618P00292000,True,09:30
IWM,2026-06-18,Jue,combined,30,10:22,09:30-10:30,333,CALL,-32.05,-87.18,23.08,0.06,0.65,True,-987.18,-1403.85,-1487.18,-320.51,-98.72,-93.59,-99.15,-32.05,O:IWM260618C00297000,O:IWM260618P00292000,True,09:30
IWM,2026-06-18,Jue,combined,40,10:23,09:30-10:30,332,CALL,-40.06,-82.05,1.92,0.08,0.54,True,-987.18,-1424.68,-1487.18,-400.64,-98.72,-94.98,-99.15,-40.06,O:IWM260618C00297000,O:IWM260618P00292000,True,09:30
IWM,2026-06-18,Jue,combined,50,10:47,10:30-12:00,308,CALL,-50.32,-79.49,-21.15,0.09,0.42,True,-987.18,-1431.62,-1487.18,-503.21,-98.72,-95.44,-99.15,-50.32,O:IWM260618C00297000,O:IWM260618P00292000,True,09:30
IWM,2026-06-18,Jue,combined,60,10:58,10:30-12:00,297,CALL,-61.86,-71.79,-51.92,0.12,0.26,True,-987.18,-1445.51,-1487.18,-618.59,-98.72,-96.37,-99.15,-61.86,O:IWM260618C00297000,O:IWM260618P00292000,True,09:30
IWM,2026-06-18,Jue,leg,20,09:33,09:30-10:30,382,CALL,-16.03,-35.9,3.85,0.26,0.55,True,-987.18,-1467.95,-1487.18,-679.49,-98.72,-97.86,-99.15,-67.95,O:IWM260618C00297000,O:IWM260618P00292000,True,09:30
IWM,2026-06-18,Jue,leg,30,09:33,09:30-10:30,382,CALL,-16.03,-35.9,3.85,0.26,0.55,True,-987.18,-1467.95,-1487.18,-679.49,-98.72,-97.86,-99.15,-67.95,O:IWM260618C00297000,O:IWM260618P00292000,True,09:30
IWM,2026-06-18,Jue,leg,40,09:36,09:30-10:30,379,CALL,2.88,-46.15,51.92,0.22,0.8,True,-987.18,-1464.45,-1487.18,-730.77,-98.72,-97.63,-99.15,-73.08,O:IWM260618C00297000,O:IWM260618P00292000,True,09:30
IWM,2026-06-18,Jue,leg,50,09:41,09:30-10:30,374,CALL,-2.56,-51.28,46.15,0.2,0.77,True,-987.18,-1462.18,-1487.18,-756.41,-98.72,-97.48,-99.15,-75.64,O:IWM260618C00297000,O:IWM260618P00292000,True,09:30
IWM,2026-06-18,Jue,leg,60,09:43,09:30-10:30,372,CALL,2.88,-61.54,67.31,0.16,0.88,True,-987.18,-1455.93,-1487.18,-807.69,-98.72,-97.06,-99.15,-80.77,O:IWM260618C00297000,O:IWM260618P00292000,True,09:30
QQQ,2026-06-22,Lun,combined,20,09:40,09:30-10:30,375,CALL,-23.78,-38.3,-9.26,0.3,0.5,True,-990.74,-1490.74,-1480.74,-237.79,-99.07,-99.38,-98.72,-23.78,O:QQQ260622C00751000,O:QQQ260622P00734000,True,09:30
QQQ,2026-06-22,Lun,combined,30,09:47,09:30-10:30,368,CALL,-37.19,-59.57,-14.81,0.2,0.47,True,-990.74,-1490.74,-1480.1,-371.95,-99.07,-99.38,-98.67,-37.19,O:QQQ260622C00751000,O:QQQ260622P00734000,True,09:30
QQQ,2026-06-22,Lun,combined,40,09:51,09:30-10:30,364,CALL,-41.17,-63.83,-18.52,0.18,0.45,True,-990.74,-1490.74,-1479.63,-411.74,-99.07,-99.38,-98.64,-41.17,O:QQQ260622C00751000,O:QQQ260622P00734000,True,09:30
QQQ,2026-06-22,Lun,combined,50,10:02,09:30-10:30,353,CALL,-50.16,-59.57,-40.74,0.2,0.33,True,-990.74,-1490.74,-1475.59,-501.58,-99.07,-99.38,-98.37,-50.16,O:QQQ260622C00751000,O:QQQ260622P00734000,True,09:30
QQQ,2026-06-22,Lun,combined,60,13:26,12:00-13:30,149,CALL,-60.19,-100.0,-20.37,0.01,0.44,False,-990.74,,,-601.85,-99.07,,,-60.19,O:QQQ260622C00751000,O:QQQ260622P00734000,True,09:30
QQQ,2026-06-22,Lun,leg,20,09:31,09:30-10:30,384,CALL,-4.2,-36.17,27.78,0.32,0.7,True,-990.74,-1490.74,-1483.6,-671.59,-99.07,-99.38,-98.91,-67.16,O:QQQ260622C00751000,O:QQQ260622P00734000,True,09:30
QQQ,2026-06-22,Lun,leg,30,09:31,09:30-10:30,384,CALL,-4.2,-36.17,27.78,0.32,0.7,True,-990.74,-1490.74,-1483.6,-671.59,-99.07,-99.38,-98.91,-67.16,O:QQQ260622C00751000,O:QQQ260622P00734000,True,09:30
QQQ,2026-06-22,Lun,leg,40,09:32,09:30-10:30,383,CALL,-4.61,-42.55,33.33,0.28,0.73,True,-990.74,-1490.74,-1483.89,-703.51,-99.07,-99.38,-98.93,-70.35,O:QQQ260622C00751000,O:QQQ260622P00734000,True,09:30
QQQ,2026-06-22,Lun,leg,50,09:33,09:30-10:30,382,CALL,2.9,-55.32,61.11,0.22,0.88,True,-990.74,-1490.74,-1485.06,-767.34,-99.07,-99.38,-99.0,-76.73,O:QQQ260622C00751000,O:QQQ260622P00734000,True,09:30
QQQ,2026-06-22,Lun,leg,60,09:42,09:30-10:30,373,CALL,-14.6,-68.09,38.89,0.16,0.76,True,-990.74,-1490.74,-1484.16,-831.17,-99.07,-99.38,-98.94,-83.12,O:QQQ260622C00751000,O:QQQ260622P00734000,True,09:30
SPY,2026-06-22,Lun,combined,20,09:47,09:30-10:30,368,PUT,-26.41,-24.24,-28.57,0.31,0.26,True,-761.9,-939.32,-1261.9,-264.07,-76.19,-62.62,-84.13,-26.41,O:SPY260622C00753000,O:SPY260622P00744000,True,09:30
SPY,2026-06-22,Lun,combined,30,09:52,09:30-10:30,363,PUT,-33.01,-30.3,-35.71,0.28,0.24,True,-761.9,-904.76,-1261.9,-330.09,-76.19,-60.32,-84.13,-33.01,O:SPY260622C00753000,O:SPY260622P00744000,True,09:30
SPY,2026-06-22,Lun,combined,40,09:58,09:30-10:30,357,PUT,-40.15,-30.3,-50.0,0.22,0.24,True,-761.9,-807.36,-1261.9,-401.52,-76.19,-53.82,-84.13,-40.15,O:SPY260622C00753000,O:SPY260622P00744000,True,09:30
SPY,2026-06-22,Lun,combined,50,10:03,09:30-10:30,352,PUT,-50.11,-45.45,-54.76,0.2,0.19,True,-761.9,-761.9,-1261.9,-501.08,-76.19,-50.79,-84.13,-50.11,O:SPY260622C00753000,O:SPY260622P00744000,True,09:30
SPY,2026-06-22,Lun,combined,60,14:15,13:30-15:55,100,CALL,-61.58,-96.97,-26.19,0.02,0.32,True,-761.9,-1261.9,-949.4,-615.8,-76.19,-84.13,-63.29,-61.58,O:SPY260622C00753000,O:SPY260622P00744000,True,09:30
SPY,2026-06-22,Lun,leg,20,09:33,09:30-10:30,382,CALL,0.11,-21.21,21.43,0.27,0.52,True,-761.9,-1261.9,-1069.6,-367.97,-76.19,-84.13,-71.31,-36.8,O:SPY260622C00753000,O:SPY260622P00744000,True,09:30
SPY,2026-06-22,Lun,leg,30,09:39,09:30-10:30,376,PUT,-10.93,9.09,-30.95,0.3,0.37,True,-761.9,-928.57,-1261.9,-654.76,-76.19,-61.9,-84.13,-65.48,O:SPY260622C00753000,O:SPY260622P00744000,True,09:30
SPY,2026-06-22,Lun,leg,40,09:54,09:30-10:30,361,CALL,-36.69,-42.42,-30.95,0.2,0.3,True,-761.9,-1261.9,-928.57,-474.03,-76.19,-84.13,-61.9,-47.4,O:SPY260622C00753000,O:SPY260622P00744000,True,09:30
SPY,2026-06-22,Lun,leg,50,09:58,09:30-10:30,357,PUT,-40.15,-30.3,-50.0,0.22,0.24,True,-761.9,-807.36,-1261.9,-750.0,-76.19,-53.82,-84.13,-75.0,O:SPY260622C00753000,O:SPY260622P00744000,True,09:30
SPY,2026-06-22,Lun,leg,60,10:09,09:30-10:30,346,PUT,-53.68,-45.45,-61.9,0.17,0.19,True,-761.9,-673.67,-1261.9,-809.52,-76.19,-44.91,-84.13,-80.95,O:SPY260622C00753000,O:SPY260622P00744000,True,09:30
IWM,2026-06-22,Lun,combined,20,10:15,09:30-10:30,340,PUT,-20.96,10.0,-51.92,0.26,0.46,True,-987.5,-1487.5,-1476.63,-209.62,-98.75,-99.17,-98.44,-20.96,O:IWM260622C00299000,O:IWM260622P00296000,True,09:30
IWM,2026-06-22,Lun,combined,30,10:18,09:30-10:30,337,PUT,-31.73,-25.0,-38.46,0.33,0.31,True,-987.5,-1487.5,-1471.37,-317.31,-98.75,-99.17,-98.09,-31.73,O:IWM260622C00299000,O:IWM260622P00296000,True,09:30
IWM,2026-06-22,Lun,combined,40,10:59,10:30-12:00,296,CALL,-41.73,-70.0,-13.46,0.13,0.46,True,-987.5,-1449.04,-1487.5,-417.31,-98.75,-96.6,-99.17,-41.73,O:IWM260622C00299000,O:IWM260622P00296000,True,09:30
IWM,2026-06-22,Lun,combined,50,11:12,10:30-12:00,283,CALL,-52.12,-60.0,-44.23,0.17,0.3,True,-987.5,-1458.09,-1487.5,-521.15,-98.75,-97.21,-99.17,-52.12,O:IWM260622C00299000,O:IWM260622P00296000,True,09:30
IWM,2026-06-22,Lun,combined,60,11:40,10:30-12:00,255,PUT,-60.19,-55.0,-65.38,0.19,0.2,True,-987.5,-1487.5,-1462.5,-601.92,-98.75,-99.17,-97.5,-60.19,O:IWM260622C00299000,O:IWM260622P00296000,True,09:30
IWM,2026-06-22,Lun,leg,20,09:32,09:30-10:30,383,PUT,50.0,125.0,-25.0,0.4,0.92,True,-987.5,-1487.5,-1482.07,-612.5,-98.75,-99.17,-98.8,-61.25,O:IWM260622C00299000,O:IWM260622P00296000,True,09:30
IWM,2026-06-22,Lun,leg,30,09:36,09:30-10:30,379,PUT,39.52,117.5,-38.46,0.33,0.89,True,-987.5,-1487.5,-1481.88,-679.81,-98.75,-99.17,-98.79,-67.98,O:IWM260622C00299000,O:IWM260622P00296000,True,09:30
IWM,2026-06-22,Lun,leg,40,09:38,09:30-10:30,377,PUT,28.56,97.5,-40.38,0.32,0.8,True,-987.5,-1487.5,-1481.25,-689.42,-98.75,-99.17,-98.75,-68.94,O:IWM260622C00299000,O:IWM260622P00296000,True,09:30
IWM,2026-06-22,Lun,leg,50,09:47,09:30-10:30,368,PUT,36.83,127.5,-53.85,0.25,0.92,True,-987.5,-1487.5,-1482.07,-756.73,-98.75,-99.17,-98.8,-75.67,O:IWM260622C00299000,O:IWM260622P00296000,True,09:30
IWM,2026-06-22,Lun,leg,60,09:55,09:30-10:30,360,PUT,44.52,152.5,-63.46,0.2,1.02,True,-987.5,-1487.5,-1482.6,-804.81,-98.75,-99.17,-98.84,-80.48,O:IWM260622C00299000,O:IWM260622P00296000,True,09:30
SPY,2026-06-23,Mar,combined,20,09:37,09:30-10:30,378,PUT,-22.6,-18.37,-26.83,0.31,0.41,True,-989.8,-1489.8,-1477.6,-225.98,-98.98,-99.32,-98.51,-22.6,O:SPY260623C00740000,O:SPY260623P00722000,True,09:30
SPY,2026-06-23,Mar,combined,30,10:56,10:30-12:00,299,PUT,-32.88,24.49,-90.24,0.05,0.62,True,-989.8,-1489.8,-1481.73,-328.77,-98.98,-99.32,-98.78,-32.88,O:SPY260623C00740000,O:SPY260623P00722000,True,09:30
SPY,2026-06-23,Mar,combined,40,11:03,10:30-12:00,292,PUT,-42.06,6.12,-90.24,0.05,0.53,True,-989.8,-1489.8,-1480.36,-420.61,-98.98,-99.32,-98.69,-42.06,O:SPY260623C00740000,O:SPY260623P00722000,True,09:30
SPY,2026-06-23,Mar,combined,50,11:05,10:30-12:00,290,PUT,-52.26,-14.29,-90.24,0.05,0.43,True,-989.8,-1489.8,-1478.17,-522.65,-98.98,-99.32,-98.54,-52.26,O:SPY260623C00740000,O:SPY260623P00722000,True,09:30
SPY,2026-06-23,Mar,combined,60,11:16,10:30-12:00,279,PUT,-61.25,-34.69,-87.8,0.06,0.33,True,-989.8,-1489.8,-1474.64,-612.49,-98.98,-99.32,-98.31,-61.25,O:SPY260623C00740000,O:SPY260623P00722000,True,09:30
SPY,2026-06-23,Mar,leg,20,09:32,09:30-10:30,383,PUT,-0.97,22.45,-24.39,0.32,0.61,True,-989.8,-1489.8,-1481.6,-611.75,-98.98,-99.32,-98.77,-61.17,O:SPY260623C00740000,O:SPY260623P00722000,True,09:30
SPY,2026-06-23,Mar,leg,30,09:34,09:30-10:30,381,PUT,-12.37,14.29,-39.02,0.27,0.57,True,-989.8,-1489.8,-1481.02,-684.92,-98.98,-99.32,-98.73,-68.49,O:SPY260623C00740000,O:SPY260623P00722000,True,09:30
SPY,2026-06-23,Mar,leg,40,09:38,09:30-10:30,377,PUT,-25.01,-6.12,-43.9,0.24,0.47,True,-989.8,-1489.8,-1479.16,-709.31,-98.98,-99.32,-98.61,-70.93,O:SPY260623C00740000,O:SPY260623P00722000,True,09:30
SPY,2026-06-23,Mar,leg,50,09:41,09:30-10:30,374,PUT,-18.47,14.29,-51.22,0.21,0.57,True,-989.8,-1489.8,-1481.02,-745.89,-98.98,-99.32,-98.73,-74.59,O:SPY260623C00740000,O:SPY260623P00722000,True,09:30
SPY,2026-06-23,Mar,leg,60,09:42,09:30-10:30,373,PUT,-16.2,28.57,-60.98,0.17,0.64,True,-989.8,-1489.8,-1481.98,-794.67,-98.98,-99.32,-98.8,-79.47,O:SPY260623C00740000,O:SPY260623P00722000,True,09:30
IWM,2026-06-23,Mar,combined,20,13:57,13:30-15:55,118,PUT,-21.43,57.14,-100.0,0.01,0.57,False,-871.43,,,-214.29,-87.14,,,-21.43,O:IWM260623C00296000,O:IWM260623P00289000,True,09:30
IWM,2026-06-23,Mar,combined,30,14:07,13:30-15:55,108,PUT,-42.86,14.29,-100.0,0.01,0.42,False,-871.43,,,-428.57,-87.14,,,-42.86,O:IWM260623C00296000,O:IWM260623P00289000,True,09:30
IWM,2026-06-23,Mar,combined,40,14:07,13:30-15:55,108,PUT,-42.86,14.29,-100.0,0.01,0.42,False,-871.43,,,-428.57,-87.14,,,-42.86,O:IWM260623C00296000,O:IWM260623P00289000,True,09:30
IWM,2026-06-23,Mar,combined,50,14:20,13:30-15:55,95,PUT,-52.86,-5.71,-100.0,0.01,0.34,False,-871.43,,,-528.57,-87.14,,,-52.86,O:IWM260623C00296000,O:IWM260623P00289000,True,09:30
IWM,2026-06-23,Mar,combined,60,14:33,13:30-15:55,82,PUT,-61.43,-22.86,-100.0,0.01,0.28,False,-871.43,,,-614.29,-87.14,,,-61.43,O:IWM260623C00296000,O:IWM260623P00289000,True,09:30
IWM,2026-06-23,Mar,leg,20,09:31,09:30-10:30,384,PUT,5.98,51.43,-39.47,0.25,0.54,True,-871.43,-1371.43,-1288.1,-568.8,-87.14,-91.43,-85.87,-56.88,O:IWM260623C00296000,O:IWM260623P00289000,True,09:30
IWM,2026-06-23,Mar,leg,30,09:31,09:30-10:30,384,PUT,5.98,51.43,-39.47,0.25,0.54,True,-871.43,-1371.43,-1288.1,-568.8,-87.14,-91.43,-85.87,-56.88,O:IWM260623C00296000,O:IWM260623P00289000,True,09:30
IWM,2026-06-23,Mar,leg,40,09:38,09:30-10:30,377,PUT,-7.86,34.29,-50.0,0.2,0.48,True,-871.43,-1371.43,-1277.68,-621.43,-87.14,-91.43,-85.18,-62.14,O:IWM260623C00296000,O:IWM260623P00289000,True,09:30
IWM,2026-06-23,Mar,leg,50,09:38,09:30-10:30,377,PUT,-7.86,34.29,-50.0,0.2,0.48,True,-871.43,-1371.43,-1277.68,-621.43,-87.14,-91.43,-85.18,-62.14,O:IWM260623C00296000,O:IWM260623P00289000,True,09:30
IWM,2026-06-23,Mar,leg,60,09:40,09:30-10:30,375,PUT,-0.15,62.86,-63.16,0.15,0.59,True,-871.43,-1371.43,-1295.16,-687.22,-87.14,-91.43,-86.34,-68.72,O:IWM260623C00296000,O:IWM260623P00289000,True,09:30
SPY,2026-06-24,Mié,combined,20,09:58,09:30-10:30,357,PUT,-21.53,19.44,-62.5,0.13,0.44,True,-970.49,-1432.02,-1459.12,-215.28,-97.05,-95.47,-97.27,-21.53,O:SPY260624C00741000,O:SPY260624P00726000,True,09:30
SPY,2026-06-24,Mié,combined,30,09:59,09:30-10:30,356,PUT,-31.25,0.0,-62.5,0.13,0.37,True,-970.49,-1432.02,-1456.97,-312.5,-97.05,-95.47,-97.13,-31.25,O:SPY260624C00741000,O:SPY260624P00726000,True,09:30
SPY,2026-06-24,Mié,combined,40,10:14,09:30-10:30,341,PUT,-40.97,-19.44,-62.5,0.13,0.3,True,-970.49,-1432.02,-1453.82,-409.72,-97.05,-95.47,-96.92,-40.97,O:SPY260624C00741000,O:SPY260624P00726000,True,09:30
SPY,2026-06-24,Mié,combined,50,10:39,10:30-12:00,316,PUT,-52.6,-33.33,-71.88,0.1,0.25,True,-970.49,-1420.49,-1450.49,-526.04,-97.05,-94.7,-96.7,-52.6,O:SPY260624C00741000,O:SPY260624P00726000,True,09:30
SPY,2026-06-24,Mié,combined,60,12:30,12:00-13:30,205,PUT,-64.93,-36.11,-93.75,0.03,0.24,True,-970.49,-1303.82,-1449.65,-649.31,-97.05,-86.92,-96.64,-64.93,O:SPY260624C00741000,O:SPY260624P00726000,True,09:30
SPY,2026-06-24,Mié,leg,20,09:32,09:30-10:30,383,PUT,13.54,58.33,-31.25,0.23,0.58,True,-970.49,-1448.75,-1461.87,-642.36,-97.05,-96.58,-97.46,-64.24,O:SPY260624C00741000,O:SPY260624P00726000,True,09:30
SPY,2026-06-24,Mié,leg,30,09:32,09:30-10:30,383,PUT,13.54,58.33,-31.25,0.23,0.58,True,-970.49,-1448.75,-1461.87,-642.36,-97.05,-96.58,-97.46,-64.24,O:SPY260624C00741000,O:SPY260624P00726000,True,09:30
SPY,2026-06-24,Mié,leg,40,09:33,09:30-10:30,382,PUT,25.35,94.44,-43.75,0.19,0.71,True,-970.49,-1444.17,-1463.44,-704.86,-97.05,-96.28,-97.56,-70.49,O:SPY260624C00741000,O:SPY260624P00726000,True,09:30
SPY,2026-06-24,Mié,leg,50,09:34,09:30-10:30,381,PUT,19.44,88.89,-50.0,0.17,0.69,True,-970.49,-1441.07,-1463.24,-736.11,-97.05,-96.07,-97.55,-73.61,O:SPY260624C00741000,O:SPY260624P00726000,True,09:30
SPY,2026-06-24,Mié,leg,60,09:52,09:30-10:30,363,PUT,18.75,100.0,-62.5,0.13,0.73,True,-970.49,-1432.02,-1463.64,-798.61,-97.05,-95.47,-97.58,-79.86,O:SPY260624C00741000,O:SPY260624P00726000,True,09:30
IWM,2026-06-24,Mié,combined,20,09:37,09:30-10:30,378,PUT,-20.51,4.44,-45.45,0.25,0.48,True,-1000.0,-1500.0,-1500.0,-205.05,-100.0,-100.0,-100.0,-20.51,O:IWM260624C00298000,O:IWM260624P00293000,True,09:30
IWM,2026-06-24,Mié,combined,30,09:40,09:30-10:30,375,CALL,-32.58,-33.33,-31.82,0.31,0.31,True,-1000.0,-1500.0,-1500.0,-325.76,-100.0,-100.0,-100.0,-32.58,O:IWM260624C00298000,O:IWM260624P00293000,True,09:30
IWM,2026-06-24,Mié,combined,40,10:03,09:30-10:30,352,PUT,-44.02,-26.67,-61.36,0.19,0.34,True,-1000.0,-1500.0,-1500.0,-440.15,-100.0,-100.0,-100.0,-44.02,O:IWM260624C00298000,O:IWM260624P00293000,True,09:30
IWM,2026-06-24,Mié,combined,50,13:13,12:00-13:30,162,PUT,-53.31,-8.89,-97.73,0.02,0.42,True,-1000.0,-1500.0,-1500.0,-533.08,-100.0,-100.0,-100.0,-53.31,O:IWM260624C00298000,O:IWM260624P00293000,True,09:30
IWM,2026-06-24,Mié,combined,60,13:16,12:00-13:30,159,PUT,-63.28,-31.11,-95.45,0.03,0.32,True,-1000.0,-1500.0,-1500.0,-632.83,-100.0,-100.0,-100.0,-63.28,O:IWM260624C00298000,O:IWM260624P00293000,True,09:30
IWM,2026-06-24,Mié,leg,20,09:31,09:30-10:30,384,CALL,-14.44,-28.89,0.0,0.34,0.45,True,-1000.0,-1500.0,-1500.0,-644.44,-100.0,-100.0,-100.0,-64.44,O:IWM260624C00298000,O:IWM260624P00293000,True,09:30
IWM,2026-06-24,Mié,leg,30,09:33,09:30-10:30,382,PUT,-3.81,35.56,-43.18,0.26,0.62,True,-1000.0,-1500.0,-1500.0,-715.91,-100.0,-100.0,-100.0,-71.59,O:IWM260624C00298000,O:IWM260624P00293000,True,09:30
IWM,2026-06-24,Mié,leg,40,09:33,09:30-10:30,382,PUT,-3.81,35.56,-43.18,0.26,0.62,True,-1000.0,-1500.0,-1500.0,-715.91,-100.0,-100.0,-100.0,-71.59,O:IWM260624C00298000,O:IWM260624P00293000,True,09:30
IWM,2026-06-24,Mié,leg,50,09:34,09:30-10:30,381,PUT,-1.67,46.67,-50.0,0.23,0.67,True,-1000.0,-1500.0,-1500.0,-750.0,-100.0,-100.0,-100.0,-75.0,O:IWM260624C00298000,O:IWM260624P00293000,True,09:30
IWM,2026-06-24,Mié,leg,60,09:42,09:30-10:30,373,CALL,-20.91,-60.0,18.18,0.19,0.53,True,-1000.0,-1500.0,-1500.0,-800.0,-100.0,-100.0,-100.0,-80.0,O:IWM260624C00298000,O:IWM260624P00293000,True,09:30
SPY,2026-06-25,Jue,combined,20,10:52,10:30-12:00,303,CALL,-23.76,-72.0,24.49,0.08,0.62,True,-153.06,-653.06,16.29,-237.55,-15.31,-43.54,1.09,-23.76,O:SPY260625C00745000,O:SPY260625P00733000,True,09:30
SPY,2026-06-25,Jue,combined,30,12:15,12:00-13:30,220,CALL,-30.69,-92.0,30.61,0.03,0.65,True,-153.06,-653.06,-14.6,-306.94,-15.31,-43.54,-0.97,-30.69,O:SPY260625C00745000,O:SPY260625P00733000,True,09:30
SPY,2026-06-25,Jue,combined,40,14:23,13:30-15:55,92,CALL,-41.88,-96.0,12.24,0.02,0.56,True,-153.06,-653.06,88.01,-418.78,-15.31,-43.54,5.87,-41.88,O:SPY260625C00745000,O:SPY260625P00733000,True,09:30
SPY,2026-06-25,Jue,combined,50,14:25,13:30-15:55,90,CALL,-55.14,-96.0,-14.29,0.02,0.43,True,-153.06,-653.06,312.06,-551.43,-15.31,-43.54,20.8,-55.14,O:SPY260625C00745000,O:SPY260625P00733000,True,09:30
SPY,2026-06-25,Jue,combined,60,14:28,13:30-15:55,87,CALL,-60.24,-96.0,-24.49,0.02,0.38,True,-153.06,-653.06,439.04,-602.45,-15.31,-43.54,29.27,-60.24,O:SPY260625C00745000,O:SPY260625P00733000,True,09:30
SPY,2026-06-25,Jue,leg,20,09:31,09:30-10:30,384,CALL,9.43,-24.0,42.86,0.2,0.71,True,-153.06,-653.06,-68.55,226.94,-15.31,-43.54,-4.57,22.69,O:SPY260625C00745000,O:SPY260625P00733000,True,09:30
SPY,2026-06-25,Jue,leg,30,09:32,09:30-10:30,383,CALL,28.94,-36.0,93.88,0.17,0.96,True,-153.06,-653.06,-220.77,166.94,-15.31,-43.54,-14.72,16.69,O:SPY260625C00745000,O:SPY260625P00733000,True,09:30
SPY,2026-06-25,Jue,leg,40,09:33,09:30-10:30,382,CALL,28.98,-40.0,97.96,0.16,0.98,True,-153.06,-653.06,-229.59,146.94,-15.31,-43.54,-15.31,14.69,O:SPY260625C00745000,O:SPY260625P00733000,True,09:30
SPY,2026-06-25,Jue,leg,50,09:37,09:30-10:30,378,CALL,2.57,-52.0,57.14,0.13,0.78,True,-153.06,-653.06,-121.01,86.94,-15.31,-43.54,-8.07,8.69,O:SPY260625C00745000,O:SPY260625P00733000,True,09:30
SPY,2026-06-25,Jue,leg,60,09:38,09:30-10:30,377,CALL,7.76,-60.0,75.51,0.11,0.87,True,-153.06,-653.06,-176.05,46.94,-15.31,-43.54,-11.74,4.69,O:SPY260625C00745000,O:SPY260625P00733000,True,09:30
IWM,2026-06-25,Jue,combined,20,09:47,09:30-10:30,368,PUT,-22.27,14.55,-59.09,0.19,0.64,True,-1000.0,-1500.0,-1500.0,-222.73,-100.0,-100.0,-100.0,-22.27,O:IWM260625C00300000,O:IWM260625P00293000,True,09:30
IWM,2026-06-25,Jue,combined,30,09:56,09:30-10:30,359,PUT,-35.45,-34.55,-36.36,0.29,0.37,True,-1000.0,-1500.0,-1500.0,-354.55,-100.0,-100.0,-100.0,-35.45,O:IWM260625C00300000,O:IWM260625P00293000,True,09:30
IWM,2026-06-25,Jue,combined,40,11:12,10:30-12:00,283,PUT,-49.77,-20.0,-79.55,0.1,0.45,True,-1000.0,-1500.0,-1500.0,-497.73,-100.0,-100.0,-100.0,-49.77,O:IWM260625C00300000,O:IWM260625P00293000,True,09:30
IWM,2026-06-25,Jue,combined,50,11:14,10:30-12:00,281,PUT,-52.5,-25.45,-79.55,0.1,0.42,True,-1000.0,-1500.0,-1500.0,-525.0,-100.0,-100.0,-100.0,-52.5,O:IWM260625C00300000,O:IWM260625P00293000,True,09:30
IWM,2026-06-25,Jue,combined,60,11:34,10:30-12:00,261,PUT,-65.45,-40.0,-90.91,0.05,0.34,True,-1000.0,-1500.0,-1500.0,-654.55,-100.0,-100.0,-100.0,-65.45,O:IWM260625C00300000,O:IWM260625P00293000,True,09:30
IWM,2026-06-25,Jue,leg,20,09:30,09:30-10:30,385,PUT,12.73,116.36,-90.91,0.06,1.2,True,-1000.0,-1500.0,-1500.0,-954.55,-100.0,-100.0,-100.0,-95.45,O:IWM260625C00300000,O:IWM260625P00293000,True,09:30
IWM,2026-06-25,Jue,leg,30,09:30,09:30-10:30,385,PUT,12.73,116.36,-90.91,0.06,1.2,True,-1000.0,-1500.0,-1500.0,-954.55,-100.0,-100.0,-100.0,-95.45,O:IWM260625C00300000,O:IWM260625P00293000,True,09:30
IWM,2026-06-25,Jue,leg,40,09:30,09:30-10:30,385,PUT,12.73,116.36,-90.91,0.06,1.2,True,-1000.0,-1500.0,-1500.0,-954.55,-100.0,-100.0,-100.0,-95.45,O:IWM260625C00300000,O:IWM260625P00293000,True,09:30
IWM,2026-06-25,Jue,leg,50,09:30,09:30-10:30,385,PUT,12.73,116.36,-90.91,0.06,1.2,True,-1000.0,-1500.0,-1500.0,-954.55,-100.0,-100.0,-100.0,-95.45,O:IWM260625C00300000,O:IWM260625P00293000,True,09:30
IWM,2026-06-25,Jue,leg,60,09:30,09:30-10:30,385,PUT,12.73,116.36,-90.91,0.06,1.2,True,-1000.0,-1500.0,-1500.0,-954.55,-100.0,-100.0,-100.0,-95.45,O:IWM260625C00300000,O:IWM260625P00293000,True,09:30
SPY,2026-06-26,Vie,combined,20,09:41,09:30-10:30,374,CALL,-22.39,-34.15,-10.64,0.28,0.43,True,-975.61,-1439.9,-1475.61,-223.92,-97.56,-95.99,-98.37,-22.39,O:SPY260626C00736000,O:SPY260626P00720000,True,09:30
SPY,2026-06-26,Vie,combined,30,09:43,09:30-10:30,372,PUT,-31.5,-26.83,-36.17,0.31,0.31,True,-975.61,-1475.61,-1443.35,-315.0,-97.56,-98.37,-96.22,-31.5,O:SPY260626C00736000,O:SPY260626P00720000,True,09:30
SPY,2026-06-26,Vie,combined,40,09:54,09:30-10:30,361,PUT,-42.76,-36.59,-48.94,0.25,0.27,True,-975.61,-1475.61,-1438.57,-427.61,-97.56,-98.37,-95.9,-42.76,O:SPY260626C00736000,O:SPY260626P00720000,True,09:30
SPY,2026-06-26,Vie,combined,50,11:12,10:30-12:00,283,PUT,-53.37,-19.51,-87.23,0.07,0.34,True,-975.61,-1475.61,-1446.2,-533.73,-97.56,-98.37,-96.41,-53.37,O:SPY260626C00736000,O:SPY260626P00720000,True,09:30
SPY,2026-06-26,Vie,combined,60,13:40,13:30-15:55,135,PUT,-64.79,-31.71,-97.87,0.02,0.29,True,-975.61,-1475.61,-1441.13,-647.9,-97.56,-98.37,-96.08,-64.79,O:SPY260626C00736000,O:SPY260626P00720000,True,09:30
SPY,2026-06-26,Vie,leg,20,09:31,09:30-10:30,384,PUT,-2.1,17.07,-21.28,0.38,0.49,True,-975.61,-1475.61,-1455.2,-581.99,-97.56,-98.37,-97.01,-58.2,O:SPY260626C00736000,O:SPY260626P00720000,True,09:30
SPY,2026-06-26,Vie,leg,30,09:40,09:30-10:30,375,CALL,-18.14,-34.15,-2.13,0.28,0.47,True,-975.61,-1439.9,-1475.61,-670.73,-97.56,-95.99,-98.37,-67.07,O:SPY260626C00736000,O:SPY260626P00720000,True,09:30
SPY,2026-06-26,Vie,leg,40,09:44,09:30-10:30,371,PUT,-32.41,-24.39,-40.43,0.29,0.32,True,-975.61,-1475.61,-1444.36,-677.74,-97.56,-98.37,-96.29,-67.77,O:SPY260626C00736000,O:SPY260626P00720000,True,09:30
SPY,2026-06-26,Vie,leg,50,09:56,09:30-10:30,359,PUT,-33.13,-2.44,-63.83,0.18,0.41,True,-975.61,-1475.61,-1451.22,-794.76,-97.56,-98.37,-96.75,-79.48,O:SPY260626C00736000,O:SPY260626P00720000,True,09:30
SPY,2026-06-26,Vie,leg,60,09:56,09:30-10:30,359,PUT,-33.13,-2.44,-63.83,0.18,0.41,True,-975.61,-1475.61,-1451.22,-794.76,-97.56,-98.37,-96.75,-79.48,O:SPY260626C00736000,O:SPY260626P00720000,True,09:30
IWM,2026-06-26,Vie,combined,20,09:36,09:30-10:30,379,CALL,-23.6,-32.2,-15.0,0.41,0.35,True,-945.13,-1384.15,-1430.84,-236.02,-94.51,-92.28,-95.39,-23.6,O:IWM260626C00299000,O:IWM260626P00293000,True,09:30
IWM,2026-06-26,Vie,combined,30,09:41,09:30-10:30,374,PUT,-32.67,-20.34,-45.0,0.23,0.48,True,-945.13,-1423.39,-1393.04,-326.69,-94.51,-94.89,-92.87,-32.67,O:IWM260626C00299000,O:IWM260626P00293000,True,09:30
IWM,2026-06-26,Vie,combined,40,09:53,09:30-10:30,362,PUT,-43.24,-38.98,-47.5,0.22,0.38,True,-945.13,-1422.4,-1379.34,-432.42,-94.51,-94.83,-91.96,-43.24,O:IWM260626C00299000,O:IWM260626P00293000,True,09:30
IWM,2026-06-26,Vie,combined,50,10:58,10:30-12:00,297,PUT,-50.13,-15.25,-85.0,0.07,0.51,True,-945.13,-1373.7,-1396.11,-501.27,-94.51,-91.58,-93.07,-50.13,O:IWM260626C00299000,O:IWM260626P00293000,True,09:30
IWM,2026-06-26,Vie,combined,60,11:12,10:30-12:00,283,PUT,-61.14,-37.29,-85.0,0.07,0.38,True,-945.13,-1373.7,-1379.34,-611.44,-94.51,-91.58,-91.96,-61.14,O:IWM260626C00299000,O:IWM260626P00293000,True,09:30
IWM,2026-06-26,Vie,leg,20,09:33,09:30-10:30,382,CALL,-0.74,-38.98,37.5,0.37,0.56,True,-945.13,-1377.56,-1436.2,-682.42,-94.51,-91.84,-95.75,-68.24,O:IWM260626C00299000,O:IWM260626P00293000,True,09:30
IWM,2026-06-26,Vie,leg,30,09:33,09:30-10:30,382,CALL,-0.74,-38.98,37.5,0.37,0.56,True,-945.13,-1377.56,-1436.2,-682.42,-94.51,-91.84,-95.75,-68.24,O:IWM260626C00299000,O:IWM260626P00293000,True,09:30
IWM,2026-06-26,Vie,leg,40,09:37,09:30-10:30,378,CALL,-20.34,-40.68,0.0,0.36,0.41,True,-945.13,-1375.68,-1432.93,-690.89,-94.51,-91.71,-95.53,-69.09,O:IWM260626C00299000,O:IWM260626P00293000,True,09:30
IWM,2026-06-26,Vie,leg,50,09:42,09:30-10:30,373,PUT,-33.47,-16.95,-50.0,0.21,0.5,True,-945.13,-1421.32,-1395.13,-707.63,-94.51,-94.75,-93.01,-70.76,O:IWM260626C00299000,O:IWM260626P00293000,True,09:30
IWM,2026-06-26,Vie,leg,60,09:43,09:30-10:30,372,PUT,-30.81,3.39,-65.0,0.15,0.63,True,-945.13,-1411.79,-1405.44,-782.63,-94.51,-94.12,-93.7,-78.26,O:IWM260626C00299000,O:IWM260626P00293000,True,09:30
SPY,2026-06-29,Lun,combined,20,10:28,09:30-10:30,327,PUT,-23.5,-18.42,-28.57,0.31,0.32,True,-119.67,-603.55,411.58,-234.96,-11.97,-40.24,27.44,-23.5,O:SPY260629C00740000,O:SPY260629P00729000,True,09:30
SPY,2026-06-29,Lun,combined,30,10:46,10:30-12:00,309,PUT,-30.64,-18.42,-42.86,0.25,0.32,True,-119.67,-599.67,411.58,-306.39,-11.97,-39.98,27.44,-30.64,O:SPY260629C00740000,O:SPY260629P00729000,True,09:30
SPY,2026-06-29,Lun,combined,40,11:08,10:30-12:00,287,PUT,-40.98,-10.53,-71.43,0.13,0.35,True,-119.67,-581.21,323.18,-409.77,-11.97,-38.75,21.55,-40.98,O:SPY260629C00740000,O:SPY260629P00729000,True,09:30
SPY,2026-06-29,Lun,combined,50,11:11,10:30-12:00,284,PUT,-50.31,-31.58,-69.05,0.14,0.27,True,-119.67,-583.96,602.55,-503.13,-11.97,-38.93,40.17,-50.31,O:SPY260629C00740000,O:SPY260629P00729000,True,09:30
SPY,2026-06-29,Lun,leg,20,09:31,09:30-10:30,384,PUT,35.59,97.37,-26.19,0.32,0.76,True,-119.67,-604.05,-185.46,237.47,-11.97,-40.27,-12.36,23.75,O:SPY260629C00740000,O:SPY260629P00729000,True,09:30
SPY,2026-06-29,Lun,leg,30,09:32,09:30-10:30,383,PUT,57.14,150.0,-35.71,0.28,0.97,True,-119.67,-601.82,-279.47,189.85,-11.97,-40.12,-18.63,18.98,O:SPY260629C00740000,O:SPY260629P00729000,True,09:30
SPY,2026-06-29,Lun,leg,40,09:33,09:30-10:30,382,PUT,59.21,168.42,-50.0,0.22,1.03,True,-119.67,-596.95,-299.29,118.42,-11.97,-39.8,-19.95,11.84,O:SPY260629C00740000,O:SPY260629P00729000,True,09:30
SPY,2026-06-29,Lun,leg,50,09:33,09:30-10:30,382,PUT,59.21,168.42,-50.0,0.22,1.03,True,-119.67,-596.95,-299.29,118.42,-11.97,-39.8,-19.95,11.84,O:SPY260629C00740000,O:SPY260629P00729000,True,09:30
SPY,2026-06-29,Lun,leg,60,09:42,09:30-10:30,373,PUT,47.99,157.89,-61.9,0.17,0.99,True,-119.67,-590.26,-286.34,58.9,-11.97,-39.35,-19.09,5.89,O:SPY260629C00740000,O:SPY260629P00729000,True,09:30
IWM,2026-06-29,Lun,combined,20,09:30,09:30-10:30,385,CALL,-44.71,-81.25,-8.16,0.1,0.49,True,-989.58,-1439.58,-1489.58,-447.07,-98.96,-95.97,-99.31,-44.71,O:IWM260629C00302000,O:IWM260629P00295000,True,09:30
IWM,2026-06-29,Lun,combined,30,09:30,09:30-10:30,385,CALL,-44.71,-81.25,-8.16,0.1,0.49,True,-989.58,-1439.58,-1489.58,-447.07,-98.96,-95.97,-99.31,-44.71,O:IWM260629C00302000,O:IWM260629P00295000,True,09:30
IWM,2026-06-29,Lun,combined,40,09:30,09:30-10:30,385,CALL,-44.71,-81.25,-8.16,0.1,0.49,True,-989.58,-1439.58,-1489.58,-447.07,-98.96,-95.97,-99.31,-44.71,O:IWM260629C00302000,O:IWM260629P00295000,True,09:30
IWM,2026-06-29,Lun,combined,50,09:31,09:30-10:30,384,CALL,-51.72,-68.75,-34.69,0.16,0.33,True,-989.58,-1458.33,-1489.58,-517.22,-98.96,-97.22,-99.31,-51.72,O:IWM260629C00302000,O:IWM260629P00295000,True,09:30
IWM,2026-06-29,Lun,combined,60,09:34,09:30-10:30,381,CALL,-61.95,-70.83,-53.06,0.15,0.24,True,-989.58,-1456.25,-1489.58,-619.47,-98.96,-97.08,-99.31,-61.95,O:IWM260629C00302000,O:IWM260629P00295000,True,09:30
IWM,2026-06-29,Lun,leg,20,09:30,09:30-10:30,385,CALL,-44.71,-81.25,-8.16,0.1,0.49,True,-989.58,-1439.58,-1489.58,-906.25,-98.96,-95.97,-99.31,-90.62,O:IWM260629C00302000,O:IWM260629P00295000,True,09:30
IWM,2026-06-29,Lun,leg,30,09:30,09:30-10:30,385,CALL,-44.71,-81.25,-8.16,0.1,0.49,True,-989.58,-1439.58,-1489.58,-906.25,-98.96,-95.97,-99.31,-90.62,O:IWM260629C00302000,O:IWM260629P00295000,True,09:30
IWM,2026-06-29,Lun,leg,40,09:30,09:30-10:30,385,CALL,-44.71,-81.25,-8.16,0.1,0.49,True,-989.58,-1439.58,-1489.58,-906.25,-98.96,-95.97,-99.31,-90.62,O:IWM260629C00302000,O:IWM260629P00295000,True,09:30
IWM,2026-06-29,Lun,leg,50,09:30,09:30-10:30,385,CALL,-44.71,-81.25,-8.16,0.1,0.49,True,-989.58,-1439.58,-1489.58,-906.25,-98.96,-95.97,-99.31,-90.62,O:IWM260629C00302000,O:IWM260629P00295000,True,09:30
IWM,2026-06-29,Lun,leg,60,09:30,09:30-10:30,385,CALL,-44.71,-81.25,-8.16,0.1,0.49,True,-989.58,-1439.58,-1489.58,-906.25,-98.96,-95.97,-99.31,-90.62,O:IWM260629C00302000,O:IWM260629P00295000,True,09:30
SPY,2026-06-30,Mar,combined,20,09:31,09:30-10:30,384,PUT,-20.39,7.14,-47.92,0.26,0.46,True,797.62,297.62,1938.92,-203.87,79.76,19.84,129.26,-20.39,O:SPY260630C00746000,O:SPY260630P00733000,True,09:30
SPY,2026-06-30,Mar,combined,30,09:39,09:30-10:30,376,PUT,-33.18,-14.29,-52.08,0.24,0.37,True,797.62,297.62,2338.16,-331.85,79.76,19.84,155.88,-33.18,O:SPY260630C00746000,O:SPY260630P00733000,True,09:30
SPY,2026-06-30,Mar,combined,40,10:57,10:30-12:00,298,PUT,-43.01,-4.76,-81.25,0.1,0.42,True,797.62,297.62,2095.24,-430.06,79.76,19.84,139.68,-43.01,O:SPY260630C00746000,O:SPY260630P00733000,True,09:30
SPY,2026-06-30,Mar,leg,20,09:30,09:30-10:30,385,PUT,-19.94,-2.38,-37.5,0.31,0.42,True,797.62,297.62,2095.24,1110.12,79.76,19.84,139.68,111.01,O:SPY260630C00746000,O:SPY260630P00733000,True,09:30
SPY,2026-06-30,Mar,leg,30,09:30,09:30-10:30,385,PUT,-19.94,-2.38,-37.5,0.31,0.42,True,797.62,297.62,2095.24,1110.12,79.76,19.84,139.68,111.01,O:SPY260630C00746000,O:SPY260630P00733000,True,09:30
SPY,2026-06-30,Mar,leg,40,09:31,09:30-10:30,384,PUT,-20.39,7.14,-47.92,0.26,0.46,True,797.62,297.62,1938.92,1058.04,79.76,19.84,129.26,105.8,O:SPY260630C00746000,O:SPY260630P00733000,True,09:30
SPY,2026-06-30,Mar,leg,50,09:35,09:30-10:30,380,PUT,-17.71,16.67,-52.08,0.24,0.5,True,797.62,297.62,1807.62,1037.2,79.76,19.84,120.51,103.72,O:SPY260630C00746000,O:SPY260630P00733000,True,09:30
SPY,2026-06-30,Mar,leg,60,09:42,09:30-10:30,373,PUT,-32.59,-4.76,-60.42,0.2,0.41,True,797.62,297.62,2139.08,995.54,79.76,19.84,142.61,99.55,O:SPY260630C00746000,O:SPY260630P00733000,True,09:30
IWM,2026-06-30,Mar,combined,20,09:54,09:30-10:30,361,PUT,-22.46,-16.67,-28.26,0.34,0.41,True,-437.5,-937.5,-278.96,-224.64,-43.75,-62.5,-18.6,-22.46,O:IWM260630C00300000,O:IWM260630P00296000,True,09:30
IWM,2026-06-30,Mar,combined,30,10:38,10:30-12:00,317,PUT,-41.17,-6.25,-76.09,0.12,0.46,True,-437.5,-937.5,-350.54,-411.68,-43.75,-62.5,-23.37,-41.17,O:IWM260630C00300000,O:IWM260630P00296000,True,09:30
IWM,2026-06-30,Mar,combined,40,10:38,10:30-12:00,317,PUT,-41.17,-6.25,-76.09,0.12,0.46,True,-437.5,-937.5,-350.54,-411.68,-43.75,-62.5,-23.37,-41.17,O:IWM260630C00300000,O:IWM260630P00296000,True,09:30
IWM,2026-06-30,Mar,combined,50,10:48,10:30-12:00,307,PUT,-51.45,-33.33,-69.57,0.15,0.33,True,-437.5,-937.5,-119.32,-514.49,-43.75,-62.5,-7.95,-51.45,O:IWM260630C00300000,O:IWM260630P00296000,True,09:30
IWM,2026-06-30,Mar,combined,60,11:40,10:30-12:00,255,PUT,-60.1,-35.42,-84.78,0.08,0.32,True,-437.5,-937.5,-93.75,-601.0,-43.75,-62.5,-6.25,-60.1,O:IWM260630C00300000,O:IWM260630P00296000,True,09:30
IWM,2026-06-30,Mar,leg,20,09:34,09:30-10:30,381,CALL,5.89,-20.83,32.61,0.4,0.62,True,-437.5,-262.5,-937.5,-604.17,-43.75,-17.5,-62.5,-60.42,O:IWM260630C00300000,O:IWM260630P00296000,True,09:30
IWM,2026-06-30,Mar,leg,30,09:36,09:30-10:30,379,CALL,-0.36,-33.33,32.61,0.33,0.62,True,-437.5,-119.32,-937.5,-666.67,-43.75,-7.95,-62.5,-66.67,O:IWM260630C00300000,O:IWM260630P00296000,True,09:30
IWM,2026-06-30,Mar,leg,40,09:52,09:30-10:30,363,PUT,-10.28,22.92,-43.48,0.27,0.6,True,-437.5,-937.5,-487.5,-154.89,-43.75,-62.5,-32.5,-15.49,O:IWM260630C00300000,O:IWM260630P00296000,True,09:30
IWM,2026-06-30,Mar,leg,50,10:01,09:30-10:30,354,PUT,-18.75,12.5,-50.0,0.24,0.55,True,-437.5,-937.5,-446.59,-187.5,-43.75,-62.5,-29.77,-18.75,O:IWM260630C00300000,O:IWM260630P00296000,True,09:30
IWM,2026-06-30,Mar,leg,60,10:10,09:30-10:30,345,PUT,-12.73,35.42,-60.87,0.19,0.67,True,-437.5,-937.5,-534.51,-241.85,-43.75,-62.5,-35.63,-24.18,O:IWM260630C00300000,O:IWM260630P00296000,True,09:30
QQQ,2026-07-01,Mié,combined,20,09:41,09:30-10:30,360,CALL,-22.86,-54.35,8.62,0.22,0.65,True,-1000.0,-1500.0,-1500.0,-228.64,-100.0,-100.0,-100.0,-22.86,O:QQQ260701C00738000,O:QQQ260701P00717000,True,09:30
QQQ,2026-07-01,Mié,combined,30,09:46,09:30-10:30,355,CALL,-35.79,-54.35,-17.24,0.22,0.49,True,-1000.0,-1500.0,-1500.0,-357.95,-100.0,-100.0,-100.0,-35.79,O:QQQ260701C00738000,O:QQQ260701P00717000,True,09:30
QQQ,2026-07-01,Mié,combined,40,09:48,09:30-10:30,353,CALL,-42.28,-58.7,-25.86,0.2,0.44,True,-1000.0,-1500.0,-1500.0,-422.79,-100.0,-100.0,-100.0,-42.28,O:QQQ260701C00738000,O:QQQ260701P00717000,True,09:30
QQQ,2026-07-01,Mié,combined,50,09:52,09:30-10:30,349,CALL,-53.49,-58.7,-48.28,0.2,0.31,True,-1000.0,-1500.0,-1500.0,-534.86,-100.0,-100.0,-100.0,-53.49,O:QQQ260701C00738000,O:QQQ260701P00717000,True,09:30
QQQ,2026-07-01,Mié,combined,60,09:58,09:30-10:30,343,CALL,-60.19,-65.22,-55.17,0.17,0.27,True,-1000.0,-1500.0,-1500.0,-601.95,-100.0,-100.0,-100.0,-60.19,O:QQQ260701C00738000,O:QQQ260701P00717000,True,09:30
QQQ,2026-07-01,Mié,leg,20,09:33,09:30-10:30,368,CALL,21.18,-36.96,79.31,0.3,1.06,True,-1000.0,-1500.0,-1500.0,-684.78,-100.0,-100.0,-100.0,-68.48,O:QQQ260701C00738000,O:QQQ260701P00717000,True,09:30
QQQ,2026-07-01,Mié,leg,30,09:33,09:30-10:30,368,CALL,21.18,-36.96,79.31,0.3,1.06,True,-1000.0,-1500.0,-1500.0,-684.78,-100.0,-100.0,-100.0,-68.48,O:QQQ260701C00738000,O:QQQ260701P00717000,True,09:30
QQQ,2026-07-01,Mié,leg,40,09:34,09:30-10:30,367,CALL,16.42,-41.3,74.14,0.29,1.03,True,-1000.0,-1500.0,-1500.0,-706.52,-100.0,-100.0,-100.0,-70.65,O:QQQ260701C00738000,O:QQQ260701P00717000,True,09:30
QQQ,2026-07-01,Mié,leg,50,09:35,09:30-10:30,366,CALL,8.17,-54.35,70.69,0.22,1.01,True,-1000.0,-1500.0,-1500.0,-771.74,-100.0,-100.0,-100.0,-77.17,O:QQQ260701C00738000,O:QQQ260701P00717000,True,09:30
QQQ,2026-07-01,Mié,leg,60,09:43,09:30-10:30,358,CALL,-22.68,-60.87,15.52,0.19,0.68,True,-1000.0,-1500.0,-1500.0,-804.35,-100.0,-100.0,-100.0,-80.43,O:QQQ260701C00738000,O:QQQ260701P00717000,True,09:30
SPY,2026-07-01,Mié,combined,20,09:46,09:30-10:30,355,CALL,-22.06,-44.12,0.0,0.2,0.5,True,-975.09,-1450.09,-1465.09,-220.59,-97.51,-96.67,-97.67,-22.06,O:SPY260701C00749000,O:SPY260701P00739000,True,09:30
SPY,2026-07-01,Mié,combined,30,09:50,09:30-10:30,351,CALL,-35.32,-44.12,-26.53,0.2,0.37,True,-975.09,-1450.09,-1461.58,-353.24,-97.51,-96.67,-97.44,-35.32,O:SPY260701C00749000,O:SPY260701P00739000,True,09:30
SPY,2026-07-01,Mié,combined,40,09:51,09:30-10:30,350,CALL,-40.43,-44.12,-36.73,0.2,0.32,True,-975.09,-1450.09,-1459.47,-404.26,-97.51,-96.67,-97.3,-40.43,O:SPY260701C00749000,O:SPY260701P00739000,True,09:30
SPY,2026-07-01,Mié,combined,50,09:59,09:30-10:30,342,PUT,-50.3,-35.29,-65.31,0.2,0.23,True,-975.09,-1450.09,-1453.35,-503.0,-97.51,-96.67,-96.89,-50.3,O:SPY260701C00749000,O:SPY260701P00739000,True,09:30
SPY,2026-07-01,Mié,combined,60,13:42,13:30-15:55,119,PUT,-61.19,-26.47,-95.92,0.03,0.26,True,-975.09,-1308.42,-1455.86,-611.94,-97.51,-87.23,-97.06,-61.19,O:SPY260701C00749000,O:SPY260701P00739000,True,09:30
SPY,2026-07-01,Mié,leg,20,09:33,09:30-10:30,368,CALL,15.46,-32.35,63.27,0.24,0.81,True,-975.09,-1454.26,-1468.92,-651.56,-97.51,-96.95,-97.93,-65.16,O:SPY260701C00749000,O:SPY260701P00739000,True,09:30
SPY,2026-07-01,Mié,leg,30,09:33,09:30-10:30,368,CALL,15.46,-32.35,63.27,0.24,0.81,True,-975.09,-1454.26,-1468.92,-651.56,-97.51,-96.95,-97.93,-65.16,O:SPY260701C00749000,O:SPY260701P00739000,True,09:30
SPY,2026-07-01,Mié,leg,40,09:35,09:30-10:30,366,CALL,15.7,-44.12,75.51,0.2,0.87,True,-975.09,-1450.09,-1469.34,-710.38,-97.51,-96.67,-97.96,-71.04,O:SPY260701C00749000,O:SPY260701P00739000,True,09:30
SPY,2026-07-01,Mié,leg,50,09:44,09:30-10:30,357,CALL,-15.82,-50.0,18.37,0.18,0.59,True,-975.09,-1447.31,-1466.62,-739.8,-97.51,-96.49,-97.77,-73.98,O:SPY260701C00749000,O:SPY260701P00739000,True,09:30
SPY,2026-07-01,Mié,leg,60,09:59,09:30-10:30,342,PUT,-50.3,-35.29,-65.31,0.2,0.23,True,-975.09,-1450.09,-1453.35,-811.82,-97.51,-96.67,-96.89,-81.18,O:SPY260701C00749000,O:SPY260701P00739000,True,09:30
IWM,2026-07-01,Mié,combined,20,09:48,09:30-10:30,353,CALL,-20.39,-53.06,12.28,0.24,0.65,True,-991.23,-1491.23,-1483.54,-203.9,-99.12,-99.42,-98.9,-20.39,O:IWM260701C00302000,O:IWM260701P00299000,True,09:30
IWM,2026-07-01,Mié,combined,30,09:55,09:30-10:30,346,CALL,-31.67,-38.78,-24.56,0.31,0.44,True,-991.23,-1491.23,-1479.86,-316.68,-99.12,-99.42,-98.66,-31.67,O:IWM260701C00302000,O:IWM260701P00299000,True,09:30
IWM,2026-07-01,Mié,combined,40,10:30,10:30-12:00,311,PUT,-42.52,-18.37,-66.67,0.2,0.41,True,-991.23,-1466.23,-1491.23,-425.17,-99.12,-97.75,-99.42,-42.52,O:IWM260701C00302000,O:IWM260701P00299000,True,09:30
IWM,2026-07-01,Mié,combined,50,10:41,10:30-12:00,300,PUT,-50.68,-34.69,-66.67,0.2,0.33,True,-991.23,-1466.23,-1491.23,-506.8,-99.12,-97.75,-99.42,-50.68,O:IWM260701C00302000,O:IWM260701P00299000,True,09:30
IWM,2026-07-01,Mié,combined,60,12:49,12:00-13:30,172,PUT,-62.67,-30.61,-94.74,0.04,0.35,True,-991.23,-1366.23,-1491.23,-626.75,-99.12,-91.08,-99.42,-62.67,O:IWM260701C00302000,O:IWM260701P00299000,True,09:30
IWM,2026-07-01,Mié,leg,20,09:33,09:30-10:30,368,CALL,13.07,-38.78,64.91,0.31,0.96,True,-991.23,-1491.23,-1486.02,-685.11,-99.12,-99.42,-99.07,-68.51,O:IWM260701C00302000,O:IWM260701P00299000,True,09:30
IWM,2026-07-01,Mié,leg,30,09:33,09:30-10:30,368,CALL,13.07,-38.78,64.91,0.31,0.96,True,-991.23,-1491.23,-1486.02,-685.11,-99.12,-99.42,-99.07,-68.51,O:IWM260701C00302000,O:IWM260701P00299000,True,09:30
IWM,2026-07-01,Mié,leg,40,09:34,09:30-10:30,367,CALL,12.05,-40.82,64.91,0.3,0.96,True,-991.23,-1491.23,-1486.02,-695.31,-99.12,-99.42,-99.07,-69.53,O:IWM260701C00302000,O:IWM260701P00299000,True,09:30
IWM,2026-07-01,Mié,leg,50,09:35,09:30-10:30,366,CALL,12.8,-55.1,80.7,0.23,1.04,True,-991.23,-1491.23,-1486.42,-766.74,-99.12,-99.42,-99.09,-76.67,O:IWM260701C00302000,O:IWM260701P00299000,True,09:30
IWM,2026-07-01,Mié,leg,60,09:39,09:30-10:30,362,CALL,11.35,-63.27,85.96,0.19,1.07,True,-991.23,-1491.23,-1486.56,-807.55,-99.12,-99.42,-99.1,-80.76,O:IWM260701C00302000,O:IWM260701P00299000,True,09:30
QQQ,2026-07-02,Jue,combined,20,09:35,09:30-10:30,202,PUT,-20.89,4.76,-46.55,0.32,0.45,True,2775.86,9119.61,2275.86,-208.95,277.59,607.97,151.72,-20.89,O:QQQ260702C00734000,O:QQQ260702P00714000,True,09:30
QQQ,2026-07-02,Jue,combined,30,09:46,09:30-10:30,191,PUT,-33.25,-28.57,-37.93,0.37,0.32,True,2775.86,8194.78,2275.86,-332.51,277.59,546.32,151.72,-33.25,O:QQQ260702C00734000,O:QQQ260702P00714000,True,09:30
QQQ,2026-07-02,Jue,combined,40,10:08,09:30-10:30,169,PUT,-40.76,-14.29,-67.24,0.2,0.38,True,2775.86,13225.86,2275.86,-407.64,277.59,881.72,151.72,-40.76,O:QQQ260702C00734000,O:QQQ260702P00714000,True,09:30
QQQ,2026-07-02,Jue,combined,50,10:22,09:30-10:30,155,CALL,-52.05,-52.38,-51.72,0.21,0.29,True,2775.86,2275.86,9827.59,-520.53,277.59,151.72,655.17,-52.05,O:QQQ260702C00734000,O:QQQ260702P00714000,True,09:30
QQQ,2026-07-02,Jue,leg,20,09:33,09:30-10:30,204,PUT,-19.62,-4.76,-34.48,0.39,0.41,True,2775.86,7891.25,2275.86,-672.41,277.59,526.08,151.72,-67.24,O:QQQ260702C00734000,O:QQQ260702P00714000,True,09:30
QQQ,2026-07-02,Jue,leg,30,09:33,09:30-10:30,204,PUT,-19.62,-4.76,-34.48,0.39,0.41,True,2775.86,7891.25,2275.86,-672.41,277.59,526.08,151.72,-67.24,O:QQQ260702C00734000,O:QQQ260702P00714000,True,09:30
QQQ,2026-07-02,Jue,leg,40,09:34,09:30-10:30,203,PUT,-19.7,7.14,-46.55,0.32,0.46,True,2775.86,9119.61,2275.86,-732.76,277.59,607.97,151.72,-73.28,O:QQQ260702C00734000,O:QQQ260702P00714000,True,09:30
QQQ,2026-07-02,Jue,leg,50,09:36,09:30-10:30,201,PUT,-21.1,9.52,-51.72,0.29,0.47,True,2775.86,9827.59,2275.86,-758.62,277.59,655.17,151.72,-75.86,O:QQQ260702C00734000,O:QQQ260702P00714000,True,09:30
QQQ,2026-07-02,Jue,leg,60,09:50,09:30-10:30,187,PUT,-26.27,9.52,-62.07,0.23,0.47,True,2775.86,11797.6,2275.86,-810.34,277.59,786.51,151.72,-81.03,O:QQQ260702C00734000,O:QQQ260702P00714000,True,09:30
SPY,2026-07-02,Jue,combined,20,10:51,10:30-12:00,126,CALL,-21.04,-38.0,-4.08,0.32,0.48,True,897.55,428.8,2314.22,-210.41,89.76,28.59,154.28,-21.04,O:SPY260702C00751000,O:SPY260702P00743000,True,09:30
SPY,2026-07-02,Jue,combined,30,11:00,10:30-12:00,117,CALL,-31.22,-40.0,-22.45,0.31,0.39,True,897.55,429.81,2756.53,-312.24,89.76,28.65,183.77,-31.22,O:SPY260702C00751000,O:SPY260702P00743000,True,09:30
SPY,2026-07-02,Jue,combined,40,11:36,10:30-12:00,81,CALL,-43.12,-74.0,-12.24,0.14,0.44,True,897.55,468.98,2488.46,-431.22,89.76,31.27,165.9,-43.12,O:SPY260702C00751000,O:SPY260702P00743000,True,09:30
SPY,2026-07-02,Jue,leg,20,09:33,09:30-10:30,204,PUT,-0.27,26.0,-26.53,0.37,0.64,True,897.55,2884.04,413.18,-612.65,89.76,192.27,27.55,-61.27,O:SPY260702C00751000,O:SPY260702P00743000,True,09:30
SPY,2026-07-02,Jue,leg,30,09:35,09:30-10:30,202,PUT,-6.31,18.0,-30.61,0.35,0.6,True,897.55,3026.12,414.22,-633.06,89.76,201.74,27.61,-63.31,O:SPY260702C00751000,O:SPY260702P00743000,True,09:30
SPY,2026-07-02,Jue,leg,40,09:41,09:30-10:30,196,PUT,6.57,56.0,-42.86,0.29,0.79,True,897.55,3569.96,410.21,-694.29,89.76,238.0,27.35,-69.43,O:SPY260702C00751000,O:SPY260702P00743000,True,09:30
SPY,2026-07-02,Jue,leg,50,09:43,09:30-10:30,194,PUT,27.45,110.0,-55.1,0.23,1.06,True,897.55,4397.55,406.98,-755.51,89.76,293.17,27.13,-75.55,O:SPY260702C00751000,O:SPY260702P00743000,True,09:30
SPY,2026-07-02,Jue,leg,60,09:48,09:30-10:30,189,PUT,37.37,138.0,-63.27,0.19,1.2,True,897.55,5239.66,405.88,-796.33,89.76,349.31,27.06,-79.63,O:SPY260702C00751000,O:SPY260702P00743000,True,09:30
IWM,2026-07-02,Jue,combined,20,10:00,09:30-10:30,177,PUT,-27.96,-3.85,-52.08,0.24,0.51,True,1738.78,6697.12,1248.59,-279.65,173.88,446.47,83.24,-27.96,O:IWM260702C00302000,O:IWM260702P00299000,True,09:30
IWM,2026-07-02,Jue,combined,30,10:01,09:30-10:30,176,PUT,-32.77,-13.46,-52.08,0.24,0.46,True,1738.78,6697.12,1249.65,-327.72,173.88,446.47,83.31,-32.77,O:IWM260702C00302000,O:IWM260702P00299000,True,09:30
IWM,2026-07-02,Jue,combined,40,10:19,09:30-10:30,158,PUT,-42.15,-38.46,-45.83,0.27,0.33,True,1738.78,6090.63,1253.93,-421.47,173.88,406.04,83.6,-42.15,O:IWM260702C00302000,O:IWM260702P00299000,True,09:30
IWM,2026-07-02,Jue,leg,20,09:31,09:30-10:30,206,PUT,-16.51,-3.85,-29.17,0.36,0.52,True,1738.78,4877.67,1248.4,-636.22,173.88,325.18,83.23,-63.62,O:IWM260702C00302000,O:IWM260702P00299000,True,09:30
IWM,2026-07-02,Jue,leg,30,09:37,09:30-10:30,200,CALL,-15.22,-34.62,4.17,0.35,0.52,True,1738.78,1253.07,3758.01,2056.09,173.88,83.54,250.53,205.61,O:IWM260702C00302000,O:IWM260702P00299000,True,09:30
IWM,2026-07-02,Jue,leg,40,09:43,09:30-10:30,194,PUT,-6.73,36.54,-50.0,0.25,0.72,True,1738.78,6478.78,1245.73,-740.38,173.88,431.92,83.05,-74.04,O:IWM260702C00302000,O:IWM260702P00299000,True,09:30
IWM,2026-07-02,Jue,leg,50,09:43,09:30-10:30,194,PUT,-6.73,36.54,-50.0,0.25,0.72,True,1738.78,6478.78,1245.73,-740.38,173.88,431.92,83.05,-74.04,O:IWM260702C00302000,O:IWM260702P00299000,True,09:30
IWM,2026-07-02,Jue,leg,60,09:50,09:30-10:30,187,PUT,-6.17,48.08,-60.42,0.2,0.79,True,1738.78,7788.78,1245.11,-792.47,173.88,519.25,83.01,-79.25,O:IWM260702C00302000,O:IWM260702P00299000,True,09:30
